{"t":"2026-09-26T07:38:57.563Z","type":"debug","text":"JSHandle@symbol JSHandle@symbol \"Loading root component - See https://remotion.dev/docs/troubleshooting/loading-root-component if you experience a timeout\" handle was cleared after 1ms"}
{"t":"2026-09-26T07:38:57.571Z","type":"debug","text":"JSHandle@symbol JSHandle@symbol \"Loading root component - See https://remotion.dev/docs/troubleshooting/loading-root-component if you experience a timeout\" handle was cleared after 0ms"}
{"t":"2026-09-26T07:38:57.579Z","type":"debug","text":"JSHandle@symbol JSHandle@symbol \"Waiting for root component to load - See https://remotion.dev/docs/troubleshooting/loading-root-component if you experience a timeout\" handle was cleared after 2ms"}
{"t":"2026-09-26T07:38:57.579Z","type":"debug","text":"JSHandle@symbol JSHandle@symbol \"Waiting for root component to load - See https://remotion.dev/docs/troubleshooting/loading-root-component if you experience a timeout\" handle was cleared after 2ms"}
{"t":"2026-09-26T07:38:57.611Z","type":"debug","text":"JSHandle@symbol JSHandle@symbol \"Waiting for Composition \"UNFOLDIQVideo\"\" handle was cleared after 25ms"}
{"t":"2026-09-26T07:38:57.613Z","type":"debug","text":"JSHandle@symbol JSHandle@symbol \"Waiting for Composition \"UNFOLDIQVideo\"\" handle was cleared after 26ms"}
{"t":"2026-09-26T07:38:57.616Z","type":"debug","text":"JSHandle@symbol JSHandle@symbol \"Setting the current frame to 1\" handle was cleared after 0ms"}
{"t":"2026-09-26T07:38:57.617Z","type":"debug","text":"JSHandle@symbol JSHandle@symbol \"Setting the current frame to 0\" handle was cleared after 0ms"}
{"t":"2026-09-26T07:38:57.711Z","type":"debug","text":"JSHandle@symbol JSHandle@symbol \"Setting the current frame to 2\" handle was cleared after 2ms"}
{"t":"2026-09-26T07:38:57.712Z","type":"debug","text":"JSHandle@symbol JSHandle@symbol \"Setting the current frame to 3\" handle was cleared after 3ms"}
{"t":"2026-09-26T07:38:57.772Z","type":"debug","text":"JSHandle@symbol JSHandle@symbol \"Setting the current frame to 4\" handle was cleared after 9ms"}
{"t":"2026-09-26T07:38:57.775Z","type":"debug","text":"JSHandle@symbol JSHandle@symbol \"Setting the current frame to 5\" handle was cleared after 2ms"}
{"t":"2026-09-26T07:38:57.836Z","type":"debug","text":"JSHandle@symbol JSHandle@symbol \"Setting the current frame to 6\" handle was cleared after 13ms"}
{"t":"2026-09-26T07:38:57.839Z","type":"debug","text":"JSHandle@symbol JSHandle@symbol \"Setting the current frame to 7\" handle was cleared after 2ms"}
{"t":"2026-09-26T07:38:57.903Z","type":"debug","text":"JSHandle@symbol JSHandle@symbol \"Setting the current frame to 8\" handle was cleared after 10ms"}
{"t":"2026-09-26T07:38:57.908Z","type":"debug","text":"JSHandle@symbol JSHandle@symbol \"Setting the current frame to 9\" handle was cleared after 1ms"}
{"t":"2026-09-26T07:38:57.971Z","type":"debug","text":"JSHandle@symbol JSHandle@symbol \"Setting the current frame to 10\" handle was cleared after 8ms"}
{"t":"2026-09-26T07:38:57.975Z","type":"debug","text":"JSHandle@symbol JSHandle@symbol \"Setting the current frame to 11\" handle was cleared after 1ms"}
{"t":"2026-09-26T07:38:58.037Z","type":"debug","text":"JSHandle@symbol JSHandle@symbol \"Setting the current frame to 12\" handle was cleared after 10ms"}
{"t":"2026-09-26T07:38:58.041Z","type":"debug","text":"JSHandle@symbol JSHandle@symbol \"Setting the current frame to 13\" handle was cleared after 2ms"}
{"t":"2026-09-26T07:38:58.103Z","type":"debug","text":"JSHandle@symbol JSHandle@symbol \"Setting the current frame to 14\" handle was cleared after 9ms"}
{"t":"2026-09-26T07:38:58.106Z","type":"debug","text":"JSHandle@symbol JSHandle@symbol \"Setting the current frame to 15\" handle was cleared after 1ms"}
{"t":"2026-09-26T07:38:58.169Z","type":"debug","text":"JSHandle@symbol JSHandle@symbol \"Setting the current frame to 16\" handle was cleared after 10ms"}
{"t":"2026-09-26T07:38:58.173Z","type":"debug","text":"JSHandle@symbol JSHandle@symbol \"Setting the current frame to 17\" handle was cleared after 1ms"}
{"t":"2026-09-26T07:38:58.236Z","type":"debug","text":"JSHandle@symbol JSHandle@symbol \"Setting the current frame to 18\" handle was cleared after 9ms"}
{"t":"2026-09-26T07:38:58.244Z","type":"debug","text":"JSHandle@symbol JSHandle@symbol \"Setting the current frame to 19\" handle was cleared after 1ms"}
{"t":"2026-09-26T07:38:58.305Z","type":"debug","text":"JSHandle@symbol JSHandle@symbol \"Setting the current frame to 20\" handle was cleared after 9ms"}
{"t":"2026-09-26T07:38:58.311Z","type":"debug","text":"JSHandle@symbol JSHandle@symbol \"Setting the current frame to 21\" handle was cleared after 4ms"}
{"t":"2026-09-26T07:38:58.369Z","type":"debug","text":"JSHandle@symbol JSHandle@symbol \"Setting the current frame to 22\" handle was cleared after 10ms"}
{"t":"2026-09-26T07:38:58.378Z","type":"debug","text":"JSHandle@symbol JSHandle@symbol \"Setting the current frame to 23\" handle was cleared after 7ms"}
{"t":"2026-09-26T07:38:58.436Z","type":"debug","text":"JSHandle@symbol JSHandle@symbol \"Setting the current frame to 24\" handle was cleared after 11ms"}
{"t":"2026-09-26T07:38:58.444Z","type":"debug","text":"JSHandle@symbol JSHandle@symbol \"Setting the current frame to 25\" handle was cleared after 7ms"}
{"t":"2026-09-26T07:38:58.502Z","type":"debug","text":"JSHandle@symbol JSHandle@symbol \"Setting the current frame to 26\" handle was cleared after 11ms"}
{"t":"2026-09-26T07:38:58.511Z","type":"debug","text":"JSHandle@symbol JSHandle@symbol \"Setting the current frame to 27\" handle was cleared after 6ms"}
{"t":"2026-09-26T07:38:58.561Z","type":"debug","text":"JSHandle@symbol JSHandle@symbol \"Setting the current frame to 28\" handle was cleared after 7ms"}
{"t":"2026-09-26T07:38:58.578Z","type":"debug","text":"JSHandle@symbol JSHandle@symbol \"Setting the current frame to 29\" handle was cleared after 0ms"}
{"t":"2026-09-26T07:38:58.638Z","type":"debug","text":"JSHandle@symbol JSHandle@symbol \"Setting the current frame to 30\" handle was cleared after 10ms"}
{"t":"2026-09-26T07:38:58.641Z","type":"debug","text":"JSHandle@symbol JSHandle@symbol \"Setting the current frame to 31\" handle was cleared after 1ms"}
{"t":"2026-09-26T07:38:58.705Z","type":"debug","text":"JSHandle@symbol JSHandle@symbol \"Setting the current frame to 32\" handle was cleared after 9ms"}
{"t":"2026-09-26T07:38:58.709Z","type":"debug","text":"JSHandle@symbol JSHandle@symbol \"Setting the current frame to 33\" handle was cleared after 1ms"}
{"t":"2026-09-26T07:38:58.770Z","type":"debug","text":"JSHandle@symbol JSHandle@symbol \"Setting the current frame to 34\" handle was cleared after 11ms"}
{"t":"2026-09-26T07:38:58.774Z","type":"debug","text":"JSHandle@symbol JSHandle@symbol \"Setting the current frame to 35\" handle was cleared after 0ms"}
{"t":"2026-09-26T07:38:58.840Z","type":"debug","text":"JSHandle@symbol JSHandle@symbol \"Setting the current frame to 36\" handle was cleared after 8ms"}
{"t":"2026-09-26T07:38:58.842Z","type":"debug","text":"JSHandle@symbol JSHandle@symbol \"Setting the current frame to 37\" handle was cleared after 1ms"}
{"t":"2026-09-26T07:38:58.905Z","type":"debug","text":"JSHandle@symbol JSHandle@symbol \"Setting the current frame to 38\" handle was cleared after 9ms"}
{"t":"2026-09-26T07:38:58.909Z","type":"debug","text":"JSHandle@symbol JSHandle@symbol \"Setting the current frame to 39\" handle was cleared after 1ms"}
{"t":"2026-09-26T07:38:58.973Z","type":"debug","text":"JSHandle@symbol JSHandle@symbol \"Setting the current frame to 40\" handle was cleared after 7ms"}
{"t":"2026-09-26T07:38:58.977Z","type":"debug","text":"JSHandle@symbol JSHandle@symbol \"Setting the current frame to 41\" handle was cleared after 1ms"}
{"t":"2026-09-26T07:38:59.028Z","type":"debug","text":"JSHandle@symbol JSHandle@symbol \"Setting the current frame to 42\" handle was cleared after 8ms"}
{"t":"2026-09-26T07:38:59.045Z","type":"debug","text":"JSHandle@symbol JSHandle@symbol \"Setting the current frame to 43\" handle was cleared after 2ms"}
{"t":"2026-09-26T07:38:59.104Z","type":"debug","text":"JSHandle@symbol JSHandle@symbol \"Setting the current frame to 44\" handle was cleared after 10ms"}
{"t":"2026-09-26T07:38:59.111Z","type":"debug","text":"JSHandle@symbol JSHandle@symbol \"Setting the current frame to 45\" handle was cleared after 5ms"}
{"t":"2026-09-26T07:38:59.173Z","type":"debug","text":"JSHandle@symbol JSHandle@symbol \"Setting the current frame to 46\" handle was cleared after 9ms"}
{"t":"2026-09-26T07:38:59.175Z","type":"debug","text":"JSHandle@symbol JSHandle@symbol \"Setting the current frame to 47\" handle was cleared after 1ms"}
{"t":"2026-09-26T07:38:59.228Z","type":"debug","text":"JSHandle@symbol JSHandle@symbol \"Setting the current frame to 48\" handle was cleared after 8ms"}
{"t":"2026-09-26T07:38:59.242Z","type":"debug","text":"JSHandle@symbol JSHandle@symbol \"Setting the current frame to 49\" handle was cleared after 1ms"}
{"t":"2026-09-26T07:38:59.306Z","type":"debug","text":"JSHandle@symbol JSHandle@symbol \"Setting the current frame to 50\" handle was cleared after 9ms"}
{"t":"2026-09-26T07:38:59.313Z","type":"debug","text":"JSHandle@symbol JSHandle@symbol \"Setting the current frame to 51\" handle was cleared after 1ms"}
{"t":"2026-09-26T07:38:59.372Z","type":"debug","text":"JSHandle@symbol JSHandle@symbol \"Setting the current frame to 52\" handle was cleared after 10ms"}
{"t":"2026-09-26T07:38:59.377Z","type":"debug","text":"JSHandle@symbol JSHandle@symbol \"Setting the current frame to 53\" handle was cleared after 3ms"}
{"t":"2026-09-26T07:38:59.439Z","type":"debug","text":"JSHandle@symbol JSHandle@symbol \"Setting the current frame to 54\" handle was cleared after 9ms"}
{"t":"2026-09-26T07:38:59.444Z","type":"debug","text":"JSHandle@symbol JSHandle@symbol \"Setting the current frame to 55\" handle was cleared after 4ms"}
{"t":"2026-09-26T07:38:59.495Z","type":"debug","text":"JSHandle@symbol JSHandle@symbol \"Setting the current frame to 56\" handle was cleared after 8ms"}
{"t":"2026-09-26T07:38:59.520Z","type":"debug","text":"JSHandle@symbol JSHandle@symbol \"Setting the current frame to 57\" handle was cleared after 2ms"}
{"t":"2026-09-26T07:38:59.562Z","type":"debug","text":"JSHandle@symbol JSHandle@symbol \"Setting the current frame to 58\" handle was cleared after 5ms"}
{"t":"2026-09-26T07:38:59.582Z","type":"debug","text":"JSHandle@symbol JSHandle@symbol \"Setting the current frame to 59\" handle was cleared after 1ms"}
{"t":"2026-09-26T07:38:59.627Z","type":"debug","text":"JSHandle@symbol JSHandle@symbol \"Setting the current frame to 60\" handle was cleared after 9ms"}
{"t":"2026-09-26T07:38:59.652Z","type":"debug","text":"JSHandle@symbol JSHandle@symbol \"Setting the current frame to 61\" handle was cleared after 0ms"}
{"t":"2026-09-26T07:38:59.694Z","type":"debug","text":"JSHandle@symbol JSHandle@symbol \"Setting the current frame to 62\" handle was cleared after 9ms"}
{"t":"2026-09-26T07:38:59.718Z","type":"debug","text":"JSHandle@symbol JSHandle@symbol \"Setting the current frame to 63\" handle was cleared after 0ms"}
{"t":"2026-09-26T07:38:59.761Z","type":"debug","text":"JSHandle@symbol JSHandle@symbol \"Setting the current frame to 64\" handle was cleared after 10ms"}
{"t":"2026-09-26T07:38:59.785Z","type":"debug","text":"JSHandle@symbol JSHandle@symbol \"Setting the current frame to 65\" handle was cleared after 1ms"}
{"t":"2026-09-26T07:38:59.828Z","type":"debug","text":"JSHandle@symbol JSHandle@symbol \"Setting the current frame to 66\" handle was cleared after 10ms"}
{"t":"2026-09-26T07:38:59.852Z","type":"debug","text":"JSHandle@symbol JSHandle@symbol \"Setting the current frame to 67\" handle was cleared after 1ms"}
{"t":"2026-09-26T07:38:59.894Z","type":"debug","text":"JSHandle@symbol JSHandle@symbol \"Setting the current frame to 68\" handle was cleared after 9ms"}
{"t":"2026-09-26T07:38:59.917Z","type":"debug","text":"JSHandle@symbol JSHandle@symbol \"Setting the current frame to 69\" handle was cleared after 1ms"}
{"t":"2026-09-26T07:38:59.961Z","type":"debug","text":"JSHandle@symbol JSHandle@symbol \"Setting the current frame to 70\" handle was cleared after 8ms"}
{"t":"2026-09-26T07:38:59.985Z","type":"debug","text":"JSHandle@symbol JSHandle@symbol \"Setting the current frame to 71\" handle was cleared after 0ms"}
{"t":"2026-09-26T07:39:00.028Z","type":"debug","text":"JSHandle@symbol JSHandle@symbol \"Setting the current frame to 72\" handle was cleared after 8ms"}
{"t":"2026-09-26T07:39:00.051Z","type":"debug","text":"JSHandle@symbol JSHandle@symbol \"Setting the current frame to 73\" handle was cleared after 1ms"}
{"t":"2026-09-26T07:39:00.094Z","type":"debug","text":"JSHandle@symbol JSHandle@symbol \"Setting the current frame to 74\" handle was cleared after 10ms"}
{"t":"2026-09-26T07:39:00.118Z","type":"debug","text":"JSHandle@symbol JSHandle@symbol \"Setting the current frame to 75\" handle was cleared after 0ms"}
{"t":"2026-09-26T07:39:00.161Z","type":"debug","text":"JSHandle@symbol JSHandle@symbol \"Setting the current frame to 76\" handle was cleared after 8ms"}
{"t":"2026-09-26T07:39:00.184Z","type":"debug","text":"JSHandle@symbol JSHandle@symbol \"Setting the current frame to 77\" handle was cleared after 1ms"}
{"t":"2026-09-26T07:39:00.228Z","type":"debug","text":"JSHandle@symbol JSHandle@symbol \"Setting the current frame to 78\" handle was cleared after 8ms"}
{"t":"2026-09-26T07:39:00.251Z","type":"debug","text":"JSHandle@symbol JSHandle@symbol \"Setting the current frame to 79\" handle was cleared after 1ms"}
{"t":"2026-09-26T07:39:00.294Z","type":"debug","text":"JSHandle@symbol JSHandle@symbol \"Setting the current frame to 80\" handle was cleared after 9ms"}
{"t":"2026-09-26T07:39:00.318Z","type":"debug","text":"JSHandle@symbol JSHandle@symbol \"Setting the current frame to 81\" handle was cleared after 1ms"}
{"t":"2026-09-26T07:39:00.361Z","type":"debug","text":"JSHandle@symbol JSHandle@symbol \"Setting the current frame to 82\" handle was cleared after 10ms"}
{"t":"2026-09-26T07:39:00.386Z","type":"debug","text":"JSHandle@symbol JSHandle@symbol \"Setting the current frame to 83\" handle was cleared after 0ms"}
{"t":"2026-09-26T07:39:00.428Z","type":"debug","text":"JSHandle@symbol JSHandle@symbol \"Setting the current frame to 84\" handle was cleared after 10ms"}
{"t":"2026-09-26T07:39:00.454Z","type":"debug","text":"JSHandle@symbol JSHandle@symbol \"Setting the current frame to 85\" handle was cleared after 1ms"}
{"t":"2026-09-26T07:39:00.494Z","type":"debug","text":"JSHandle@symbol JSHandle@symbol \"Setting the current frame to 86\" handle was cleared after 9ms"}
{"t":"2026-09-26T07:39:00.520Z","type":"debug","text":"JSHandle@symbol JSHandle@symbol \"Setting the current frame to 87\" handle was cleared after 0ms"}
{"t":"2026-09-26T07:39:00.562Z","type":"debug","text":"JSHandle@symbol JSHandle@symbol \"Setting the current frame to 88\" handle was cleared after 7ms"}
{"t":"2026-09-26T07:39:00.586Z","type":"debug","text":"JSHandle@symbol JSHandle@symbol \"Setting the current frame to 89\" handle was cleared after 1ms"}
{"t":"2026-09-26T07:39:00.628Z","type":"debug","text":"JSHandle@symbol JSHandle@symbol \"Setting the current frame to 90\" handle was cleared after 8ms"}
{"t":"2026-09-26T07:39:00.654Z","type":"debug","text":"JSHandle@symbol JSHandle@symbol \"Setting the current frame to 91\" handle was cleared after 0ms"}
{"t":"2026-09-26T07:39:00.695Z","type":"debug","text":"JSHandle@symbol JSHandle@symbol \"Setting the current frame to 92\" handle was cleared after 7ms"}
{"t":"2026-09-26T07:39:00.721Z","type":"debug","text":"JSHandle@symbol JSHandle@symbol \"Setting the current frame to 93\" handle was cleared after 1ms"}
{"t":"2026-09-26T07:39:00.762Z","type":"debug","text":"JSHandle@symbol JSHandle@symbol \"Setting the current frame to 94\" handle was cleared after 10ms"}
{"t":"2026-09-26T07:39:00.787Z","type":"debug","text":"JSHandle@symbol JSHandle@symbol \"Setting the current frame to 95\" handle was cleared after 1ms"}
{"t":"2026-09-26T07:39:00.828Z","type":"debug","text":"JSHandle@symbol JSHandle@symbol \"Setting the current frame to 96\" handle was cleared after 9ms"}
{"t":"2026-09-26T07:39:00.853Z","type":"debug","text":"JSHandle@symbol JSHandle@symbol \"Setting the current frame to 97\" handle was cleared after 1ms"}
{"t":"2026-09-26T07:39:00.895Z","type":"debug","text":"JSHandle@symbol JSHandle@symbol \"Setting the current frame to 98\" handle was cleared after 5ms"}
{"t":"2026-09-26T07:39:00.920Z","type":"debug","text":"JSHandle@symbol JSHandle@symbol \"Setting the current frame to 99\" handle was cleared after 1ms"}
{"t":"2026-09-26T07:39:00.961Z","type":"debug","text":"JSHandle@symbol JSHandle@symbol \"Setting the current frame to 100\" handle was cleared after 9ms"}
{"t":"2026-09-26T07:39:00.988Z","type":"debug","text":"JSHandle@symbol JSHandle@symbol \"Setting the current frame to 101\" handle was cleared after 1ms"}
{"t":"2026-09-26T07:39:01.028Z","type":"debug","text":"JSHandle@symbol JSHandle@symbol \"Setting the current frame to 102\" handle was cleared after 1ms"}
{"t":"2026-09-26T07:39:01.059Z","type":"debug","text":"JSHandle@symbol JSHandle@symbol \"Setting the current frame to 103\" handle was cleared after 1ms"}
{"t":"2026-09-26T07:39:01.095Z","type":"debug","text":"JSHandle@symbol JSHandle@symbol \"Setting the current frame to 104\" handle was cleared after 9ms"}
{"t":"2026-09-26T07:39:01.120Z","type":"debug","text":"JSHandle@symbol JSHandle@symbol \"Setting the current frame to 105\" handle was cleared after 0ms"}
{"t":"2026-09-26T07:39:01.161Z","type":"debug","text":"JSHandle@symbol JSHandle@symbol \"Setting the current frame to 106\" handle was cleared after 7ms"}
{"t":"2026-09-26T07:39:01.186Z","type":"debug","text":"JSHandle@symbol JSHandle@symbol \"Setting the current frame to 107\" handle was cleared after 2ms"}
{"t":"2026-09-26T07:39:01.228Z","type":"debug","text":"JSHandle@symbol JSHandle@symbol \"Setting the current frame to 108\" handle was cleared after 9ms"}
{"t":"2026-09-26T07:39:01.253Z","type":"debug","text":"JSHandle@symbol JSHandle@symbol \"Setting the current frame to 109\" handle was cleared after 1ms"}
{"t":"2026-09-26T07:39:01.295Z","type":"debug","text":"JSHandle@symbol JSHandle@symbol \"Setting the current frame to 110\" handle was cleared after 8ms"}
{"t":"2026-09-26T07:39:01.328Z","type":"debug","text":"JSHandle@symbol JSHandle@symbol \"Setting the current frame to 111\" handle was cleared after 1ms"}
{"t":"2026-09-26T07:39:01.362Z","type":"debug","text":"JSHandle@symbol JSHandle@symbol \"Setting the current frame to 112\" handle was cleared after 9ms"}
{"t":"2026-09-26T07:39:01.395Z","type":"debug","text":"JSHandle@symbol JSHandle@symbol \"Setting the current frame to 113\" handle was cleared after 5ms"}
{"t":"2026-09-26T07:39:01.428Z","type":"debug","text":"JSHandle@symbol JSHandle@symbol \"Setting the current frame to 114\" handle was cleared after 4ms"}
{"t":"2026-09-26T07:39:01.461Z","type":"debug","text":"JSHandle@symbol JSHandle@symbol \"Setting the current frame to 115\" handle was cleared after 4ms"}
{"t":"2026-09-26T07:39:01.495Z","type":"debug","text":"JSHandle@symbol JSHandle@symbol \"Setting the current frame to 116\" handle was cleared after 9ms"}
{"t":"2026-09-26T07:39:01.528Z","type":"debug","text":"JSHandle@symbol JSHandle@symbol \"Setting the current frame to 117\" handle was cleared after 7ms"}
{"t":"2026-09-26T07:39:01.561Z","type":"debug","text":"JSHandle@symbol JSHandle@symbol \"Setting the current frame to 118\" handle was cleared after 6ms"}
{"t":"2026-09-26T07:39:01.594Z","type":"debug","text":"JSHandle@symbol JSHandle@symbol \"Setting the current frame to 119\" handle was cleared after 7ms"}
{"t":"2026-09-26T07:39:01.628Z","type":"debug","text":"JSHandle@symbol JSHandle@symbol \"Setting the current frame to 120\" handle was cleared after 9ms"}
{"t":"2026-09-26T07:39:01.662Z","type":"debug","text":"JSHandle@symbol JSHandle@symbol \"Setting the current frame to 121\" handle was cleared after 7ms"}
{"t":"2026-09-26T07:39:01.695Z","type":"debug","text":"JSHandle@symbol JSHandle@symbol \"Setting the current frame to 122\" handle was cleared after 5ms"}
{"t":"2026-09-26T07:39:01.728Z","type":"debug","text":"JSHandle@symbol JSHandle@symbol \"Setting the current frame to 123\" handle was cleared after 8ms"}
{"t":"2026-09-26T07:39:01.761Z","type":"debug","text":"JSHandle@symbol JSHandle@symbol \"Setting the current frame to 124\" handle was cleared after 9ms"}
{"t":"2026-09-26T07:39:01.795Z","type":"debug","text":"JSHandle@symbol JSHandle@symbol \"Setting the current frame to 125\" handle was cleared after 7ms"}
{"t":"2026-09-26T07:39:01.828Z","type":"debug","text":"JSHandle@symbol JSHandle@symbol \"Setting the current frame to 126\" handle was cleared after 9ms"}
{"t":"2026-09-26T07:39:01.862Z","type":"debug","text":"JSHandle@symbol JSHandle@symbol \"Setting the current frame to 127\" handle was cleared after 11ms"}
{"t":"2026-09-26T07:39:01.895Z","type":"debug","text":"JSHandle@symbol JSHandle@symbol \"Setting the current frame to 128\" handle was cleared after 4ms"}
{"t":"2026-09-26T07:39:01.928Z","type":"debug","text":"JSHandle@symbol JSHandle@symbol \"Setting the current frame to 129\" handle was cleared after 8ms"}
{"t":"2026-09-26T07:39:01.961Z","type":"debug","text":"JSHandle@symbol JSHandle@symbol \"Setting the current frame to 130\" handle was cleared after 3ms"}
{"t":"2026-09-26T07:39:01.995Z","type":"debug","text":"JSHandle@symbol JSHandle@symbol \"Setting the current frame to 131\" handle was cleared after 5ms"}
{"t":"2026-09-26T07:39:02.028Z","type":"debug","text":"JSHandle@symbol JSHandle@symbol \"Setting the current frame to 132\" handle was cleared after 11ms"}
{"t":"2026-09-26T07:39:02.061Z","type":"debug","text":"JSHandle@symbol JSHandle@symbol \"Setting the current frame to 133\" handle was cleared after 10ms"}
{"t":"2026-09-26T07:39:02.094Z","type":"debug","text":"JSHandle@symbol JSHandle@symbol \"Setting the current frame to 134\" handle was cleared after 11ms"}
{"t":"2026-09-26T07:39:02.128Z","type":"debug","text":"JSHandle@symbol JSHandle@symbol \"Setting the current frame to 135\" handle was cleared after 10ms"}
{"t":"2026-09-26T07:39:02.161Z","type":"debug","text":"JSHandle@symbol JSHandle@symbol \"Setting the current frame to 136\" handle was cleared after 8ms"}
{"t":"2026-09-26T07:39:02.194Z","type":"debug","text":"JSHandle@symbol JSHandle@symbol \"Setting the current frame to 137\" handle was cleared after 9ms"}
{"t":"2026-09-26T07:39:02.227Z","type":"debug","text":"JSHandle@symbol JSHandle@symbol \"Setting the current frame to 138\" handle was cleared after 10ms"}
{"t":"2026-09-26T07:39:02.261Z","type":"debug","text":"JSHandle@symbol JSHandle@symbol \"Setting the current frame to 139\" handle was cleared after 10ms"}
{"t":"2026-09-26T07:39:02.294Z","type":"debug","text":"JSHandle@symbol JSHandle@symbol \"Setting the current frame to 140\" handle was cleared after 9ms"}
{"t":"2026-09-26T07:39:02.328Z","type":"debug","text":"JSHandle@symbol JSHandle@symbol \"Setting the current frame to 141\" handle was cleared after 9ms"}
{"t":"2026-09-26T07:39:02.361Z","type":"debug","text":"JSHandle@symbol JSHandle@symbol \"Setting the current frame to 142\" handle was cleared after 2ms"}
{"t":"2026-09-26T07:39:02.395Z","type":"debug","text":"JSHandle@symbol JSHandle@symbol \"Setting the current frame to 143\" handle was cleared after 5ms"}
{"t":"2026-09-26T07:39:02.428Z","type":"debug","text":"JSHandle@symbol JSHandle@symbol \"Setting the current frame to 144\" handle was cleared after 9ms"}
{"t":"2026-09-26T07:39:02.461Z","type":"debug","text":"JSHandle@symbol JSHandle@symbol \"Setting the current frame to 145\" handle was cleared after 9ms"}
{"t":"2026-09-26T07:39:02.495Z","type":"debug","text":"JSHandle@symbol JSHandle@symbol \"Setting the current frame to 146\" handle was cleared after 10ms"}
{"t":"2026-09-26T07:39:02.528Z","type":"debug","text":"JSHandle@symbol JSHandle@symbol \"Setting the current frame to 147\" handle was cleared after 9ms"}
{"t":"2026-09-26T07:39:02.561Z","type":"debug","text":"JSHandle@symbol JSHandle@symbol \"Setting the current frame to 148\" handle was cleared after 8ms"}
{"t":"2026-09-26T07:39:02.594Z","type":"debug","text":"JSHandle@symbol JSHandle@symbol \"Setting the current frame to 149\" handle was cleared after 9ms"}
{"t":"2026-09-26T07:39:02.628Z","type":"debug","text":"JSHandle@symbol JSHandle@symbol \"Setting the current frame to 150\" handle was cleared after 10ms"}
{"t":"2026-09-26T07:39:02.661Z","type":"debug","text":"JSHandle@symbol JSHandle@symbol \"Setting the current frame to 151\" handle was cleared after 9ms"}
{"t":"2026-09-26T07:39:02.695Z","type":"debug","text":"JSHandle@symbol JSHandle@symbol \"Setting the current frame to 152\" handle was cleared after 9ms"}
{"t":"2026-09-26T07:39:02.728Z","type":"debug","text":"JSHandle@symbol JSHandle@symbol \"Setting the current frame to 153\" handle was cleared after 9ms"}
{"t":"2026-09-26T07:39:02.761Z","type":"debug","text":"JSHandle@symbol JSHandle@symbol \"Setting the current frame to 154\" handle was cleared after 8ms"}
{"t":"2026-09-26T07:39:02.795Z","type":"debug","text":"JSHandle@symbol JSHandle@symbol \"Setting the current frame to 155\" handle was cleared after 9ms"}
{"t":"2026-09-26T07:39:02.828Z","type":"debug","text":"JSHandle@symbol JSHandle@symbol \"Setting the current frame to 156\" handle was cleared after 9ms"}
{"t":"2026-09-26T07:39:02.861Z","type":"debug","text":"JSHandle@symbol JSHandle@symbol \"Setting the current frame to 157\" handle was cleared after 10ms"}
{"t":"2026-09-26T07:39:02.894Z","type":"debug","text":"JSHandle@symbol JSHandle@symbol \"Setting the current frame to 158\" handle was cleared after 10ms"}
{"t":"2026-09-26T07:39:02.929Z","type":"debug","text":"JSHandle@symbol JSHandle@symbol \"Setting the current frame to 159\" handle was cleared after 11ms"}
{"t":"2026-09-26T07:39:02.961Z","type":"debug","text":"JSHandle@symbol JSHandle@symbol \"Setting the current frame to 160\" handle was cleared after 7ms"}
{"t":"2026-09-26T07:39:02.995Z","type":"debug","text":"JSHandle@symbol JSHandle@symbol \"Setting the current frame to 161\" handle was cleared after 9ms"}
{"t":"2026-09-26T07:39:03.028Z","type":"debug","text":"JSHandle@symbol JSHandle@symbol \"Setting the current frame to 162\" handle was cleared after 6ms"}
{"t":"2026-09-26T07:39:03.061Z","type":"debug","text":"JSHandle@symbol JSHandle@symbol \"Setting the current frame to 163\" handle was cleared after 8ms"}
{"t":"2026-09-26T07:39:03.094Z","type":"debug","text":"JSHandle@symbol JSHandle@symbol \"Setting the current frame to 164\" handle was cleared after 8ms"}
{"t":"2026-09-26T07:39:03.128Z","type":"debug","text":"JSHandle@symbol JSHandle@symbol \"Setting the current frame to 165\" handle was cleared after 10ms"}
{"t":"2026-09-26T07:39:03.161Z","type":"debug","text":"JSHandle@symbol JSHandle@symbol \"Setting the current frame to 166\" handle was cleared after 8ms"}
{"t":"2026-09-26T07:39:03.194Z","type":"debug","text":"JSHandle@symbol JSHandle@symbol \"Setting the current frame to 167\" handle was cleared after 9ms"}
{"t":"2026-09-26T07:39:03.229Z","type":"debug","text":"JSHandle@symbol JSHandle@symbol \"Setting the current frame to 168\" handle was cleared after 11ms"}
{"t":"2026-09-26T07:39:03.262Z","type":"debug","text":"JSHandle@symbol JSHandle@symbol \"Setting the current frame to 169\" handle was cleared after 10ms"}
{"t":"2026-09-26T07:39:03.295Z","type":"debug","text":"JSHandle@symbol JSHandle@symbol \"Setting the current frame to 170\" handle was cleared after 10ms"}
{"t":"2026-09-26T07:39:03.329Z","type":"debug","text":"JSHandle@symbol JSHandle@symbol \"Setting the current frame to 171\" handle was cleared after 7ms"}
{"t":"2026-09-26T07:39:03.362Z","type":"debug","text":"JSHandle@symbol JSHandle@symbol \"Setting the current frame to 172\" handle was cleared after 8ms"}
{"t":"2026-09-26T07:39:03.394Z","type":"debug","text":"JSHandle@symbol JSHandle@symbol \"Setting the current frame to 173\" handle was cleared after 6ms"}
{"t":"2026-09-26T07:39:03.429Z","type":"debug","text":"JSHandle@symbol JSHandle@symbol \"Setting the current frame to 174\" handle was cleared after 5ms"}
{"t":"2026-09-26T07:39:03.461Z","type":"debug","text":"JSHandle@symbol JSHandle@symbol \"Setting the current frame to 175\" handle was cleared after 6ms"}
{"t":"2026-09-26T07:39:03.494Z","type":"debug","text":"JSHandle@symbol JSHandle@symbol \"Setting the current frame to 176\" handle was cleared after 4ms"}
{"t":"2026-09-26T07:39:03.529Z","type":"debug","text":"JSHandle@symbol JSHandle@symbol \"Setting the current frame to 177\" handle was cleared after 7ms"}
{"t":"2026-09-26T07:39:03.562Z","type":"debug","text":"JSHandle@symbol JSHandle@symbol \"Setting the current frame to 178\" handle was cleared after 9ms"}
{"t":"2026-09-26T07:39:03.594Z","type":"debug","text":"JSHandle@symbol JSHandle@symbol \"Setting the current frame to 179\" handle was cleared after 6ms"}
{"t":"2026-09-26T07:39:03.627Z","type":"debug","text":"JSHandle@symbol JSHandle@symbol \"Setting the current frame to 180\" handle was cleared after 8ms"}
{"t":"2026-09-26T07:39:03.662Z","type":"debug","text":"JSHandle@symbol JSHandle@symbol \"Setting the current frame to 181\" handle was cleared after 9ms"}
{"t":"2026-09-26T07:39:03.695Z","type":"debug","text":"JSHandle@symbol JSHandle@symbol \"Setting the current frame to 182\" handle was cleared after 8ms"}
{"t":"2026-09-26T07:39:03.728Z","type":"debug","text":"JSHandle@symbol JSHandle@symbol \"Setting the current frame to 183\" handle was cleared after 8ms"}
{"t":"2026-09-26T07:39:03.761Z","type":"debug","text":"JSHandle@symbol JSHandle@symbol \"Setting the current frame to 184\" handle was cleared after 8ms"}
{"t":"2026-09-26T07:39:03.794Z","type":"debug","text":"JSHandle@symbol JSHandle@symbol \"Setting the current frame to 185\" handle was cleared after 9ms"}
{"t":"2026-09-26T07:39:03.828Z","type":"debug","text":"JSHandle@symbol JSHandle@symbol \"Setting the current frame to 186\" handle was cleared after 4ms"}
{"t":"2026-09-26T07:39:03.862Z","type":"debug","text":"JSHandle@symbol JSHandle@symbol \"Setting the current frame to 187\" handle was cleared after 8ms"}
{"t":"2026-09-26T07:39:03.895Z","type":"debug","text":"JSHandle@symbol JSHandle@symbol \"Setting the current frame to 188\" handle was cleared after 8ms"}
{"t":"2026-09-26T07:39:03.928Z","type":"debug","text":"JSHandle@symbol JSHandle@symbol \"Setting the current frame to 189\" handle was cleared after 10ms"}
{"t":"2026-09-26T07:39:03.961Z","type":"debug","text":"JSHandle@symbol JSHandle@symbol \"Setting the current frame to 190\" handle was cleared after 8ms"}
{"t":"2026-09-26T07:39:03.994Z","type":"debug","text":"JSHandle@symbol JSHandle@symbol \"Setting the current frame to 191\" handle was cleared after 8ms"}
{"t":"2026-09-26T07:39:04.027Z","type":"debug","text":"JSHandle@symbol JSHandle@symbol \"Setting the current frame to 192\" handle was cleared after 7ms"}
{"t":"2026-09-26T07:39:04.062Z","type":"debug","text":"JSHandle@symbol JSHandle@symbol \"Setting the current frame to 193\" handle was cleared after 10ms"}
{"t":"2026-09-26T07:39:04.096Z","type":"debug","text":"JSHandle@symbol JSHandle@symbol \"Setting the current frame to 194\" handle was cleared after 10ms"}
{"t":"2026-09-26T07:39:04.128Z","type":"debug","text":"JSHandle@symbol JSHandle@symbol \"Setting the current frame to 195\" handle was cleared after 8ms"}
{"t":"2026-09-26T07:39:04.161Z","type":"debug","text":"JSHandle@symbol JSHandle@symbol \"Setting the current frame to 196\" handle was cleared after 8ms"}
{"t":"2026-09-26T07:39:04.195Z","type":"debug","text":"JSHandle@symbol JSHandle@symbol \"Setting the current frame to 197\" handle was cleared after 9ms"}
{"t":"2026-09-26T07:39:04.228Z","type":"debug","text":"JSHandle@symbol JSHandle@symbol \"Setting the current frame to 198\" handle was cleared after 8ms"}
{"t":"2026-09-26T07:39:04.262Z","type":"debug","text":"JSHandle@symbol JSHandle@symbol \"Setting the current frame to 199\" handle was cleared after 10ms"}
{"t":"2026-09-26T07:39:04.294Z","type":"debug","text":"JSHandle@symbol JSHandle@symbol \"Setting the current frame to 200\" handle was cleared after 8ms"}
{"t":"2026-09-26T07:39:04.328Z","type":"debug","text":"JSHandle@symbol JSHandle@symbol \"Setting the current frame to 201\" handle was cleared after 8ms"}
{"t":"2026-09-26T07:39:04.361Z","type":"debug","text":"JSHandle@symbol JSHandle@symbol \"Setting the current frame to 202\" handle was cleared after 9ms"}
{"t":"2026-09-26T07:39:04.394Z","type":"debug","text":"JSHandle@symbol JSHandle@symbol \"Setting the current frame to 203\" handle was cleared after 10ms"}
{"t":"2026-09-26T07:39:04.427Z","type":"debug","text":"JSHandle@symbol JSHandle@symbol \"Setting the current frame to 204\" handle was cleared after 11ms"}
{"t":"2026-09-26T07:39:04.462Z","type":"debug","text":"JSHandle@symbol JSHandle@symbol \"Setting the current frame to 205\" handle was cleared after 12ms"}
{"t":"2026-09-26T07:39:04.494Z","type":"debug","text":"JSHandle@symbol JSHandle@symbol \"Setting the current frame to 206\" handle was cleared after 9ms"}
{"t":"2026-09-26T07:39:04.528Z","type":"debug","text":"JSHandle@symbol JSHandle@symbol \"Setting the current frame to 207\" handle was cleared after 10ms"}
{"t":"2026-09-26T07:39:04.561Z","type":"debug","text":"JSHandle@symbol JSHandle@symbol \"Setting the current frame to 208\" handle was cleared after 10ms"}
{"t":"2026-09-26T07:39:04.594Z","type":"debug","text":"JSHandle@symbol JSHandle@symbol \"Setting the current frame to 209\" handle was cleared after 11ms"}
{"t":"2026-09-26T07:39:04.627Z","type":"debug","text":"JSHandle@symbol JSHandle@symbol \"Setting the current frame to 210\" handle was cleared after 10ms"}
{"t":"2026-09-26T07:39:04.662Z","type":"debug","text":"JSHandle@symbol JSHandle@symbol \"Setting the current frame to 211\" handle was cleared after 11ms"}
{"t":"2026-09-26T07:39:04.694Z","type":"debug","text":"JSHandle@symbol JSHandle@symbol \"Setting the current frame to 212\" handle was cleared after 7ms"}
{"t":"2026-09-26T07:39:04.728Z","type":"debug","text":"JSHandle@symbol JSHandle@symbol \"Setting the current frame to 213\" handle was cleared after 7ms"}
{"t":"2026-09-26T07:39:04.761Z","type":"debug","text":"JSHandle@symbol JSHandle@symbol \"Setting the current frame to 214\" handle was cleared after 9ms"}
{"t":"2026-09-26T07:39:04.795Z","type":"debug","text":"JSHandle@symbol JSHandle@symbol \"Setting the current frame to 215\" handle was cleared after 8ms"}
{"t":"2026-09-26T07:39:04.828Z","type":"debug","text":"JSHandle@symbol JSHandle@symbol \"Setting the current frame to 216\" handle was cleared after 9ms"}
{"t":"2026-09-26T07:39:04.861Z","type":"debug","text":"JSHandle@symbol JSHandle@symbol \"Setting the current frame to 217\" handle was cleared after 9ms"}
{"t":"2026-09-26T07:39:04.894Z","type":"debug","text":"JSHandle@symbol JSHandle@symbol \"Setting the current frame to 218\" handle was cleared after 10ms"}
{"t":"2026-09-26T07:39:04.928Z","type":"debug","text":"JSHandle@symbol JSHandle@symbol \"Setting the current frame to 219\" handle was cleared after 9ms"}
{"t":"2026-09-26T07:39:04.961Z","type":"debug","text":"JSHandle@symbol JSHandle@symbol \"Setting the current frame to 220\" handle was cleared after 8ms"}
{"t":"2026-09-26T07:39:04.995Z","type":"debug","text":"JSHandle@symbol JSHandle@symbol \"Setting the current frame to 221\" handle was cleared after 11ms"}
{"t":"2026-09-26T07:39:05.028Z","type":"debug","text":"JSHandle@symbol JSHandle@symbol \"Setting the current frame to 222\" handle was cleared after 7ms"}
{"t":"2026-09-26T07:39:05.061Z","type":"debug","text":"JSHandle@symbol JSHandle@symbol \"Setting the current frame to 223\" handle was cleared after 9ms"}
{"t":"2026-09-26T07:39:05.095Z","type":"debug","text":"JSHandle@symbol JSHandle@symbol \"Setting the current frame to 224\" handle was cleared after 10ms"}
{"t":"2026-09-26T07:39:05.127Z","type":"debug","text":"JSHandle@symbol JSHandle@symbol \"Setting the current frame to 225\" handle was cleared after 8ms"}
{"t":"2026-09-26T07:39:05.162Z","type":"debug","text":"JSHandle@symbol JSHandle@symbol \"Setting the current frame to 226\" handle was cleared after 9ms"}
{"t":"2026-09-26T07:39:05.194Z","type":"debug","text":"JSHandle@symbol JSHandle@symbol \"Setting the current frame to 227\" handle was cleared after 8ms"}
{"t":"2026-09-26T07:39:05.227Z","type":"debug","text":"JSHandle@symbol JSHandle@symbol \"Setting the current frame to 228\" handle was cleared after 8ms"}
{"t":"2026-09-26T07:39:05.262Z","type":"debug","text":"JSHandle@symbol JSHandle@symbol \"Setting the current frame to 229\" handle was cleared after 11ms"}
{"t":"2026-09-26T07:39:05.295Z","type":"debug","text":"JSHandle@symbol JSHandle@symbol \"Setting the current frame to 230\" handle was cleared after 10ms"}
{"t":"2026-09-26T07:39:05.328Z","type":"debug","text":"JSHandle@symbol JSHandle@symbol \"Setting the current frame to 231\" handle was cleared after 9ms"}
{"t":"2026-09-26T07:39:05.361Z","type":"debug","text":"JSHandle@symbol JSHandle@symbol \"Setting the current frame to 232\" handle was cleared after 10ms"}
{"t":"2026-09-26T07:39:05.394Z","type":"debug","text":"JSHandle@symbol JSHandle@symbol \"Setting the current frame to 233\" handle was cleared after 10ms"}
{"t":"2026-09-26T07:39:05.428Z","type":"debug","text":"JSHandle@symbol JSHandle@symbol \"Setting the current frame to 234\" handle was cleared after 11ms"}
{"t":"2026-09-26T07:39:05.461Z","type":"debug","text":"JSHandle@symbol JSHandle@symbol \"Setting the current frame to 235\" handle was cleared after 10ms"}
{"t":"2026-09-26T07:39:05.494Z","type":"debug","text":"JSHandle@symbol JSHandle@symbol \"Setting the current frame to 236\" handle was cleared after 9ms"}
{"t":"2026-09-26T07:39:05.528Z","type":"debug","text":"JSHandle@symbol JSHandle@symbol \"Setting the current frame to 237\" handle was cleared after 10ms"}
{"t":"2026-09-26T07:39:05.561Z","type":"debug","text":"JSHandle@symbol JSHandle@symbol \"Setting the current frame to 238\" handle was cleared after 9ms"}
{"t":"2026-09-26T07:39:05.594Z","type":"debug","text":"JSHandle@symbol JSHandle@symbol \"Setting the current frame to 239\" handle was cleared after 11ms"}
{"t":"2026-09-26T07:39:05.627Z","type":"debug","text":"JSHandle@symbol JSHandle@symbol \"Setting the current frame to 240\" handle was cleared after 10ms"}
{"t":"2026-09-26T07:39:05.661Z","type":"debug","text":"JSHandle@symbol JSHandle@symbol \"Setting the current frame to 241\" handle was cleared after 11ms"}
{"t":"2026-09-26T07:39:05.695Z","type":"debug","text":"JSHandle@symbol JSHandle@symbol \"Setting the current frame to 242\" handle was cleared after 10ms"}
{"t":"2026-09-26T07:39:05.727Z","type":"debug","text":"JSHandle@symbol JSHandle@symbol \"Setting the current frame to 243\" handle was cleared after 5ms"}
{"t":"2026-09-26T07:39:05.762Z","type":"debug","text":"JSHandle@symbol JSHandle@symbol \"Setting the current frame to 244\" handle was cleared after 11ms"}
{"t":"2026-09-26T07:39:05.794Z","type":"debug","text":"JSHandle@symbol JSHandle@symbol \"Setting the current frame to 245\" handle was cleared after 9ms"}
{"t":"2026-09-26T07:39:05.827Z","type":"debug","text":"JSHandle@symbol JSHandle@symbol \"Setting the current frame to 246\" handle was cleared after 10ms"}
{"t":"2026-09-26T07:39:05.861Z","type":"debug","text":"JSHandle@symbol JSHandle@symbol \"Setting the current frame to 247\" handle was cleared after 6ms"}
{"t":"2026-09-26T07:39:05.895Z","type":"debug","text":"JSHandle@symbol JSHandle@symbol \"Setting the current frame to 248\" handle was cleared after 11ms"}
{"t":"2026-09-26T07:39:05.927Z","type":"debug","text":"JSHandle@symbol JSHandle@symbol \"Setting the current frame to 249\" handle was cleared after 9ms"}
{"t":"2026-09-26T07:39:05.961Z","type":"debug","text":"JSHandle@symbol JSHandle@symbol \"Setting the current frame to 250\" handle was cleared after 10ms"}
{"t":"2026-09-26T07:39:05.994Z","type":"debug","text":"JSHandle@symbol JSHandle@symbol \"Setting the current frame to 251\" handle was cleared after 9ms"}
{"t":"2026-09-26T07:39:06.028Z","type":"debug","text":"JSHandle@symbol JSHandle@symbol \"Setting the current frame to 252\" handle was cleared after 10ms"}
{"t":"2026-09-26T07:39:06.061Z","type":"debug","text":"JSHandle@symbol JSHandle@symbol \"Setting the current frame to 253\" handle was cleared after 11ms"}
{"t":"2026-09-26T07:39:06.095Z","type":"debug","text":"JSHandle@symbol JSHandle@symbol \"Setting the current frame to 254\" handle was cleared after 10ms"}
{"t":"2026-09-26T07:39:06.128Z","type":"debug","text":"JSHandle@symbol JSHandle@symbol \"Setting the current frame to 255\" handle was cleared after 10ms"}
{"t":"2026-09-26T07:39:06.161Z","type":"debug","text":"JSHandle@symbol JSHandle@symbol \"Setting the current frame to 256\" handle was cleared after 8ms"}
{"t":"2026-09-26T07:39:06.194Z","type":"debug","text":"JSHandle@symbol JSHandle@symbol \"Setting the current frame to 257\" handle was cleared after 10ms"}
{"t":"2026-09-26T07:39:06.228Z","type":"debug","text":"JSHandle@symbol JSHandle@symbol \"Setting the current frame to 258\" handle was cleared after 8ms"}
{"t":"2026-09-26T07:39:06.261Z","type":"debug","text":"JSHandle@symbol JSHandle@symbol \"Setting the current frame to 259\" handle was cleared after 9ms"}
{"t":"2026-09-26T07:39:06.295Z","type":"debug","text":"JSHandle@symbol JSHandle@symbol \"Setting the current frame to 260\" handle was cleared after 8ms"}
{"t":"2026-09-26T07:39:06.329Z","type":"debug","text":"JSHandle@symbol JSHandle@symbol \"Setting the current frame to 261\" handle was cleared after 9ms"}
{"t":"2026-09-26T07:39:06.361Z","type":"debug","text":"JSHandle@symbol JSHandle@symbol \"Setting the current frame to 262\" handle was cleared after 9ms"}
{"t":"2026-09-26T07:39:06.394Z","type":"debug","text":"JSHandle@symbol JSHandle@symbol \"Setting the current frame to 263\" handle was cleared after 10ms"}
{"t":"2026-09-26T07:39:06.429Z","type":"debug","text":"JSHandle@symbol JSHandle@symbol \"Setting the current frame to 264\" handle was cleared after 10ms"}
{"t":"2026-09-26T07:39:06.461Z","type":"debug","text":"JSHandle@symbol JSHandle@symbol \"Setting the current frame to 265\" handle was cleared after 8ms"}
{"t":"2026-09-26T07:39:06.494Z","type":"debug","text":"JSHandle@symbol JSHandle@symbol \"Setting the current frame to 266\" handle was cleared after 11ms"}
{"t":"2026-09-26T07:39:06.528Z","type":"debug","text":"JSHandle@symbol JSHandle@symbol \"Setting the current frame to 267\" handle was cleared after 10ms"}
{"t":"2026-09-26T07:39:06.562Z","type":"debug","text":"JSHandle@symbol JSHandle@symbol \"Setting the current frame to 268\" handle was cleared after 11ms"}
{"t":"2026-09-26T07:39:06.594Z","type":"debug","text":"JSHandle@symbol JSHandle@symbol \"Setting the current frame to 269\" handle was cleared after 9ms"}
{"t":"2026-09-26T07:39:06.627Z","type":"debug","text":"JSHandle@symbol JSHandle@symbol \"Setting the current frame to 270\" handle was cleared after 10ms"}
{"t":"2026-09-26T07:39:06.661Z","type":"debug","text":"JSHandle@symbol JSHandle@symbol \"Setting the current frame to 271\" handle was cleared after 10ms"}
{"t":"2026-09-26T07:39:06.685Z","type":"debug","text":"JSHandle@symbol JSHandle@symbol \"Setting the current frame to 272\" handle was cleared after 1ms"}
{"t":"2026-09-26T07:39:06.728Z","type":"debug","text":"JSHandle@symbol JSHandle@symbol \"Setting the current frame to 273\" handle was cleared after 8ms"}
{"t":"2026-09-26T07:39:06.752Z","type":"debug","text":"JSHandle@symbol JSHandle@symbol \"Setting the current frame to 274\" handle was cleared after 1ms"}
{"t":"2026-09-26T07:39:06.794Z","type":"debug","text":"JSHandle@symbol JSHandle@symbol \"Setting the current frame to 275\" handle was cleared after 11ms"}
{"t":"2026-09-26T07:39:06.817Z","type":"debug","text":"JSHandle@symbol JSHandle@symbol \"Setting the current frame to 276\" handle was cleared after 0ms"}
{"t":"2026-09-26T07:39:06.861Z","type":"debug","text":"JSHandle@symbol JSHandle@symbol \"Setting the current frame to 277\" handle was cleared after 6ms"}
{"t":"2026-09-26T07:39:06.885Z","type":"debug","text":"JSHandle@symbol JSHandle@symbol \"Setting the current frame to 278\" handle was cleared after 1ms"}
{"t":"2026-09-26T07:39:06.927Z","type":"debug","text":"JSHandle@symbol JSHandle@symbol \"Setting the current frame to 279\" handle was cleared after 10ms"}
{"t":"2026-09-26T07:39:06.951Z","type":"debug","text":"JSHandle@symbol JSHandle@symbol \"Setting the current frame to 280\" handle was cleared after 0ms"}
{"t":"2026-09-26T07:39:06.994Z","type":"debug","text":"JSHandle@symbol JSHandle@symbol \"Setting the current frame to 281\" handle was cleared after 10ms"}
{"t":"2026-09-26T07:39:07.021Z","type":"debug","text":"JSHandle@symbol JSHandle@symbol \"Setting the current frame to 282\" handle was cleared after 2ms"}
{"t":"2026-09-26T07:39:07.072Z","type":"debug","text":"JSHandle@symbol JSHandle@symbol \"Setting the current frame to 283\" handle was cleared after 1ms"}
{"t":"2026-09-26T07:39:07.090Z","type":"debug","text":"JSHandle@symbol JSHandle@symbol \"Setting the current frame to 284\" handle was cleared after 0ms"}
{"t":"2026-09-26T07:39:07.129Z","type":"debug","text":"JSHandle@symbol JSHandle@symbol \"Setting the current frame to 285\" handle was cleared after 6ms"}
{"t":"2026-09-26T07:39:07.158Z","type":"debug","text":"JSHandle@symbol JSHandle@symbol \"Setting the current frame to 286\" handle was cleared after 1ms"}
{"t":"2026-09-26T07:39:07.194Z","type":"debug","text":"JSHandle@symbol JSHandle@symbol \"Setting the current frame to 287\" handle was cleared after 6ms"}
{"t":"2026-09-26T07:39:07.221Z","type":"debug","text":"JSHandle@symbol JSHandle@symbol \"Setting the current frame to 288\" handle was cleared after 1ms"}
{"t":"2026-09-26T07:39:07.262Z","type":"debug","text":"JSHandle@symbol JSHandle@symbol \"Setting the current frame to 289\" handle was cleared after 9ms"}
{"t":"2026-09-26T07:39:07.289Z","type":"debug","text":"JSHandle@symbol JSHandle@symbol \"Setting the current frame to 290\" handle was cleared after 1ms"}
{"t":"2026-09-26T07:39:07.328Z","type":"debug","text":"JSHandle@symbol JSHandle@symbol \"Setting the current frame to 291\" handle was cleared after 3ms"}
{"t":"2026-09-26T07:39:07.357Z","type":"debug","text":"JSHandle@symbol JSHandle@symbol \"Setting the current frame to 292\" handle was cleared after 0ms"}
{"t":"2026-09-26T07:39:07.395Z","type":"debug","text":"JSHandle@symbol JSHandle@symbol \"Setting the current frame to 293\" handle was cleared after 7ms"}
{"t":"2026-09-26T07:39:07.425Z","type":"debug","text":"JSHandle@symbol JSHandle@symbol \"Setting the current frame to 294\" handle was cleared after 1ms"}
{"t":"2026-09-26T07:39:07.461Z","type":"debug","text":"JSHandle@symbol JSHandle@symbol \"Setting the current frame to 295\" handle was cleared after 1ms"}
{"t":"2026-09-26T07:39:07.492Z","type":"debug","text":"JSHandle@symbol JSHandle@symbol \"Setting the current frame to 296\" handle was cleared after 1ms"}
{"t":"2026-09-26T07:39:07.536Z","type":"debug","text":"JSHandle@symbol JSHandle@symbol \"Setting the current frame to 297\" handle was cleared after 6ms"}
{"t":"2026-09-26T07:39:07.561Z","type":"debug","text":"JSHandle@symbol JSHandle@symbol \"Setting the current frame to 298\" handle was cleared after 2ms"}
{"t":"2026-09-26T07:39:07.595Z","type":"debug","text":"JSHandle@symbol JSHandle@symbol \"Setting the current frame to 299\" handle was cleared after 4ms"}
{"t":"2026-09-26T07:39:07.629Z","type":"debug","text":"JSHandle@symbol JSHandle@symbol \"Setting the current frame to 300\" handle was cleared after 5ms"}
{"t":"2026-09-26T07:39:07.661Z","type":"debug","text":"JSHandle@symbol JSHandle@symbol \"Setting the current frame to 301\" handle was cleared after 7ms"}
{"t":"2026-09-26T07:39:07.695Z","type":"debug","text":"JSHandle@symbol JSHandle@symbol \"Setting the current frame to 302\" handle was cleared after 3ms"}
{"t":"2026-09-26T07:39:07.727Z","type":"debug","text":"JSHandle@symbol JSHandle@symbol \"Setting the current frame to 303\" handle was cleared after 4ms"}
{"t":"2026-09-26T07:39:07.761Z","type":"debug","text":"JSHandle@symbol JSHandle@symbol \"Setting the current frame to 304\" handle was cleared after 7ms"}
{"t":"2026-09-26T07:39:07.794Z","type":"debug","text":"JSHandle@symbol JSHandle@symbol \"Setting the current frame to 305\" handle was cleared after 5ms"}
{"t":"2026-09-26T07:39:07.827Z","type":"debug","text":"JSHandle@symbol JSHandle@symbol \"Setting the current frame to 306\" handle was cleared after 7ms"}
{"t":"2026-09-26T07:39:07.861Z","type":"debug","text":"JSHandle@symbol JSHandle@symbol \"Setting the current frame to 307\" handle was cleared after 8ms"}
{"t":"2026-09-26T07:39:07.894Z","type":"debug","text":"JSHandle@symbol JSHandle@symbol \"Setting the current frame to 308\" handle was cleared after 7ms"}
{"t":"2026-09-26T07:39:07.927Z","type":"debug","text":"JSHandle@symbol JSHandle@symbol \"Setting the current frame to 309\" handle was cleared after 3ms"}
{"t":"2026-09-26T07:39:07.962Z","type":"debug","text":"JSHandle@symbol JSHandle@symbol \"Setting the current frame to 310\" handle was cleared after 6ms"}
{"t":"2026-09-26T07:39:07.994Z","type":"debug","text":"JSHandle@symbol JSHandle@symbol \"Setting the current frame to 311\" handle was cleared after 5ms"}
{"t":"2026-09-26T07:39:08.028Z","type":"debug","text":"JSHandle@symbol JSHandle@symbol \"Setting the current frame to 312\" handle was cleared after 2ms"}
{"t":"2026-09-26T07:39:08.061Z","type":"debug","text":"JSHandle@symbol JSHandle@symbol \"Setting the current frame to 313\" handle was cleared after 5ms"}
{"t":"2026-09-26T07:39:08.095Z","type":"debug","text":"JSHandle@symbol JSHandle@symbol \"Setting the current frame to 314\" handle was cleared after 9ms"}
{"t":"2026-09-26T07:39:08.128Z","type":"debug","text":"JSHandle@symbol JSHandle@symbol \"Setting the current frame to 315\" handle was cleared after 7ms"}
{"t":"2026-09-26T07:39:08.161Z","type":"debug","text":"JSHandle@symbol JSHandle@symbol \"Setting the current frame to 316\" handle was cleared after 8ms"}
{"t":"2026-09-26T07:39:08.195Z","type":"debug","text":"JSHandle@symbol JSHandle@symbol \"Setting the current frame to 317\" handle was cleared after 8ms"}
{"t":"2026-09-26T07:39:08.229Z","type":"debug","text":"JSHandle@symbol JSHandle@symbol \"Setting the current frame to 318\" handle was cleared after 8ms"}
{"t":"2026-09-26T07:39:08.262Z","type":"debug","text":"JSHandle@symbol JSHandle@symbol \"Setting the current frame to 319\" handle was cleared after 8ms"}
{"t":"2026-09-26T07:39:08.294Z","type":"debug","text":"JSHandle@symbol JSHandle@symbol \"Setting the current frame to 320\" handle was cleared after 9ms"}
{"t":"2026-09-26T07:39:08.327Z","type":"debug","text":"JSHandle@symbol JSHandle@symbol \"Setting the current frame to 321\" handle was cleared after 5ms"}
{"t":"2026-09-26T07:39:08.360Z","type":"debug","text":"JSHandle@symbol JSHandle@symbol \"Setting the current frame to 322\" handle was cleared after 9ms"}
{"t":"2026-09-26T07:39:08.394Z","type":"debug","text":"JSHandle@symbol JSHandle@symbol \"Setting the current frame to 323\" handle was cleared after 10ms"}
{"t":"2026-09-26T07:39:08.419Z","type":"debug","text":"JSHandle@symbol JSHandle@symbol \"Setting the current frame to 324\" handle was cleared after 0ms"}
{"t":"2026-09-26T07:39:08.461Z","type":"debug","text":"JSHandle@symbol JSHandle@symbol \"Setting the current frame to 325\" handle was cleared after 9ms"}
{"t":"2026-09-26T07:39:08.485Z","type":"debug","text":"JSHandle@symbol JSHandle@symbol \"Setting the current frame to 326\" handle was cleared after 1ms"}
{"t":"2026-09-26T07:39:08.527Z","type":"debug","text":"JSHandle@symbol JSHandle@symbol \"Setting the current frame to 327\" handle was cleared after 9ms"}
{"t":"2026-09-26T07:39:08.552Z","type":"debug","text":"JSHandle@symbol JSHandle@symbol \"Setting the current frame to 328\" handle was cleared after 1ms"}
{"t":"2026-09-26T07:39:08.594Z","type":"debug","text":"JSHandle@symbol JSHandle@symbol \"Setting the current frame to 329\" handle was cleared after 11ms"}
{"t":"2026-09-26T07:39:08.619Z","type":"debug","text":"JSHandle@symbol JSHandle@symbol \"Setting the current frame to 330\" handle was cleared after 1ms"}
{"t":"2026-09-26T07:39:08.661Z","type":"debug","text":"JSHandle@symbol JSHandle@symbol \"Setting the current frame to 331\" handle was cleared after 6ms"}
{"t":"2026-09-26T07:39:08.684Z","type":"debug","text":"JSHandle@symbol JSHandle@symbol \"Setting the current frame to 332\" handle was cleared after 0ms"}
{"t":"2026-09-26T07:39:08.728Z","type":"debug","text":"JSHandle@symbol JSHandle@symbol \"Setting the current frame to 333\" handle was cleared after 10ms"}
{"t":"2026-09-26T07:39:08.752Z","type":"debug","text":"JSHandle@symbol JSHandle@symbol \"Setting the current frame to 334\" handle was cleared after 0ms"}
{"t":"2026-09-26T07:39:08.794Z","type":"debug","text":"JSHandle@symbol JSHandle@symbol \"Setting the current frame to 335\" handle was cleared after 10ms"}
{"t":"2026-09-26T07:39:08.819Z","type":"debug","text":"JSHandle@symbol JSHandle@symbol \"Setting the current frame to 336\" handle was cleared after 1ms"}
{"t":"2026-09-26T07:39:08.861Z","type":"debug","text":"JSHandle@symbol JSHandle@symbol \"Setting the current frame to 337\" handle was cleared after 10ms"}
{"t":"2026-09-26T07:39:08.885Z","type":"debug","text":"JSHandle@symbol JSHandle@symbol \"Setting the current frame to 338\" handle was cleared after 0ms"}
{"t":"2026-09-26T07:39:08.928Z","type":"debug","text":"JSHandle@symbol JSHandle@symbol \"Setting the current frame to 339\" handle was cleared after 12ms"}
{"t":"2026-09-26T07:39:08.952Z","type":"debug","text":"JSHandle@symbol JSHandle@symbol \"Setting the current frame to 340\" handle was cleared after 1ms"}
{"t":"2026-09-26T07:39:08.995Z","type":"debug","text":"JSHandle@symbol JSHandle@symbol \"Setting the current frame to 341\" handle was cleared after 10ms"}
{"t":"2026-09-26T07:39:09.018Z","type":"debug","text":"JSHandle@symbol JSHandle@symbol \"Setting the current frame to 342\" handle was cleared after 1ms"}
{"t":"2026-09-26T07:39:09.061Z","type":"debug","text":"JSHandle@symbol JSHandle@symbol \"Setting the current frame to 343\" handle was cleared after 10ms"}
{"t":"2026-09-26T07:39:09.084Z","type":"debug","text":"JSHandle@symbol JSHandle@symbol \"Setting the current frame to 344\" handle was cleared after 1ms"}
{"t":"2026-09-26T07:39:09.128Z","type":"debug","text":"JSHandle@symbol JSHandle@symbol \"Setting the current frame to 345\" handle was cleared after 11ms"}
{"t":"2026-09-26T07:39:09.152Z","type":"debug","text":"JSHandle@symbol JSHandle@symbol \"Setting the current frame to 346\" handle was cleared after 1ms"}
{"t":"2026-09-26T07:39:09.194Z","type":"debug","text":"JSHandle@symbol JSHandle@symbol \"Setting the current frame to 347\" handle was cleared after 7ms"}
{"t":"2026-09-26T07:39:09.218Z","type":"debug","text":"JSHandle@symbol JSHandle@symbol \"Setting the current frame to 348\" handle was cleared after 1ms"}
{"t":"2026-09-26T07:39:09.261Z","type":"debug","text":"JSHandle@symbol JSHandle@symbol \"Setting the current frame to 349\" handle was cleared after 7ms"}
{"t":"2026-09-26T07:39:09.286Z","type":"debug","text":"JSHandle@symbol JSHandle@symbol \"Setting the current frame to 350\" handle was cleared after 1ms"}
{"t":"2026-09-26T07:39:09.328Z","type":"debug","text":"JSHandle@symbol JSHandle@symbol \"Setting the current frame to 351\" handle was cleared after 9ms"}
{"t":"2026-09-26T07:39:09.358Z","type":"debug","text":"JSHandle@symbol JSHandle@symbol \"Setting the current frame to 352\" handle was cleared after 0ms"}
{"t":"2026-09-26T07:39:09.394Z","type":"debug","text":"JSHandle@symbol JSHandle@symbol \"Setting the current frame to 353\" handle was cleared after 10ms"}
{"t":"2026-09-26T07:39:09.418Z","type":"debug","text":"JSHandle@symbol JSHandle@symbol \"Setting the current frame to 354\" handle was cleared after 1ms"}
{"t":"2026-09-26T07:39:09.461Z","type":"debug","text":"JSHandle@symbol JSHandle@symbol \"Setting the current frame to 355\" handle was cleared after 9ms"}
{"t":"2026-09-26T07:39:09.485Z","type":"debug","text":"JSHandle@symbol JSHandle@symbol \"Setting the current frame to 356\" handle was cleared after 1ms"}
{"t":"2026-09-26T07:39:09.527Z","type":"debug","text":"JSHandle@symbol JSHandle@symbol \"Setting the current frame to 357\" handle was cleared after 10ms"}
{"t":"2026-09-26T07:39:09.553Z","type":"debug","text":"JSHandle@symbol JSHandle@symbol \"Setting the current frame to 358\" handle was cleared after 0ms"}
{"t":"2026-09-26T07:39:09.594Z","type":"debug","text":"JSHandle@symbol JSHandle@symbol \"Setting the current frame to 359\" handle was cleared after 10ms"}
{"t":"2026-09-26T07:39:09.618Z","type":"debug","text":"JSHandle@symbol JSHandle@symbol \"Setting the current frame to 360\" handle was cleared after 1ms"}
{"t":"2026-09-26T07:39:09.660Z","type":"debug","text":"JSHandle@symbol JSHandle@symbol \"Setting the current frame to 361\" handle was cleared after 10ms"}
{"t":"2026-09-26T07:39:09.685Z","type":"debug","text":"JSHandle@symbol JSHandle@symbol \"Setting the current frame to 362\" handle was cleared after 1ms"}
{"t":"2026-09-26T07:39:09.727Z","type":"debug","text":"JSHandle@symbol JSHandle@symbol \"Setting the current frame to 363\" handle was cleared after 7ms"}
{"t":"2026-09-26T07:39:09.751Z","type":"debug","text":"JSHandle@symbol JSHandle@symbol \"Setting the current frame to 364\" handle was cleared after 1ms"}
{"t":"2026-09-26T07:39:09.794Z","type":"debug","text":"JSHandle@symbol JSHandle@symbol \"Setting the current frame to 365\" handle was cleared after 9ms"}
{"t":"2026-09-26T07:39:09.818Z","type":"debug","text":"JSHandle@symbol JSHandle@symbol \"Setting the current frame to 366\" handle was cleared after 0ms"}
{"t":"2026-09-26T07:39:09.862Z","type":"debug","text":"JSHandle@symbol JSHandle@symbol \"Setting the current frame to 367\" handle was cleared after 11ms"}
{"t":"2026-09-26T07:39:09.886Z","type":"debug","text":"JSHandle@symbol JSHandle@symbol \"Setting the current frame to 368\" handle was cleared after 1ms"}
{"t":"2026-09-26T07:39:09.928Z","type":"debug","text":"JSHandle@symbol JSHandle@symbol \"Setting the current frame to 369\" handle was cleared after 9ms"}
{"t":"2026-09-26T07:39:09.953Z","type":"debug","text":"JSHandle@symbol JSHandle@symbol \"Setting the current frame to 370\" handle was cleared after 0ms"}
{"t":"2026-09-26T07:39:09.994Z","type":"debug","text":"JSHandle@symbol JSHandle@symbol \"Setting the current frame to 371\" handle was cleared after 7ms"}
{"t":"2026-09-26T07:39:10.020Z","type":"debug","text":"JSHandle@symbol JSHandle@symbol \"Setting the current frame to 372\" handle was cleared after 1ms"}
{"t":"2026-09-26T07:39:10.061Z","type":"debug","text":"JSHandle@symbol JSHandle@symbol \"Setting the current frame to 373\" handle was cleared after 7ms"}
{"t":"2026-09-26T07:39:10.087Z","type":"debug","text":"JSHandle@symbol JSHandle@symbol \"Setting the current frame to 374\" handle was cleared after 1ms"}
{"t":"2026-09-26T07:39:10.128Z","type":"debug","text":"JSHandle@symbol JSHandle@symbol \"Setting the current frame to 375\" handle was cleared after 7ms"}
{"t":"2026-09-26T07:39:10.156Z","type":"debug","text":"JSHandle@symbol JSHandle@symbol \"Setting the current frame to 376\" handle was cleared after 0ms"}
{"t":"2026-09-26T07:39:10.195Z","type":"debug","text":"JSHandle@symbol JSHandle@symbol \"Setting the current frame to 377\" handle was cleared after 9ms"}
{"t":"2026-09-26T07:39:10.220Z","type":"debug","text":"JSHandle@symbol JSHandle@symbol \"Setting the current frame to 378\" handle was cleared after 1ms"}
{"t":"2026-09-26T07:39:10.261Z","type":"debug","text":"JSHandle@symbol JSHandle@symbol \"Setting the current frame to 379\" handle was cleared after 9ms"}
{"t":"2026-09-26T07:39:10.285Z","type":"debug","text":"JSHandle@symbol JSHandle@symbol \"Setting the current frame to 380\" handle was cleared after 1ms"}
{"t":"2026-09-26T07:39:10.327Z","type":"debug","text":"JSHandle@symbol JSHandle@symbol \"Setting the current frame to 381\" handle was cleared after 8ms"}
{"t":"2026-09-26T07:39:10.352Z","type":"debug","text":"JSHandle@symbol JSHandle@symbol \"Setting the current frame to 382\" handle was cleared after 1ms"}
{"t":"2026-09-26T07:39:10.394Z","type":"debug","text":"JSHandle@symbol JSHandle@symbol \"Setting the current frame to 383\" handle was cleared after 4ms"}
{"t":"2026-09-26T07:39:10.422Z","type":"debug","text":"JSHandle@symbol JSHandle@symbol \"Setting the current frame to 384\" handle was cleared after 1ms"}
{"t":"2026-09-26T07:39:10.461Z","type":"debug","text":"JSHandle@symbol JSHandle@symbol \"Setting the current frame to 385\" handle was cleared after 6ms"}
{"t":"2026-09-26T07:39:10.489Z","type":"debug","text":"JSHandle@symbol JSHandle@symbol \"Setting the current frame to 386\" handle was cleared after 1ms"}
{"t":"2026-09-26T07:39:10.529Z","type":"debug","text":"JSHandle@symbol JSHandle@symbol \"Setting the current frame to 387\" handle was cleared after 6ms"}
{"t":"2026-09-26T07:39:10.555Z","type":"debug","text":"JSHandle@symbol JSHandle@symbol \"Setting the current frame to 388\" handle was cleared after 1ms"}
{"t":"2026-09-26T07:39:10.595Z","type":"debug","text":"JSHandle@symbol JSHandle@symbol \"Setting the current frame to 389\" handle was cleared after 7ms"}
{"t":"2026-09-26T07:39:10.626Z","type":"debug","text":"JSHandle@symbol JSHandle@symbol \"Setting the current frame to 390\" handle was cleared after 0ms"}
{"t":"2026-09-26T07:39:10.661Z","type":"debug","text":"JSHandle@symbol JSHandle@symbol \"Setting the current frame to 391\" handle was cleared after 8ms"}
{"t":"2026-09-26T07:39:10.694Z","type":"debug","text":"JSHandle@symbol JSHandle@symbol \"Setting the current frame to 392\" handle was cleared after 6ms"}
{"t":"2026-09-26T07:39:10.727Z","type":"debug","text":"JSHandle@symbol JSHandle@symbol \"Setting the current frame to 393\" handle was cleared after 8ms"}
{"t":"2026-09-26T07:39:10.761Z","type":"debug","text":"JSHandle@symbol JSHandle@symbol \"Setting the current frame to 394\" handle was cleared after 6ms"}
{"t":"2026-09-26T07:39:10.795Z","type":"debug","text":"JSHandle@symbol JSHandle@symbol \"Setting the current frame to 395\" handle was cleared after 9ms"}
{"t":"2026-09-26T07:39:10.827Z","type":"debug","text":"JSHandle@symbol JSHandle@symbol \"Setting the current frame to 396\" handle was cleared after 3ms"}
{"t":"2026-09-26T07:39:10.860Z","type":"debug","text":"JSHandle@symbol JSHandle@symbol \"Setting the current frame to 397\" handle was cleared after 7ms"}
{"t":"2026-09-26T07:39:10.894Z","type":"debug","text":"JSHandle@symbol JSHandle@symbol \"Setting the current frame to 398\" handle was cleared after 7ms"}
{"t":"2026-09-26T07:39:10.929Z","type":"debug","text":"JSHandle@symbol JSHandle@symbol \"Setting the current frame to 399\" handle was cleared after 8ms"}
{"t":"2026-09-26T07:39:10.961Z","type":"debug","text":"JSHandle@symbol JSHandle@symbol \"Setting the current frame to 400\" handle was cleared after 4ms"}
{"t":"2026-09-26T07:39:10.994Z","type":"debug","text":"JSHandle@symbol JSHandle@symbol \"Setting the current frame to 401\" handle was cleared after 9ms"}
{"t":"2026-09-26T07:39:11.028Z","type":"debug","text":"JSHandle@symbol JSHandle@symbol \"Setting the current frame to 402\" handle was cleared after 7ms"}
{"t":"2026-09-26T07:39:11.060Z","type":"debug","text":"JSHandle@symbol JSHandle@symbol \"Setting the current frame to 403\" handle was cleared after 7ms"}
{"t":"2026-09-26T07:39:11.095Z","type":"debug","text":"JSHandle@symbol JSHandle@symbol \"Setting the current frame to 404\" handle was cleared after 6ms"}
{"t":"2026-09-26T07:39:11.129Z","type":"debug","text":"JSHandle@symbol JSHandle@symbol \"Setting the current frame to 405\" handle was cleared after 9ms"}
{"t":"2026-09-26T07:39:11.161Z","type":"debug","text":"JSHandle@symbol JSHandle@symbol \"Setting the current frame to 406\" handle was cleared after 7ms"}
{"t":"2026-09-26T07:39:11.194Z","type":"debug","text":"JSHandle@symbol JSHandle@symbol \"Setting the current frame to 407\" handle was cleared after 7ms"}
{"t":"2026-09-26T07:39:11.228Z","type":"debug","text":"JSHandle@symbol JSHandle@symbol \"Setting the current frame to 408\" handle was cleared after 9ms"}
{"t":"2026-09-26T07:39:11.261Z","type":"debug","text":"JSHandle@symbol JSHandle@symbol \"Setting the current frame to 409\" handle was cleared after 1ms"}
{"t":"2026-09-26T07:39:11.294Z","type":"debug","text":"JSHandle@symbol JSHandle@symbol \"Setting the current frame to 410\" handle was cleared after 7ms"}
{"t":"2026-09-26T07:39:11.328Z","type":"debug","text":"JSHandle@symbol JSHandle@symbol \"Setting the current frame to 411\" handle was cleared after 4ms"}
{"t":"2026-09-26T07:39:11.361Z","type":"debug","text":"JSHandle@symbol JSHandle@symbol \"Setting the current frame to 412\" handle was cleared after 10ms"}
{"t":"2026-09-26T07:39:11.394Z","type":"debug","text":"JSHandle@symbol JSHandle@symbol \"Setting the current frame to 413\" handle was cleared after 4ms"}
{"t":"2026-09-26T07:39:11.427Z","type":"debug","text":"JSHandle@symbol JSHandle@symbol \"Setting the current frame to 414\" handle was cleared after 11ms"}
{"t":"2026-09-26T07:39:11.460Z","type":"debug","text":"JSHandle@symbol JSHandle@symbol \"Setting the current frame to 415\" handle was cleared after 9ms"}
{"t":"2026-09-26T07:39:11.494Z","type":"debug","text":"JSHandle@symbol JSHandle@symbol \"Setting the current frame to 416\" handle was cleared after 10ms"}
{"t":"2026-09-26T07:39:11.527Z","type":"debug","text":"JSHandle@symbol JSHandle@symbol \"Setting the current frame to 417\" handle was cleared after 9ms"}
{"t":"2026-09-26T07:39:11.561Z","type":"debug","text":"JSHandle@symbol JSHandle@symbol \"Setting the current frame to 418\" handle was cleared after 8ms"}
{"t":"2026-09-26T07:39:11.594Z","type":"debug","text":"JSHandle@symbol JSHandle@symbol \"Setting the current frame to 419\" handle was cleared after 9ms"}
{"t":"2026-09-26T07:39:11.627Z","type":"debug","text":"JSHandle@symbol JSHandle@symbol \"Setting the current frame to 420\" handle was cleared after 9ms"}
{"t":"2026-09-26T07:39:11.660Z","type":"debug","text":"JSHandle@symbol JSHandle@symbol \"Setting the current frame to 421\" handle was cleared after 10ms"}
{"t":"2026-09-26T07:39:11.694Z","type":"debug","text":"JSHandle@symbol JSHandle@symbol \"Setting the current frame to 422\" handle was cleared after 9ms"}
{"t":"2026-09-26T07:39:11.727Z","type":"debug","text":"JSHandle@symbol JSHandle@symbol \"Setting the current frame to 423\" handle was cleared after 9ms"}
{"t":"2026-09-26T07:39:11.761Z","type":"debug","text":"JSHandle@symbol JSHandle@symbol \"Setting the current frame to 424\" handle was cleared after 9ms"}
{"t":"2026-09-26T07:39:11.794Z","type":"debug","text":"JSHandle@symbol JSHandle@symbol \"Setting the current frame to 425\" handle was cleared after 9ms"}
{"t":"2026-09-26T07:39:11.828Z","type":"debug","text":"JSHandle@symbol JSHandle@symbol \"Setting the current frame to 426\" handle was cleared after 9ms"}
{"t":"2026-09-26T07:39:11.861Z","type":"debug","text":"JSHandle@symbol JSHandle@symbol \"Setting the current frame to 427\" handle was cleared after 9ms"}
{"t":"2026-09-26T07:39:11.895Z","type":"debug","text":"JSHandle@symbol JSHandle@symbol \"Setting the current frame to 428\" handle was cleared after 9ms"}
{"t":"2026-09-26T07:39:11.927Z","type":"debug","text":"JSHandle@symbol JSHandle@symbol \"Setting the current frame to 429\" handle was cleared after 5ms"}
{"t":"2026-09-26T07:39:11.962Z","type":"debug","text":"JSHandle@symbol JSHandle@symbol \"Setting the current frame to 430\" handle was cleared after 9ms"}
{"t":"2026-09-26T07:39:11.994Z","type":"debug","text":"JSHandle@symbol JSHandle@symbol \"Setting the current frame to 431\" handle was cleared after 7ms"}
{"t":"2026-09-26T07:39:12.028Z","type":"debug","text":"JSHandle@symbol JSHandle@symbol \"Setting the current frame to 432\" handle was cleared after 7ms"}
{"t":"2026-09-26T07:39:12.061Z","type":"debug","text":"JSHandle@symbol JSHandle@symbol \"Setting the current frame to 433\" handle was cleared after 8ms"}
{"t":"2026-09-26T07:39:12.094Z","type":"debug","text":"JSHandle@symbol JSHandle@symbol \"Setting the current frame to 434\" handle was cleared after 8ms"}
{"t":"2026-09-26T07:39:12.127Z","type":"debug","text":"JSHandle@symbol JSHandle@symbol \"Setting the current frame to 435\" handle was cleared after 4ms"}
{"t":"2026-09-26T07:39:12.160Z","type":"debug","text":"JSHandle@symbol JSHandle@symbol \"Setting the current frame to 436\" handle was cleared after 9ms"}
{"t":"2026-09-26T07:39:12.193Z","type":"debug","text":"JSHandle@symbol JSHandle@symbol \"Setting the current frame to 437\" handle was cleared after 9ms"}
{"t":"2026-09-26T07:39:12.227Z","type":"debug","text":"JSHandle@symbol JSHandle@symbol \"Setting the current frame to 438\" handle was cleared after 10ms"}
{"t":"2026-09-26T07:39:12.261Z","type":"debug","text":"JSHandle@symbol JSHandle@symbol \"Setting the current frame to 439\" handle was cleared after 9ms"}
{"t":"2026-09-26T07:39:12.294Z","type":"debug","text":"JSHandle@symbol JSHandle@symbol \"Setting the current frame to 440\" handle was cleared after 9ms"}
{"t":"2026-09-26T07:39:12.327Z","type":"debug","text":"JSHandle@symbol JSHandle@symbol \"Setting the current frame to 441\" handle was cleared after 8ms"}
{"t":"2026-09-26T07:39:12.361Z","type":"debug","text":"JSHandle@symbol JSHandle@symbol \"Setting the current frame to 442\" handle was cleared after 10ms"}
{"t":"2026-09-26T07:39:12.394Z","type":"debug","text":"JSHandle@symbol JSHandle@symbol \"Setting the current frame to 443\" handle was cleared after 9ms"}
{"t":"2026-09-26T07:39:12.429Z","type":"debug","text":"JSHandle@symbol JSHandle@symbol \"Setting the current frame to 444\" handle was cleared after 5ms"}
{"t":"2026-09-26T07:39:12.461Z","type":"debug","text":"JSHandle@symbol JSHandle@symbol \"Setting the current frame to 445\" handle was cleared after 6ms"}
{"t":"2026-09-26T07:39:12.494Z","type":"debug","text":"JSHandle@symbol JSHandle@symbol \"Setting the current frame to 446\" handle was cleared after 7ms"}
{"t":"2026-09-26T07:39:12.527Z","type":"debug","text":"JSHandle@symbol JSHandle@symbol \"Setting the current frame to 447\" handle was cleared after 8ms"}
{"t":"2026-09-26T07:39:12.562Z","type":"debug","text":"JSHandle@symbol JSHandle@symbol \"Setting the current frame to 448\" handle was cleared after 9ms"}
{"t":"2026-09-26T07:39:12.593Z","type":"debug","text":"JSHandle@symbol JSHandle@symbol \"Setting the current frame to 449\" handle was cleared after 2ms"}
{"t":"2026-09-26T07:39:12.627Z","type":"debug","text":"JSHandle@symbol JSHandle@symbol \"Setting the current frame to 450\" handle was cleared after 6ms"}
{"t":"2026-09-26T07:39:12.661Z","type":"debug","text":"JSHandle@symbol JSHandle@symbol \"Setting the current frame to 451\" handle was cleared after 2ms"}
{"t":"2026-09-26T07:39:12.694Z","type":"debug","text":"JSHandle@symbol JSHandle@symbol \"Setting the current frame to 452\" handle was cleared after 7ms"}
{"t":"2026-09-26T07:39:12.727Z","type":"debug","text":"JSHandle@symbol JSHandle@symbol \"Setting the current frame to 453\" handle was cleared after 4ms"}
{"t":"2026-09-26T07:39:12.762Z","type":"debug","text":"JSHandle@symbol JSHandle@symbol \"Setting the current frame to 454\" handle was cleared after 9ms"}
{"t":"2026-09-26T07:39:12.788Z","type":"debug","text":"JSHandle@symbol JSHandle@symbol \"Setting the current frame to 455\" handle was cleared after 1ms"}
{"t":"2026-09-26T07:39:12.828Z","type":"debug","text":"JSHandle@symbol JSHandle@symbol \"Setting the current frame to 456\" handle was cleared after 6ms"}
{"t":"2026-09-26T07:39:12.857Z","type":"debug","text":"JSHandle@symbol JSHandle@symbol \"Setting the current frame to 457\" handle was cleared after 1ms"}
{"t":"2026-09-26T07:39:12.894Z","type":"debug","text":"JSHandle@symbol JSHandle@symbol \"Setting the current frame to 458\" handle was cleared after 4ms"}
{"t":"2026-09-26T07:39:12.922Z","type":"debug","text":"JSHandle@symbol JSHandle@symbol \"Setting the current frame to 459\" handle was cleared after 1ms"}
{"t":"2026-09-26T07:39:12.960Z","type":"debug","text":"JSHandle@symbol JSHandle@symbol \"Setting the current frame to 460\" handle was cleared after 8ms"}
{"t":"2026-09-26T07:39:12.987Z","type":"debug","text":"JSHandle@symbol JSHandle@symbol \"Setting the current frame to 461\" handle was cleared after 0ms"}
{"t":"2026-09-26T07:39:13.027Z","type":"debug","text":"JSHandle@symbol JSHandle@symbol \"Setting the current frame to 462\" handle was cleared after 5ms"}
{"t":"2026-09-26T07:39:13.057Z","type":"debug","text":"JSHandle@symbol JSHandle@symbol \"Setting the current frame to 463\" handle was cleared after 1ms"}
{"t":"2026-09-26T07:39:13.095Z","type":"debug","text":"JSHandle@symbol JSHandle@symbol \"Setting the current frame to 464\" handle was cleared after 7ms"}
{"t":"2026-09-26T07:39:13.120Z","type":"debug","text":"JSHandle@symbol JSHandle@symbol \"Setting the current frame to 465\" handle was cleared after 1ms"}
{"t":"2026-09-26T07:39:13.161Z","type":"debug","text":"JSHandle@symbol JSHandle@symbol \"Setting the current frame to 466\" handle was cleared after 10ms"}
{"t":"2026-09-26T07:39:13.185Z","type":"debug","text":"JSHandle@symbol JSHandle@symbol \"Setting the current frame to 467\" handle was cleared after 1ms"}
{"t":"2026-09-26T07:39:13.227Z","type":"debug","text":"JSHandle@symbol JSHandle@symbol \"Setting the current frame to 468\" handle was cleared after 8ms"}
{"t":"2026-09-26T07:39:13.251Z","type":"debug","text":"JSHandle@symbol JSHandle@symbol \"Setting the current frame to 469\" handle was cleared after 1ms"}
{"t":"2026-09-26T07:39:13.294Z","type":"debug","text":"JSHandle@symbol JSHandle@symbol \"Setting the current frame to 470\" handle was cleared after 10ms"}
{"t":"2026-09-26T07:39:13.320Z","type":"debug","text":"JSHandle@symbol JSHandle@symbol \"Setting the current frame to 471\" handle was cleared after 0ms"}
{"t":"2026-09-26T07:39:13.361Z","type":"debug","text":"JSHandle@symbol JSHandle@symbol \"Setting the current frame to 472\" handle was cleared after 8ms"}
{"t":"2026-09-26T07:39:13.386Z","type":"debug","text":"JSHandle@symbol JSHandle@symbol \"Setting the current frame to 473\" handle was cleared after 1ms"}
{"t":"2026-09-26T07:39:13.427Z","type":"debug","text":"JSHandle@symbol JSHandle@symbol \"Setting the current frame to 474\" handle was cleared after 6ms"}
{"t":"2026-09-26T07:39:13.454Z","type":"debug","text":"JSHandle@symbol JSHandle@symbol \"Setting the current frame to 475\" handle was cleared after 1ms"}
{"t":"2026-09-26T07:39:13.495Z","type":"debug","text":"JSHandle@symbol JSHandle@symbol \"Setting the current frame to 476\" handle was cleared after 10ms"}
{"t":"2026-09-26T07:39:13.527Z","type":"debug","text":"JSHandle@symbol JSHandle@symbol \"Setting the current frame to 477\" handle was cleared after 1ms"}
{"t":"2026-09-26T07:39:13.561Z","type":"debug","text":"JSHandle@symbol JSHandle@symbol \"Setting the current frame to 478\" handle was cleared after 5ms"}
{"t":"2026-09-26T07:39:13.595Z","type":"debug","text":"JSHandle@symbol JSHandle@symbol \"Setting the current frame to 479\" handle was cleared after 8ms"}
{"t":"2026-09-26T07:39:13.627Z","type":"debug","text":"JSHandle@symbol JSHandle@symbol \"Setting the current frame to 480\" handle was cleared after 1ms"}
{"t":"2026-09-26T07:39:13.661Z","type":"debug","text":"JSHandle@symbol JSHandle@symbol \"Setting the current frame to 481\" handle was cleared after 4ms"}
{"t":"2026-09-26T07:39:13.695Z","type":"debug","text":"JSHandle@symbol JSHandle@symbol \"Setting the current frame to 482\" handle was cleared after 9ms"}
{"t":"2026-09-26T07:39:13.728Z","type":"debug","text":"JSHandle@symbol JSHandle@symbol \"Setting the current frame to 483\" handle was cleared after 5ms"}
{"t":"2026-09-26T07:39:13.761Z","type":"debug","text":"JSHandle@symbol JSHandle@symbol \"Setting the current frame to 484\" handle was cleared after 1ms"}
{"t":"2026-09-26T07:39:13.794Z","type":"debug","text":"JSHandle@symbol JSHandle@symbol \"Setting the current frame to 485\" handle was cleared after 6ms"}
{"t":"2026-09-26T07:39:13.829Z","type":"debug","text":"JSHandle@symbol JSHandle@symbol \"Setting the current frame to 486\" handle was cleared after 8ms"}
{"t":"2026-09-26T07:39:13.861Z","type":"debug","text":"JSHandle@symbol JSHandle@symbol \"Setting the current frame to 487\" handle was cleared after 4ms"}
{"t":"2026-09-26T07:39:13.893Z","type":"debug","text":"JSHandle@symbol JSHandle@symbol \"Setting the current frame to 488\" handle was cleared after 6ms"}
{"t":"2026-09-26T07:39:13.932Z","type":"debug","text":"JSHandle@symbol JSHandle@symbol \"Setting the current frame to 489\" handle was cleared after 6ms"}
{"t":"2026-09-26T07:39:13.961Z","type":"debug","text":"JSHandle@symbol JSHandle@symbol \"Setting the current frame to 490\" handle was cleared after 4ms"}
{"t":"2026-09-26T07:39:13.994Z","type":"debug","text":"JSHandle@symbol JSHandle@symbol \"Setting the current frame to 491\" handle was cleared after 5ms"}
{"t":"2026-09-26T07:39:14.028Z","type":"debug","text":"JSHandle@symbol JSHandle@symbol \"Setting the current frame to 492\" handle was cleared after 6ms"}
{"t":"2026-09-26T07:39:14.058Z","type":"debug","text":"JSHandle@symbol JSHandle@symbol \"Setting the current frame to 493\" handle was cleared after 1ms"}
{"t":"2026-09-26T07:39:14.094Z","type":"debug","text":"JSHandle@symbol JSHandle@symbol \"Setting the current frame to 494\" handle was cleared after 6ms"}
{"t":"2026-09-26T07:39:14.124Z","type":"debug","text":"JSHandle@symbol JSHandle@symbol \"Setting the current frame to 495\" handle was cleared after 1ms"}
{"t":"2026-09-26T07:39:14.160Z","type":"debug","text":"JSHandle@symbol JSHandle@symbol \"Setting the current frame to 496\" handle was cleared after 3ms"}
{"t":"2026-09-26T07:39:14.186Z","type":"debug","text":"JSHandle@symbol JSHandle@symbol \"Setting the current frame to 497\" handle was cleared after 1ms"}
{"t":"2026-09-26T07:39:14.228Z","type":"debug","text":"JSHandle@symbol JSHandle@symbol \"Setting the current frame to 498\" handle was cleared after 2ms"}
{"t":"2026-09-26T07:39:14.256Z","type":"debug","text":"JSHandle@symbol JSHandle@symbol \"Setting the current frame to 499\" handle was cleared after 1ms"}
{"t":"2026-09-26T07:39:14.294Z","type":"debug","text":"JSHandle@symbol JSHandle@symbol \"Setting the current frame to 500\" handle was cleared after 5ms"}
{"t":"2026-09-26T07:39:14.319Z","type":"debug","text":"JSHandle@symbol JSHandle@symbol \"Setting the current frame to 501\" handle was cleared after 1ms"}
{"t":"2026-09-26T07:39:14.361Z","type":"debug","text":"JSHandle@symbol JSHandle@symbol \"Setting the current frame to 502\" handle was cleared after 10ms"}
{"t":"2026-09-26T07:39:14.388Z","type":"debug","text":"JSHandle@symbol JSHandle@symbol \"Setting the current frame to 503\" handle was cleared after 1ms"}
{"t":"2026-09-26T07:39:14.427Z","type":"debug","text":"JSHandle@symbol JSHandle@symbol \"Setting the current frame to 504\" handle was cleared after 6ms"}
{"t":"2026-09-26T07:39:14.453Z","type":"debug","text":"JSHandle@symbol JSHandle@symbol \"Setting the current frame to 505\" handle was cleared after 1ms"}
{"t":"2026-09-26T07:39:14.494Z","type":"debug","text":"JSHandle@symbol JSHandle@symbol \"Setting the current frame to 506\" handle was cleared after 7ms"}
{"t":"2026-09-26T07:39:14.518Z","type":"debug","text":"JSHandle@symbol JSHandle@symbol \"Setting the current frame to 507\" handle was cleared after 1ms"}
{"t":"2026-09-26T07:39:14.560Z","type":"debug","text":"JSHandle@symbol JSHandle@symbol \"Setting the current frame to 508\" handle was cleared after 8ms"}
{"t":"2026-09-26T07:39:14.585Z","type":"debug","text":"JSHandle@symbol JSHandle@symbol \"Setting the current frame to 509\" handle was cleared after 1ms"}
{"t":"2026-09-26T07:39:14.628Z","type":"debug","text":"JSHandle@symbol JSHandle@symbol \"Setting the current frame to 510\" handle was cleared after 10ms"}
{"t":"2026-09-26T07:39:14.653Z","type":"debug","text":"JSHandle@symbol JSHandle@symbol \"Setting the current frame to 511\" handle was cleared after 1ms"}
{"t":"2026-09-26T07:39:14.694Z","type":"debug","text":"JSHandle@symbol JSHandle@symbol \"Setting the current frame to 512\" handle was cleared after 10ms"}
{"t":"2026-09-26T07:39:14.719Z","type":"debug","text":"JSHandle@symbol JSHandle@symbol \"Setting the current frame to 513\" handle was cleared after 1ms"}
{"t":"2026-09-26T07:39:14.761Z","type":"debug","text":"JSHandle@symbol JSHandle@symbol \"Setting the current frame to 514\" handle was cleared after 10ms"}
{"t":"2026-09-26T07:39:14.785Z","type":"debug","text":"JSHandle@symbol JSHandle@symbol \"Setting the current frame to 515\" handle was cleared after 0ms"}
{"t":"2026-09-26T07:39:14.827Z","type":"debug","text":"JSHandle@symbol JSHandle@symbol \"Setting the current frame to 516\" handle was cleared after 9ms"}
{"t":"2026-09-26T07:39:14.850Z","type":"debug","text":"JSHandle@symbol JSHandle@symbol \"Setting the current frame to 517\" handle was cleared after 1ms"}
{"t":"2026-09-26T07:39:14.894Z","type":"debug","text":"JSHandle@symbol JSHandle@symbol \"Setting the current frame to 518\" handle was cleared after 11ms"}
{"t":"2026-09-26T07:39:14.917Z","type":"debug","text":"JSHandle@symbol JSHandle@symbol \"Setting the current frame to 519\" handle was cleared after 1ms"}
{"t":"2026-09-26T07:39:14.961Z","type":"debug","text":"JSHandle@symbol JSHandle@symbol \"Setting the current frame to 520\" handle was cleared after 10ms"}
{"t":"2026-09-26T07:39:14.985Z","type":"debug","text":"JSHandle@symbol JSHandle@symbol \"Setting the current frame to 521\" handle was cleared after 0ms"}
{"t":"2026-09-26T07:39:15.027Z","type":"debug","text":"JSHandle@symbol JSHandle@symbol \"Setting the current frame to 522\" handle was cleared after 9ms"}
{"t":"2026-09-26T07:39:15.052Z","type":"debug","text":"JSHandle@symbol JSHandle@symbol \"Setting the current frame to 523\" handle was cleared after 1ms"}
{"t":"2026-09-26T07:39:15.094Z","type":"debug","text":"JSHandle@symbol JSHandle@symbol \"Setting the current frame to 524\" handle was cleared after 8ms"}
{"t":"2026-09-26T07:39:15.117Z","type":"debug","text":"JSHandle@symbol JSHandle@symbol \"Setting the current frame to 525\" handle was cleared after 1ms"}
{"t":"2026-09-26T07:39:15.160Z","type":"debug","text":"JSHandle@symbol JSHandle@symbol \"Setting the current frame to 526\" handle was cleared after 10ms"}
{"t":"2026-09-26T07:39:15.184Z","type":"debug","text":"JSHandle@symbol JSHandle@symbol \"Setting the current frame to 527\" handle was cleared after 0ms"}
{"t":"2026-09-26T07:39:15.228Z","type":"debug","text":"JSHandle@symbol JSHandle@symbol \"Setting the current frame to 528\" handle was cleared after 11ms"}
{"t":"2026-09-26T07:39:15.250Z","type":"debug","text":"JSHandle@symbol JSHandle@symbol \"Setting the current frame to 529\" handle was cleared after 0ms"}
{"t":"2026-09-26T07:39:15.294Z","type":"debug","text":"JSHandle@symbol JSHandle@symbol \"Setting the current frame to 530\" handle was cleared after 11ms"}
{"t":"2026-09-26T07:39:15.318Z","type":"debug","text":"JSHandle@symbol JSHandle@symbol \"Setting the current frame to 531\" handle was cleared after 0ms"}
{"t":"2026-09-26T07:39:15.361Z","type":"debug","text":"JSHandle@symbol JSHandle@symbol \"Setting the current frame to 532\" handle was cleared after 11ms"}
{"t":"2026-09-26T07:39:15.385Z","type":"debug","text":"JSHandle@symbol JSHandle@symbol \"Setting the current frame to 533\" handle was cleared after 0ms"}
{"t":"2026-09-26T07:39:15.427Z","type":"debug","text":"JSHandle@symbol JSHandle@symbol \"Setting the current frame to 534\" handle was cleared after 11ms"}
{"t":"2026-09-26T07:39:15.451Z","type":"debug","text":"JSHandle@symbol JSHandle@symbol \"Setting the current frame to 535\" handle was cleared after 0ms"}
{"t":"2026-09-26T07:39:15.495Z","type":"debug","text":"JSHandle@symbol JSHandle@symbol \"Setting the current frame to 536\" handle was cleared after 11ms"}
{"t":"2026-09-26T07:39:15.518Z","type":"debug","text":"JSHandle@symbol JSHandle@symbol \"Setting the current frame to 537\" handle was cleared after 1ms"}
{"t":"2026-09-26T07:39:15.561Z","type":"debug","text":"JSHandle@symbol JSHandle@symbol \"Setting the current frame to 538\" handle was cleared after 10ms"}
{"t":"2026-09-26T07:39:15.585Z","type":"debug","text":"JSHandle@symbol JSHandle@symbol \"Setting the current frame to 539\" handle was cleared after 1ms"}
{"t":"2026-09-26T07:39:15.627Z","type":"debug","text":"JSHandle@symbol JSHandle@symbol \"Setting the current frame to 540\" handle was cleared after 10ms"}
{"t":"2026-09-26T07:39:15.652Z","type":"debug","text":"JSHandle@symbol JSHandle@symbol \"Setting the current frame to 541\" handle was cleared after 1ms"}
{"t":"2026-09-26T07:39:15.694Z","type":"debug","text":"JSHandle@symbol JSHandle@symbol \"Setting the current frame to 542\" handle was cleared after 12ms"}
{"t":"2026-09-26T07:39:15.719Z","type":"debug","text":"JSHandle@symbol JSHandle@symbol \"Setting the current frame to 543\" handle was cleared after 1ms"}
{"t":"2026-09-26T07:39:15.761Z","type":"debug","text":"JSHandle@symbol JSHandle@symbol \"Setting the current frame to 544\" handle was cleared after 10ms"}
{"t":"2026-09-26T07:39:15.788Z","type":"debug","text":"JSHandle@symbol JSHandle@symbol \"Setting the current frame to 545\" handle was cleared after 1ms"}
{"t":"2026-09-26T07:39:15.828Z","type":"debug","text":"JSHandle@symbol JSHandle@symbol \"Setting the current frame to 546\" handle was cleared after 7ms"}
{"t":"2026-09-26T07:39:15.854Z","type":"debug","text":"JSHandle@symbol JSHandle@symbol \"Setting the current frame to 547\" handle was cleared after 0ms"}
{"t":"2026-09-26T07:39:15.895Z","type":"debug","text":"JSHandle@symbol JSHandle@symbol \"Setting the current frame to 548\" handle was cleared after 11ms"}
{"t":"2026-09-26T07:39:15.920Z","type":"debug","text":"JSHandle@symbol JSHandle@symbol \"Setting the current frame to 549\" handle was cleared after 1ms"}
{"t":"2026-09-26T07:39:15.961Z","type":"debug","text":"JSHandle@symbol JSHandle@symbol \"Setting the current frame to 550\" handle was cleared after 10ms"}
{"t":"2026-09-26T07:39:15.986Z","type":"debug","text":"JSHandle@symbol JSHandle@symbol \"Setting the current frame to 551\" handle was cleared after 1ms"}
{"t":"2026-09-26T07:39:16.028Z","type":"debug","text":"JSHandle@symbol JSHandle@symbol \"Setting the current frame to 552\" handle was cleared after 11ms"}
{"t":"2026-09-26T07:39:16.053Z","type":"debug","text":"JSHandle@symbol JSHandle@symbol \"Setting the current frame to 553\" handle was cleared after 1ms"}
{"t":"2026-09-26T07:39:16.094Z","type":"debug","text":"JSHandle@symbol JSHandle@symbol \"Setting the current frame to 554\" handle was cleared after 9ms"}
{"t":"2026-09-26T07:39:16.119Z","type":"debug","text":"JSHandle@symbol JSHandle@symbol \"Setting the current frame to 555\" handle was cleared after 1ms"}
{"t":"2026-09-26T07:39:16.161Z","type":"debug","text":"JSHandle@symbol JSHandle@symbol \"Setting the current frame to 556\" handle was cleared after 8ms"}
{"t":"2026-09-26T07:39:16.186Z","type":"debug","text":"JSHandle@symbol JSHandle@symbol \"Setting the current frame to 557\" handle was cleared after 0ms"}
{"t":"2026-09-26T07:39:16.228Z","type":"debug","text":"JSHandle@symbol JSHandle@symbol \"Setting the current frame to 558\" handle was cleared after 11ms"}
{"t":"2026-09-26T07:39:16.253Z","type":"debug","text":"JSHandle@symbol JSHandle@symbol \"Setting the current frame to 559\" handle was cleared after 1ms"}
{"t":"2026-09-26T07:39:16.294Z","type":"debug","text":"JSHandle@symbol JSHandle@symbol \"Setting the current frame to 560\" handle was cleared after 9ms"}
{"t":"2026-09-26T07:39:16.319Z","type":"debug","text":"JSHandle@symbol JSHandle@symbol \"Setting the current frame to 561\" handle was cleared after 0ms"}
{"t":"2026-09-26T07:39:16.360Z","type":"debug","text":"JSHandle@symbol JSHandle@symbol \"Setting the current frame to 562\" handle was cleared after 9ms"}
{"t":"2026-09-26T07:39:16.385Z","type":"debug","text":"JSHandle@symbol JSHandle@symbol \"Setting the current frame to 563\" handle was cleared after 1ms"}
{"t":"2026-09-26T07:39:16.427Z","type":"debug","text":"JSHandle@symbol JSHandle@symbol \"Setting the current frame to 564\" handle was cleared after 10ms"}
{"t":"2026-09-26T07:39:16.450Z","type":"debug","text":"JSHandle@symbol JSHandle@symbol \"Setting the current frame to 565\" handle was cleared after 0ms"}
{"t":"2026-09-26T07:39:16.493Z","type":"debug","text":"JSHandle@symbol JSHandle@symbol \"Setting the current frame to 566\" handle was cleared after 9ms"}
{"t":"2026-09-26T07:39:16.518Z","type":"debug","text":"JSHandle@symbol JSHandle@symbol \"Setting the current frame to 567\" handle was cleared after 0ms"}
{"t":"2026-09-26T07:39:16.560Z","type":"debug","text":"JSHandle@symbol JSHandle@symbol \"Setting the current frame to 568\" handle was cleared after 9ms"}
{"t":"2026-09-26T07:39:16.585Z","type":"debug","text":"JSHandle@symbol JSHandle@symbol \"Setting the current frame to 569\" handle was cleared after 1ms"}
{"t":"2026-09-26T07:39:16.627Z","type":"debug","text":"JSHandle@symbol JSHandle@symbol \"Setting the current frame to 570\" handle was cleared after 11ms"}
{"t":"2026-09-26T07:39:16.651Z","type":"debug","text":"JSHandle@symbol JSHandle@symbol \"Setting the current frame to 571\" handle was cleared after 1ms"}
{"t":"2026-09-26T07:39:16.693Z","type":"debug","text":"JSHandle@symbol JSHandle@symbol \"Setting the current frame to 572\" handle was cleared after 10ms"}
{"t":"2026-09-26T07:39:16.718Z","type":"debug","text":"JSHandle@symbol JSHandle@symbol \"Setting the current frame to 573\" handle was cleared after 0ms"}
{"t":"2026-09-26T07:39:16.762Z","type":"debug","text":"JSHandle@symbol JSHandle@symbol \"Setting the current frame to 574\" handle was cleared after 12ms"}
{"t":"2026-09-26T07:39:16.787Z","type":"debug","text":"JSHandle@symbol JSHandle@symbol \"Setting the current frame to 575\" handle was cleared after 0ms"}
{"t":"2026-09-26T07:39:16.827Z","type":"debug","text":"JSHandle@symbol JSHandle@symbol \"Setting the current frame to 576\" handle was cleared after 7ms"}
{"t":"2026-09-26T07:39:16.851Z","type":"debug","text":"JSHandle@symbol JSHandle@symbol \"Setting the current frame to 577\" handle was cleared after 1ms"}
{"t":"2026-09-26T07:39:16.893Z","type":"debug","text":"JSHandle@symbol JSHandle@symbol \"Setting the current frame to 578\" handle was cleared after 8ms"}
{"t":"2026-09-26T07:39:16.918Z","type":"debug","text":"JSHandle@symbol JSHandle@symbol \"Setting the current frame to 579\" handle was cleared after 1ms"}
{"t":"2026-09-26T07:39:16.960Z","type":"debug","text":"JSHandle@symbol JSHandle@symbol \"Setting the current frame to 580\" handle was cleared after 7ms"}
{"t":"2026-09-26T07:39:16.985Z","type":"debug","text":"JSHandle@symbol JSHandle@symbol \"Setting the current frame to 581\" handle was cleared after 1ms"}
{"t":"2026-09-26T07:39:17.029Z","type":"debug","text":"JSHandle@symbol JSHandle@symbol \"Setting the current frame to 582\" handle was cleared after 9ms"}
{"t":"2026-09-26T07:39:17.053Z","type":"debug","text":"JSHandle@symbol JSHandle@symbol \"Setting the current frame to 583\" handle was cleared after 1ms"}
{"t":"2026-09-26T07:39:17.094Z","type":"debug","text":"JSHandle@symbol JSHandle@symbol \"Setting the current frame to 584\" handle was cleared after 7ms"}
{"t":"2026-09-26T07:39:17.119Z","type":"debug","text":"JSHandle@symbol JSHandle@symbol \"Setting the current frame to 585\" handle was cleared after 0ms"}
{"t":"2026-09-26T07:39:17.160Z","type":"debug","text":"JSHandle@symbol JSHandle@symbol \"Setting the current frame to 586\" handle was cleared after 9ms"}
{"t":"2026-09-26T07:39:17.184Z","type":"debug","text":"JSHandle@symbol JSHandle@symbol \"Setting the current frame to 587\" handle was cleared after 0ms"}
{"t":"2026-09-26T07:39:17.227Z","type":"debug","text":"JSHandle@symbol JSHandle@symbol \"Setting the current frame to 588\" handle was cleared after 10ms"}
{"t":"2026-09-26T07:39:17.253Z","type":"debug","text":"JSHandle@symbol JSHandle@symbol \"Setting the current frame to 589\" handle was cleared after 1ms"}
{"t":"2026-09-26T07:39:17.294Z","type":"debug","text":"JSHandle@symbol JSHandle@symbol \"Setting the current frame to 590\" handle was cleared after 8ms"}
{"t":"2026-09-26T07:39:17.318Z","type":"debug","text":"JSHandle@symbol JSHandle@symbol \"Setting the current frame to 591\" handle was cleared after 1ms"}
{"t":"2026-09-26T07:39:17.360Z","type":"debug","text":"JSHandle@symbol JSHandle@symbol \"Setting the current frame to 592\" handle was cleared after 10ms"}
{"t":"2026-09-26T07:39:17.385Z","type":"debug","text":"JSHandle@symbol JSHandle@symbol \"Setting the current frame to 593\" handle was cleared after 1ms"}
{"t":"2026-09-26T07:39:17.429Z","type":"debug","text":"JSHandle@symbol JSHandle@symbol \"Setting the current frame to 594\" handle was cleared after 11ms"}
{"t":"2026-09-26T07:39:17.455Z","type":"debug","text":"JSHandle@symbol JSHandle@symbol \"Setting the current frame to 595\" handle was cleared after 1ms"}
{"t":"2026-09-26T07:39:17.495Z","type":"debug","text":"JSHandle@symbol JSHandle@symbol \"Setting the current frame to 596\" handle was cleared after 9ms"}
{"t":"2026-09-26T07:39:17.519Z","type":"debug","text":"JSHandle@symbol JSHandle@symbol \"Setting the current frame to 597\" handle was cleared after 1ms"}
{"t":"2026-09-26T07:39:17.560Z","type":"debug","text":"JSHandle@symbol JSHandle@symbol \"Setting the current frame to 598\" handle was cleared after 10ms"}
{"t":"2026-09-26T07:39:17.584Z","type":"debug","text":"JSHandle@symbol JSHandle@symbol \"Setting the current frame to 599\" handle was cleared after 0ms"}
{"t":"2026-09-26T07:39:17.627Z","type":"debug","text":"JSHandle@symbol JSHandle@symbol \"Setting the current frame to 600\" handle was cleared after 10ms"}
{"t":"2026-09-26T07:39:17.651Z","type":"debug","text":"JSHandle@symbol JSHandle@symbol \"Setting the current frame to 601\" handle was cleared after 1ms"}
{"t":"2026-09-26T07:39:17.694Z","type":"debug","text":"JSHandle@symbol JSHandle@symbol \"Setting the current frame to 602\" handle was cleared after 10ms"}
{"t":"2026-09-26T07:39:17.718Z","type":"debug","text":"JSHandle@symbol JSHandle@symbol \"Setting the current frame to 603\" handle was cleared after 1ms"}
{"t":"2026-09-26T07:39:17.760Z","type":"debug","text":"JSHandle@symbol JSHandle@symbol \"Setting the current frame to 604\" handle was cleared after 8ms"}
{"t":"2026-09-26T07:39:17.785Z","type":"debug","text":"JSHandle@symbol JSHandle@symbol \"Setting the current frame to 605\" handle was cleared after 0ms"}
{"t":"2026-09-26T07:39:17.827Z","type":"debug","text":"JSHandle@symbol JSHandle@symbol \"Setting the current frame to 606\" handle was cleared after 8ms"}
{"t":"2026-09-26T07:39:17.852Z","type":"debug","text":"JSHandle@symbol JSHandle@symbol \"Setting the current frame to 607\" handle was cleared after 1ms"}
{"t":"2026-09-26T07:39:17.893Z","type":"debug","text":"JSHandle@symbol JSHandle@symbol \"Setting the current frame to 608\" handle was cleared after 8ms"}
{"t":"2026-09-26T07:39:17.918Z","type":"debug","text":"JSHandle@symbol JSHandle@symbol \"Setting the current frame to 609\" handle was cleared after 1ms"}
{"t":"2026-09-26T07:39:17.961Z","type":"debug","text":"JSHandle@symbol JSHandle@symbol \"Setting the current frame to 610\" handle was cleared after 10ms"}
{"t":"2026-09-26T07:39:17.985Z","type":"debug","text":"JSHandle@symbol JSHandle@symbol \"Setting the current frame to 611\" handle was cleared after 1ms"}
{"t":"2026-09-26T07:39:18.027Z","type":"debug","text":"JSHandle@symbol JSHandle@symbol \"Setting the current frame to 612\" handle was cleared after 7ms"}
{"t":"2026-09-26T07:39:18.052Z","type":"debug","text":"JSHandle@symbol JSHandle@symbol \"Setting the current frame to 613\" handle was cleared after 1ms"}
{"t":"2026-09-26T07:39:18.094Z","type":"debug","text":"JSHandle@symbol JSHandle@symbol \"Setting the current frame to 614\" handle was cleared after 10ms"}
{"t":"2026-09-26T07:39:18.122Z","type":"debug","text":"JSHandle@symbol JSHandle@symbol \"Setting the current frame to 615\" handle was cleared after 0ms"}
{"t":"2026-09-26T07:39:18.160Z","type":"debug","text":"JSHandle@symbol JSHandle@symbol \"Setting the current frame to 616\" handle was cleared after 2ms"}
{"t":"2026-09-26T07:39:18.188Z","type":"debug","text":"JSHandle@symbol JSHandle@symbol \"Setting the current frame to 617\" handle was cleared after 0ms"}
{"t":"2026-09-26T07:39:18.228Z","type":"debug","text":"JSHandle@symbol JSHandle@symbol \"Setting the current frame to 618\" handle was cleared after 4ms"}
{"t":"2026-09-26T07:39:18.259Z","type":"debug","text":"JSHandle@symbol JSHandle@symbol \"Setting the current frame to 619\" handle was cleared after 1ms"}
{"t":"2026-09-26T07:39:18.294Z","type":"debug","text":"JSHandle@symbol JSHandle@symbol \"Setting the current frame to 620\" handle was cleared after 2ms"}
{"t":"2026-09-26T07:39:18.329Z","type":"debug","text":"JSHandle@symbol JSHandle@symbol \"Setting the current frame to 621\" handle was cleared after 7ms"}
{"t":"2026-09-26T07:39:18.362Z","type":"debug","text":"JSHandle@symbol JSHandle@symbol \"Setting the current frame to 622\" handle was cleared after 6ms"}
{"t":"2026-09-26T07:39:18.394Z","type":"debug","text":"JSHandle@symbol JSHandle@symbol \"Setting the current frame to 623\" handle was cleared after 5ms"}
{"t":"2026-09-26T07:39:18.427Z","type":"debug","text":"JSHandle@symbol JSHandle@symbol \"Setting the current frame to 624\" handle was cleared after 5ms"}
{"t":"2026-09-26T07:39:18.461Z","type":"debug","text":"JSHandle@symbol JSHandle@symbol \"Setting the current frame to 625\" handle was cleared after 6ms"}
{"t":"2026-09-26T07:39:18.493Z","type":"debug","text":"JSHandle@symbol JSHandle@symbol \"Setting the current frame to 626\" handle was cleared after 2ms"}
{"t":"2026-09-26T07:39:18.528Z","type":"debug","text":"JSHandle@symbol JSHandle@symbol \"Setting the current frame to 627\" handle was cleared after 6ms"}
{"t":"2026-09-26T07:39:18.560Z","type":"debug","text":"JSHandle@symbol JSHandle@symbol \"Setting the current frame to 628\" handle was cleared after 6ms"}
{"t":"2026-09-26T07:39:18.594Z","type":"debug","text":"JSHandle@symbol JSHandle@symbol \"Setting the current frame to 629\" handle was cleared after 4ms"}
{"t":"2026-09-26T07:39:18.628Z","type":"debug","text":"JSHandle@symbol JSHandle@symbol \"Setting the current frame to 630\" handle was cleared after 4ms"}
{"t":"2026-09-26T07:39:18.661Z","type":"debug","text":"JSHandle@symbol JSHandle@symbol \"Setting the current frame to 631\" handle was cleared after 7ms"}
{"t":"2026-09-26T07:39:18.695Z","type":"debug","text":"JSHandle@symbol JSHandle@symbol \"Setting the current frame to 632\" handle was cleared after 4ms"}
{"t":"2026-09-26T07:39:18.727Z","type":"debug","text":"JSHandle@symbol JSHandle@symbol \"Setting the current frame to 633\" handle was cleared after 7ms"}
{"t":"2026-09-26T07:39:18.761Z","type":"debug","text":"JSHandle@symbol JSHandle@symbol \"Setting the current frame to 634\" handle was cleared after 7ms"}
{"t":"2026-09-26T07:39:18.794Z","type":"debug","text":"JSHandle@symbol JSHandle@symbol \"Setting the current frame to 635\" handle was cleared after 2ms"}
{"t":"2026-09-26T07:39:18.827Z","type":"debug","text":"JSHandle@symbol JSHandle@symbol \"Setting the current frame to 636\" handle was cleared after 7ms"}
{"t":"2026-09-26T07:39:18.861Z","type":"debug","text":"JSHandle@symbol JSHandle@symbol \"Setting the current frame to 637\" handle was cleared after 6ms"}
{"t":"2026-09-26T07:39:18.894Z","type":"debug","text":"JSHandle@symbol JSHandle@symbol \"Setting the current frame to 638\" handle was cleared after 7ms"}
{"t":"2026-09-26T07:39:18.927Z","type":"debug","text":"JSHandle@symbol JSHandle@symbol \"Setting the current frame to 639\" handle was cleared after 7ms"}
{"t":"2026-09-26T07:39:18.960Z","type":"debug","text":"JSHandle@symbol JSHandle@symbol \"Setting the current frame to 640\" handle was cleared after 4ms"}
{"t":"2026-09-26T07:39:18.994Z","type":"debug","text":"JSHandle@symbol JSHandle@symbol \"Setting the current frame to 641\" handle was cleared after 2ms"}
{"t":"2026-09-26T07:39:19.027Z","type":"debug","text":"JSHandle@symbol JSHandle@symbol \"Setting the current frame to 642\" handle was cleared after 6ms"}
{"t":"2026-09-26T07:39:19.060Z","type":"debug","text":"JSHandle@symbol JSHandle@symbol \"Setting the current frame to 643\" handle was cleared after 6ms"}
{"t":"2026-09-26T07:39:19.094Z","type":"debug","text":"JSHandle@symbol JSHandle@symbol \"Setting the current frame to 644\" handle was cleared after 6ms"}
{"t":"2026-09-26T07:39:19.127Z","type":"debug","text":"JSHandle@symbol JSHandle@symbol \"Setting the current frame to 645\" handle was cleared after 7ms"}
{"t":"2026-09-26T07:39:19.161Z","type":"debug","text":"JSHandle@symbol JSHandle@symbol \"Setting the current frame to 646\" handle was cleared after 8ms"}
{"t":"2026-09-26T07:39:19.194Z","type":"debug","text":"JSHandle@symbol JSHandle@symbol \"Setting the current frame to 647\" handle was cleared after 1ms"}
{"t":"2026-09-26T07:39:19.228Z","type":"debug","text":"JSHandle@symbol JSHandle@symbol \"Setting the current frame to 648\" handle was cleared after 8ms"}
{"t":"2026-09-26T07:39:19.262Z","type":"debug","text":"JSHandle@symbol JSHandle@symbol \"Setting the current frame to 649\" handle was cleared after 6ms"}
{"t":"2026-09-26T07:39:19.295Z","type":"debug","text":"JSHandle@symbol JSHandle@symbol \"Setting the current frame to 650\" handle was cleared after 5ms"}
{"t":"2026-09-26T07:39:19.327Z","type":"debug","text":"JSHandle@symbol JSHandle@symbol \"Setting the current frame to 651\" handle was cleared after 5ms"}
{"t":"2026-09-26T07:39:19.361Z","type":"debug","text":"JSHandle@symbol JSHandle@symbol \"Setting the current frame to 652\" handle was cleared after 7ms"}
{"t":"2026-09-26T07:39:19.394Z","type":"debug","text":"JSHandle@symbol JSHandle@symbol \"Setting the current frame to 653\" handle was cleared after 8ms"}
{"t":"2026-09-26T07:39:19.427Z","type":"debug","text":"JSHandle@symbol JSHandle@symbol \"Setting the current frame to 654\" handle was cleared after 7ms"}
{"t":"2026-09-26T07:39:19.461Z","type":"debug","text":"JSHandle@symbol JSHandle@symbol \"Setting the current frame to 655\" handle was cleared after 6ms"}
{"t":"2026-09-26T07:39:19.493Z","type":"debug","text":"JSHandle@symbol JSHandle@symbol \"Setting the current frame to 656\" handle was cleared after 6ms"}
{"t":"2026-09-26T07:39:19.528Z","type":"debug","text":"JSHandle@symbol JSHandle@symbol \"Setting the current frame to 657\" handle was cleared after 6ms"}
{"t":"2026-09-26T07:39:19.561Z","type":"debug","text":"JSHandle@symbol JSHandle@symbol \"Setting the current frame to 658\" handle was cleared after 8ms"}
{"t":"2026-09-26T07:39:19.593Z","type":"debug","text":"JSHandle@symbol JSHandle@symbol \"Setting the current frame to 659\" handle was cleared after 8ms"}
{"t":"2026-09-26T07:39:19.627Z","type":"debug","text":"JSHandle@symbol JSHandle@symbol \"Setting the current frame to 660\" handle was cleared after 10ms"}
{"t":"2026-09-26T07:39:19.661Z","type":"debug","text":"JSHandle@symbol JSHandle@symbol \"Setting the current frame to 661\" handle was cleared after 2ms"}
{"t":"2026-09-26T07:39:19.694Z","type":"debug","text":"JSHandle@symbol JSHandle@symbol \"Setting the current frame to 662\" handle was cleared after 4ms"}
{"t":"2026-09-26T07:39:19.728Z","type":"debug","text":"JSHandle@symbol JSHandle@symbol \"Setting the current frame to 663\" handle was cleared after 5ms"}
{"t":"2026-09-26T07:39:19.760Z","type":"debug","text":"JSHandle@symbol JSHandle@symbol \"Setting the current frame to 664\" handle was cleared after 7ms"}
{"t":"2026-09-26T07:39:19.794Z","type":"debug","text":"JSHandle@symbol JSHandle@symbol \"Setting the current frame to 665\" handle was cleared after 8ms"}
{"t":"2026-09-26T07:39:19.827Z","type":"debug","text":"JSHandle@symbol JSHandle@symbol \"Setting the current frame to 666\" handle was cleared after 7ms"}
{"t":"2026-09-26T07:39:19.861Z","type":"debug","text":"JSHandle@symbol JSHandle@symbol \"Setting the current frame to 667\" handle was cleared after 3ms"}
{"t":"2026-09-26T07:39:19.894Z","type":"debug","text":"JSHandle@symbol JSHandle@symbol \"Setting the current frame to 668\" handle was cleared after 5ms"}
{"t":"2026-09-26T07:39:19.927Z","type":"debug","text":"JSHandle@symbol JSHandle@symbol \"Setting the current frame to 669\" handle was cleared after 5ms"}
{"t":"2026-09-26T07:39:19.960Z","type":"debug","text":"JSHandle@symbol JSHandle@symbol \"Setting the current frame to 670\" handle was cleared after 8ms"}
{"t":"2026-09-26T07:39:19.994Z","type":"debug","text":"JSHandle@symbol JSHandle@symbol \"Setting the current frame to 671\" handle was cleared after 8ms"}
{"t":"2026-09-26T07:39:20.027Z","type":"debug","text":"JSHandle@symbol JSHandle@symbol \"Setting the current frame to 672\" handle was cleared after 7ms"}
{"t":"2026-09-26T07:39:20.061Z","type":"debug","text":"JSHandle@symbol JSHandle@symbol \"Setting the current frame to 673\" handle was cleared after 0ms"}
{"t":"2026-09-26T07:39:20.094Z","type":"debug","text":"JSHandle@symbol JSHandle@symbol \"Setting the current frame to 674\" handle was cleared after 5ms"}
{"t":"2026-09-26T07:39:20.128Z","type":"debug","text":"JSHandle@symbol JSHandle@symbol \"Setting the current frame to 675\" handle was cleared after 9ms"}
{"t":"2026-09-26T07:39:20.160Z","type":"debug","text":"JSHandle@symbol JSHandle@symbol \"Setting the current frame to 676\" handle was cleared after 6ms"}
{"t":"2026-09-26T07:39:20.193Z","type":"debug","text":"JSHandle@symbol JSHandle@symbol \"Setting the current frame to 677\" handle was cleared after 8ms"}
{"t":"2026-09-26T07:39:20.227Z","type":"debug","text":"JSHandle@symbol JSHandle@symbol \"Setting the current frame to 678\" handle was cleared after 9ms"}
{"t":"2026-09-26T07:39:20.261Z","type":"debug","text":"JSHandle@symbol JSHandle@symbol \"Setting the current frame to 679\" handle was cleared after 11ms"}
{"t":"2026-09-26T07:39:20.293Z","type":"debug","text":"JSHandle@symbol JSHandle@symbol \"Setting the current frame to 680\" handle was cleared after 9ms"}
{"t":"2026-09-26T07:39:20.327Z","type":"debug","text":"JSHandle@symbol JSHandle@symbol \"Setting the current frame to 681\" handle was cleared after 10ms"}
{"t":"2026-09-26T07:39:20.360Z","type":"debug","text":"JSHandle@symbol JSHandle@symbol \"Setting the current frame to 682\" handle was cleared after 10ms"}
{"t":"2026-09-26T07:39:20.394Z","type":"debug","text":"JSHandle@symbol JSHandle@symbol \"Setting the current frame to 683\" handle was cleared after 11ms"}
{"t":"2026-09-26T07:39:20.427Z","type":"debug","text":"JSHandle@symbol JSHandle@symbol \"Setting the current frame to 684\" handle was cleared after 9ms"}
{"t":"2026-09-26T07:39:20.460Z","type":"debug","text":"JSHandle@symbol JSHandle@symbol \"Setting the current frame to 685\" handle was cleared after 8ms"}
{"t":"2026-09-26T07:39:20.494Z","type":"debug","text":"JSHandle@symbol JSHandle@symbol \"Setting the current frame to 686\" handle was cleared after 9ms"}
{"t":"2026-09-26T07:39:20.527Z","type":"debug","text":"JSHandle@symbol JSHandle@symbol \"Setting the current frame to 687\" handle was cleared after 8ms"}
{"t":"2026-09-26T07:39:20.560Z","type":"debug","text":"JSHandle@symbol JSHandle@symbol \"Setting the current frame to 688\" handle was cleared after 6ms"}
{"t":"2026-09-26T07:39:20.593Z","type":"debug","text":"JSHandle@symbol JSHandle@symbol \"Setting the current frame to 689\" handle was cleared after 10ms"}
{"t":"2026-09-26T07:39:20.627Z","type":"debug","text":"JSHandle@symbol JSHandle@symbol \"Setting the current frame to 690\" handle was cleared after 7ms"}
{"t":"2026-09-26T07:39:20.660Z","type":"debug","text":"JSHandle@symbol JSHandle@symbol \"Setting the current frame to 691\" handle was cleared after 4ms"}
{"t":"2026-09-26T07:39:20.693Z","type":"debug","text":"JSHandle@symbol JSHandle@symbol \"Setting the current frame to 692\" handle was cleared after 10ms"}
{"t":"2026-09-26T07:39:20.727Z","type":"debug","text":"JSHandle@symbol JSHandle@symbol \"Setting the current frame to 693\" handle was cleared after 10ms"}
{"t":"2026-09-26T07:39:20.761Z","type":"debug","text":"JSHandle@symbol JSHandle@symbol \"Setting the current frame to 694\" handle was cleared after 9ms"}
{"t":"2026-09-26T07:39:20.794Z","type":"debug","text":"JSHandle@symbol JSHandle@symbol \"Setting the current frame to 695\" handle was cleared after 9ms"}
{"t":"2026-09-26T07:39:20.827Z","type":"debug","text":"JSHandle@symbol JSHandle@symbol \"Setting the current frame to 696\" handle was cleared after 9ms"}
{"t":"2026-09-26T07:39:20.860Z","type":"debug","text":"JSHandle@symbol JSHandle@symbol \"Setting the current frame to 697\" handle was cleared after 8ms"}
{"t":"2026-09-26T07:39:20.894Z","type":"debug","text":"JSHandle@symbol JSHandle@symbol \"Setting the current frame to 698\" handle was cleared after 10ms"}
{"t":"2026-09-26T07:39:20.927Z","type":"debug","text":"JSHandle@symbol JSHandle@symbol \"Setting the current frame to 699\" handle was cleared after 9ms"}
{"t":"2026-09-26T07:39:20.960Z","type":"debug","text":"JSHandle@symbol JSHandle@symbol \"Setting the current frame to 700\" handle was cleared after 10ms"}
{"t":"2026-09-26T07:39:20.993Z","type":"debug","text":"JSHandle@symbol JSHandle@symbol \"Setting the current frame to 701\" handle was cleared after 10ms"}
{"t":"2026-09-26T07:39:21.026Z","type":"debug","text":"JSHandle@symbol JSHandle@symbol \"Setting the current frame to 702\" handle was cleared after 10ms"}
{"t":"2026-09-26T07:39:21.060Z","type":"debug","text":"JSHandle@symbol JSHandle@symbol \"Setting the current frame to 703\" handle was cleared after 10ms"}
{"t":"2026-09-26T07:39:21.093Z","type":"debug","text":"JSHandle@symbol JSHandle@symbol \"Setting the current frame to 704\" handle was cleared after 9ms"}
{"t":"2026-09-26T07:39:21.127Z","type":"debug","text":"JSHandle@symbol JSHandle@symbol \"Setting the current frame to 705\" handle was cleared after 9ms"}
{"t":"2026-09-26T07:39:21.161Z","type":"debug","text":"JSHandle@symbol JSHandle@symbol \"Setting the current frame to 706\" handle was cleared after 9ms"}
{"t":"2026-09-26T07:39:21.194Z","type":"debug","text":"JSHandle@symbol JSHandle@symbol \"Setting the current frame to 707\" handle was cleared after 8ms"}
{"t":"2026-09-26T07:39:21.227Z","type":"debug","text":"JSHandle@symbol JSHandle@symbol \"Setting the current frame to 708\" handle was cleared after 7ms"}
{"t":"2026-09-26T07:39:21.260Z","type":"debug","text":"JSHandle@symbol JSHandle@symbol \"Setting the current frame to 709\" handle was cleared after 10ms"}
{"t":"2026-09-26T07:39:21.293Z","type":"debug","text":"JSHandle@symbol JSHandle@symbol \"Setting the current frame to 710\" handle was cleared after 9ms"}
{"t":"2026-09-26T07:39:21.327Z","type":"debug","text":"JSHandle@symbol JSHandle@symbol \"Setting the current frame to 711\" handle was cleared after 11ms"}
{"t":"2026-09-26T07:39:21.360Z","type":"debug","text":"JSHandle@symbol JSHandle@symbol \"Setting the current frame to 712\" handle was cleared after 9ms"}
{"t":"2026-09-26T07:39:21.394Z","type":"debug","text":"JSHandle@symbol JSHandle@symbol \"Setting the current frame to 713\" handle was cleared after 10ms"}
{"t":"2026-09-26T07:39:21.427Z","type":"debug","text":"JSHandle@symbol JSHandle@symbol \"Setting the current frame to 714\" handle was cleared after 7ms"}
{"t":"2026-09-26T07:39:21.460Z","type":"debug","text":"JSHandle@symbol JSHandle@symbol \"Setting the current frame to 715\" handle was cleared after 10ms"}
{"t":"2026-09-26T07:39:21.493Z","type":"debug","text":"JSHandle@symbol JSHandle@symbol \"Setting the current frame to 716\" handle was cleared after 10ms"}
{"t":"2026-09-26T07:39:21.527Z","type":"debug","text":"JSHandle@symbol JSHandle@symbol \"Setting the current frame to 717\" handle was cleared after 9ms"}
{"t":"2026-09-26T07:39:21.562Z","type":"debug","text":"JSHandle@symbol JSHandle@symbol \"Setting the current frame to 718\" handle was cleared after 12ms"}
{"t":"2026-09-26T07:39:21.594Z","type":"debug","text":"JSHandle@symbol JSHandle@symbol \"Setting the current frame to 719\" handle was cleared after 10ms"}
{"t":"2026-09-26T07:39:21.627Z","type":"debug","text":"JSHandle@symbol JSHandle@symbol \"Setting the current frame to 720\" handle was cleared after 10ms"}
{"t":"2026-09-26T07:39:21.660Z","type":"debug","text":"JSHandle@symbol JSHandle@symbol \"Setting the current frame to 721\" handle was cleared after 8ms"}
{"t":"2026-09-26T07:39:21.693Z","type":"debug","text":"JSHandle@symbol JSHandle@symbol \"Setting the current frame to 722\" handle was cleared after 10ms"}
{"t":"2026-09-26T07:39:21.728Z","type":"debug","text":"JSHandle@symbol JSHandle@symbol \"Setting the current frame to 723\" handle was cleared after 12ms"}
{"t":"2026-09-26T07:39:21.760Z","type":"debug","text":"JSHandle@symbol JSHandle@symbol \"Setting the current frame to 724\" handle was cleared after 10ms"}
{"t":"2026-09-26T07:39:21.793Z","type":"debug","text":"JSHandle@symbol JSHandle@symbol \"Setting the current frame to 725\" handle was cleared after 10ms"}
{"t":"2026-09-26T07:39:21.827Z","type":"debug","text":"JSHandle@symbol JSHandle@symbol \"Setting the current frame to 726\" handle was cleared after 11ms"}
{"t":"2026-09-26T07:39:21.861Z","type":"debug","text":"JSHandle@symbol JSHandle@symbol \"Setting the current frame to 727\" handle was cleared after 10ms"}
{"t":"2026-09-26T07:39:21.894Z","type":"debug","text":"JSHandle@symbol JSHandle@symbol \"Setting the current frame to 728\" handle was cleared after 10ms"}
{"t":"2026-09-26T07:39:21.927Z","type":"debug","text":"JSHandle@symbol JSHandle@symbol \"Setting the current frame to 729\" handle was cleared after 10ms"}
{"t":"2026-09-26T07:39:21.960Z","type":"debug","text":"JSHandle@symbol JSHandle@symbol \"Setting the current frame to 730\" handle was cleared after 11ms"}
{"t":"2026-09-26T07:39:21.993Z","type":"debug","text":"JSHandle@symbol JSHandle@symbol \"Setting the current frame to 731\" handle was cleared after 9ms"}
{"t":"2026-09-26T07:39:22.027Z","type":"debug","text":"JSHandle@symbol JSHandle@symbol \"Setting the current frame to 732\" handle was cleared after 11ms"}
{"t":"2026-09-26T07:39:22.061Z","type":"debug","text":"JSHandle@symbol JSHandle@symbol \"Setting the current frame to 733\" handle was cleared after 10ms"}
{"t":"2026-09-26T07:39:22.094Z","type":"debug","text":"JSHandle@symbol JSHandle@symbol \"Setting the current frame to 734\" handle was cleared after 9ms"}
{"t":"2026-09-26T07:39:22.127Z","type":"debug","text":"JSHandle@symbol JSHandle@symbol \"Setting the current frame to 735\" handle was cleared after 9ms"}
{"t":"2026-09-26T07:39:22.160Z","type":"debug","text":"JSHandle@symbol JSHandle@symbol \"Setting the current frame to 736\" handle was cleared after 11ms"}
{"t":"2026-09-26T07:39:22.193Z","type":"debug","text":"JSHandle@symbol JSHandle@symbol \"Setting the current frame to 737\" handle was cleared after 9ms"}
{"t":"2026-09-26T07:39:22.227Z","type":"debug","text":"JSHandle@symbol JSHandle@symbol \"Setting the current frame to 738\" handle was cleared after 12ms"}
{"t":"2026-09-26T07:39:22.260Z","type":"debug","text":"JSHandle@symbol JSHandle@symbol \"Setting the current frame to 739\" handle was cleared after 9ms"}
{"t":"2026-09-26T07:39:22.294Z","type":"debug","text":"JSHandle@symbol JSHandle@symbol \"Setting the current frame to 740\" handle was cleared after 10ms"}
{"t":"2026-09-26T07:39:22.327Z","type":"debug","text":"JSHandle@symbol JSHandle@symbol \"Setting the current frame to 741\" handle was cleared after 9ms"}
{"t":"2026-09-26T07:39:22.360Z","type":"debug","text":"JSHandle@symbol JSHandle@symbol \"Setting the current frame to 742\" handle was cleared after 9ms"}
{"t":"2026-09-26T07:39:22.394Z","type":"debug","text":"JSHandle@symbol JSHandle@symbol \"Setting the current frame to 743\" handle was cleared after 10ms"}
{"t":"2026-09-26T07:39:22.419Z","type":"debug","text":"JSHandle@symbol JSHandle@symbol \"Setting the current frame to 744\" handle was cleared after 1ms"}
{"t":"2026-09-26T07:39:22.460Z","type":"debug","text":"JSHandle@symbol JSHandle@symbol \"Setting the current frame to 745\" handle was cleared after 9ms"}
{"t":"2026-09-26T07:39:22.489Z","type":"debug","text":"JSHandle@symbol JSHandle@symbol \"Setting the current frame to 746\" handle was cleared after 0ms"}
{"t":"2026-09-26T07:39:22.526Z","type":"debug","text":"JSHandle@symbol JSHandle@symbol \"Setting the current frame to 747\" handle was cleared after 8ms"}
{"t":"2026-09-26T07:39:22.550Z","type":"debug","text":"JSHandle@symbol JSHandle@symbol \"Setting the current frame to 748\" handle was cleared after 0ms"}
{"t":"2026-09-26T07:39:22.593Z","type":"debug","text":"JSHandle@symbol JSHandle@symbol \"Setting the current frame to 749\" handle was cleared after 9ms"}
{"t":"2026-09-26T07:39:22.618Z","type":"debug","text":"JSHandle@symbol JSHandle@symbol \"Setting the current frame to 750\" handle was cleared after 1ms"}
{"t":"2026-09-26T07:39:22.660Z","type":"debug","text":"JSHandle@symbol JSHandle@symbol \"Setting the current frame to 751\" handle was cleared after 9ms"}
{"t":"2026-09-26T07:39:22.685Z","type":"debug","text":"JSHandle@symbol JSHandle@symbol \"Setting the current frame to 752\" handle was cleared after 1ms"}
{"t":"2026-09-26T07:39:22.727Z","type":"debug","text":"JSHandle@symbol JSHandle@symbol \"Setting the current frame to 753\" handle was cleared after 9ms"}
{"t":"2026-09-26T07:39:22.751Z","type":"debug","text":"JSHandle@symbol JSHandle@symbol \"Setting the current frame to 754\" handle was cleared after 1ms"}
{"t":"2026-09-26T07:39:22.794Z","type":"debug","text":"JSHandle@symbol JSHandle@symbol \"Setting the current frame to 755\" handle was cleared after 10ms"}
{"t":"2026-09-26T07:39:22.818Z","type":"debug","text":"JSHandle@symbol JSHandle@symbol \"Setting the current frame to 756\" handle was cleared after 1ms"}
{"t":"2026-09-26T07:39:22.861Z","type":"debug","text":"JSHandle@symbol JSHandle@symbol \"Setting the current frame to 757\" handle was cleared after 11ms"}
{"t":"2026-09-26T07:39:22.885Z","type":"debug","text":"JSHandle@symbol JSHandle@symbol \"Setting the current frame to 758\" handle was cleared after 1ms"}
{"t":"2026-09-26T07:39:22.927Z","type":"debug","text":"JSHandle@symbol JSHandle@symbol \"Setting the current frame to 759\" handle was cleared after 9ms"}
{"t":"2026-09-26T07:39:22.951Z","type":"debug","text":"JSHandle@symbol JSHandle@symbol \"Setting the current frame to 760\" handle was cleared after 0ms"}
{"t":"2026-09-26T07:39:22.994Z","type":"debug","text":"JSHandle@symbol JSHandle@symbol \"Setting the current frame to 761\" handle was cleared after 11ms"}
{"t":"2026-09-26T07:39:23.019Z","type":"debug","text":"JSHandle@symbol JSHandle@symbol \"Setting the current frame to 762\" handle was cleared after 1ms"}
{"t":"2026-09-26T07:39:23.060Z","type":"debug","text":"JSHandle@symbol JSHandle@symbol \"Setting the current frame to 763\" handle was cleared after 10ms"}
{"t":"2026-09-26T07:39:23.084Z","type":"debug","text":"JSHandle@symbol JSHandle@symbol \"Setting the current frame to 764\" handle was cleared after 1ms"}
{"t":"2026-09-26T07:39:23.127Z","type":"debug","text":"JSHandle@symbol JSHandle@symbol \"Setting the current frame to 765\" handle was cleared after 11ms"}
{"t":"2026-09-26T07:39:23.155Z","type":"debug","text":"JSHandle@symbol JSHandle@symbol \"Setting the current frame to 766\" handle was cleared after 1ms"}
{"t":"2026-09-26T07:39:23.194Z","type":"debug","text":"JSHandle@symbol JSHandle@symbol \"Setting the current frame to 767\" handle was cleared after 7ms"}
{"t":"2026-09-26T07:39:23.222Z","type":"debug","text":"JSHandle@symbol JSHandle@symbol \"Setting the current frame to 768\" handle was cleared after 1ms"}
{"t":"2026-09-26T07:39:23.260Z","type":"debug","text":"JSHandle@symbol JSHandle@symbol \"Setting the current frame to 769\" handle was cleared after 4ms"}
{"t":"2026-09-26T07:39:23.286Z","type":"debug","text":"JSHandle@symbol JSHandle@symbol \"Setting the current frame to 770\" handle was cleared after 1ms"}
{"t":"2026-09-26T07:39:23.327Z","type":"debug","text":"JSHandle@symbol JSHandle@symbol \"Setting the current frame to 771\" handle was cleared after 7ms"}
{"t":"2026-09-26T07:39:23.351Z","type":"debug","text":"JSHandle@symbol JSHandle@symbol \"Setting the current frame to 772\" handle was cleared after 0ms"}
{"t":"2026-09-26T07:39:23.393Z","type":"debug","text":"JSHandle@symbol JSHandle@symbol \"Setting the current frame to 773\" handle was cleared after 11ms"}
{"t":"2026-09-26T07:39:23.416Z","type":"debug","text":"JSHandle@symbol JSHandle@symbol \"Setting the current frame to 774\" handle was cleared after 0ms"}
{"t":"2026-09-26T07:39:23.460Z","type":"debug","text":"JSHandle@symbol JSHandle@symbol \"Setting the current frame to 775\" handle was cleared after 11ms"}
{"t":"2026-09-26T07:39:23.484Z","type":"debug","text":"JSHandle@symbol JSHandle@symbol \"Setting the current frame to 776\" handle was cleared after 1ms"}
{"t":"2026-09-26T07:39:23.526Z","type":"debug","text":"JSHandle@symbol JSHandle@symbol \"Setting the current frame to 777\" handle was cleared after 10ms"}
{"t":"2026-09-26T07:39:23.551Z","type":"debug","text":"JSHandle@symbol JSHandle@symbol \"Setting the current frame to 778\" handle was cleared after 1ms"}
{"t":"2026-09-26T07:39:23.594Z","type":"debug","text":"JSHandle@symbol JSHandle@symbol \"Setting the current frame to 779\" handle was cleared after 10ms"}
{"t":"2026-09-26T07:39:23.620Z","type":"debug","text":"JSHandle@symbol JSHandle@symbol \"Setting the current frame to 780\" handle was cleared after 1ms"}
{"t":"2026-09-26T07:39:23.660Z","type":"debug","text":"JSHandle@symbol JSHandle@symbol \"Setting the current frame to 781\" handle was cleared after 5ms"}
{"t":"2026-09-26T07:39:23.684Z","type":"debug","text":"JSHandle@symbol JSHandle@symbol \"Setting the current frame to 782\" handle was cleared after 0ms"}
{"t":"2026-09-26T07:39:23.727Z","type":"debug","text":"JSHandle@symbol JSHandle@symbol \"Setting the current frame to 783\" handle was cleared after 9ms"}
{"t":"2026-09-26T07:39:23.758Z","type":"debug","text":"JSHandle@symbol JSHandle@symbol \"Setting the current frame to 784\" handle was cleared after 0ms"}
{"t":"2026-09-26T07:39:23.794Z","type":"debug","text":"JSHandle@symbol JSHandle@symbol \"Setting the current frame to 785\" handle was cleared after 5ms"}
{"t":"2026-09-26T07:39:23.818Z","type":"debug","text":"JSHandle@symbol JSHandle@symbol \"Setting the current frame to 786\" handle was cleared after 1ms"}
{"t":"2026-09-26T07:39:23.860Z","type":"debug","text":"JSHandle@symbol JSHandle@symbol \"Setting the current frame to 787\" handle was cleared after 8ms"}
{"t":"2026-09-26T07:39:23.885Z","type":"debug","text":"JSHandle@symbol JSHandle@symbol \"Setting the current frame to 788\" handle was cleared after 0ms"}
{"t":"2026-09-26T07:39:23.928Z","type":"debug","text":"JSHandle@symbol JSHandle@symbol \"Setting the current frame to 789\" handle was cleared after 9ms"}
{"t":"2026-09-26T07:39:23.953Z","type":"debug","text":"JSHandle@symbol JSHandle@symbol \"Setting the current frame to 790\" handle was cleared after 1ms"}
{"t":"2026-09-26T07:39:23.994Z","type":"debug","text":"JSHandle@symbol JSHandle@symbol \"Setting the current frame to 791\" handle was cleared after 9ms"}
{"t":"2026-09-26T07:39:24.018Z","type":"debug","text":"JSHandle@symbol JSHandle@symbol \"Setting the current frame to 792\" handle was cleared after 0ms"}
{"t":"2026-09-26T07:39:24.061Z","type":"debug","text":"JSHandle@symbol JSHandle@symbol \"Setting the current frame to 793\" handle was cleared after 10ms"}
{"t":"2026-09-26T07:39:24.085Z","type":"debug","text":"JSHandle@symbol JSHandle@symbol \"Setting the current frame to 794\" handle was cleared after 1ms"}
{"t":"2026-09-26T07:39:24.126Z","type":"debug","text":"JSHandle@symbol JSHandle@symbol \"Setting the current frame to 795\" handle was cleared after 6ms"}
{"t":"2026-09-26T07:39:24.153Z","type":"debug","text":"JSHandle@symbol JSHandle@symbol \"Setting the current frame to 796\" handle was cleared after 0ms"}
{"t":"2026-09-26T07:39:24.193Z","type":"debug","text":"JSHandle@symbol JSHandle@symbol \"Setting the current frame to 797\" handle was cleared after 5ms"}
{"t":"2026-09-26T07:39:24.220Z","type":"debug","text":"JSHandle@symbol JSHandle@symbol \"Setting the current frame to 798\" handle was cleared after 0ms"}
{"t":"2026-09-26T07:39:24.260Z","type":"debug","text":"JSHandle@symbol JSHandle@symbol \"Setting the current frame to 799\" handle was cleared after 8ms"}
{"t":"2026-09-26T07:39:24.285Z","type":"debug","text":"JSHandle@symbol JSHandle@symbol \"Setting the current frame to 800\" handle was cleared after 1ms"}
{"t":"2026-09-26T07:39:24.328Z","type":"debug","text":"JSHandle@symbol JSHandle@symbol \"Setting the current frame to 801\" handle was cleared after 11ms"}
{"t":"2026-09-26T07:39:24.353Z","type":"debug","text":"JSHandle@symbol JSHandle@symbol \"Setting the current frame to 802\" handle was cleared after 1ms"}
{"t":"2026-09-26T07:39:24.393Z","type":"debug","text":"JSHandle@symbol JSHandle@symbol \"Setting the current frame to 803\" handle was cleared after 8ms"}
{"t":"2026-09-26T07:39:24.417Z","type":"debug","text":"JSHandle@symbol JSHandle@symbol \"Setting the current frame to 804\" handle was cleared after 0ms"}
{"t":"2026-09-26T07:39:24.460Z","type":"debug","text":"JSHandle@symbol JSHandle@symbol \"Setting the current frame to 805\" handle was cleared after 10ms"}
{"t":"2026-09-26T07:39:24.485Z","type":"debug","text":"JSHandle@symbol JSHandle@symbol \"Setting the current frame to 806\" handle was cleared after 0ms"}
{"t":"2026-09-26T07:39:24.527Z","type":"debug","text":"JSHandle@symbol JSHandle@symbol \"Setting the current frame to 807\" handle was cleared after 10ms"}
{"t":"2026-09-26T07:39:24.551Z","type":"debug","text":"JSHandle@symbol JSHandle@symbol \"Setting the current frame to 808\" handle was cleared after 1ms"}
{"t":"2026-09-26T07:39:24.594Z","type":"debug","text":"JSHandle@symbol JSHandle@symbol \"Setting the current frame to 809\" handle was cleared after 10ms"}
{"t":"2026-09-26T07:39:24.618Z","type":"debug","text":"JSHandle@symbol JSHandle@symbol \"Setting the current frame to 810\" handle was cleared after 0ms"}
{"t":"2026-09-26T07:39:24.660Z","type":"debug","text":"JSHandle@symbol JSHandle@symbol \"Setting the current frame to 811\" handle was cleared after 9ms"}
{"t":"2026-09-26T07:39:24.683Z","type":"debug","text":"JSHandle@symbol JSHandle@symbol \"Setting the current frame to 812\" handle was cleared after 0ms"}
{"t":"2026-09-26T07:39:24.728Z","type":"debug","text":"JSHandle@symbol JSHandle@symbol \"Setting the current frame to 813\" handle was cleared after 10ms"}
{"t":"2026-09-26T07:39:24.755Z","type":"debug","text":"JSHandle@symbol JSHandle@symbol \"Setting the current frame to 814\" handle was cleared after 0ms"}
{"t":"2026-09-26T07:39:24.793Z","type":"debug","text":"JSHandle@symbol JSHandle@symbol \"Setting the current frame to 815\" handle was cleared after 10ms"}
{"t":"2026-09-26T07:39:24.817Z","type":"debug","text":"JSHandle@symbol JSHandle@symbol \"Setting the current frame to 816\" handle was cleared after 0ms"}
{"t":"2026-09-26T07:39:24.861Z","type":"debug","text":"JSHandle@symbol JSHandle@symbol \"Setting the current frame to 817\" handle was cleared after 7ms"}
{"t":"2026-09-26T07:39:24.893Z","type":"debug","text":"JSHandle@symbol JSHandle@symbol \"Setting the current frame to 818\" handle was cleared after 1ms"}
{"t":"2026-09-26T07:39:24.927Z","type":"debug","text":"JSHandle@symbol JSHandle@symbol \"Setting the current frame to 819\" handle was cleared after 7ms"}
{"t":"2026-09-26T07:39:24.960Z","type":"debug","text":"JSHandle@symbol JSHandle@symbol \"Setting the current frame to 820\" handle was cleared after 10ms"}
{"t":"2026-09-26T07:39:24.993Z","type":"debug","text":"JSHandle@symbol JSHandle@symbol \"Setting the current frame to 821\" handle was cleared after 8ms"}
{"t":"2026-09-26T07:39:25.027Z","type":"debug","text":"JSHandle@symbol JSHandle@symbol \"Setting the current frame to 822\" handle was cleared after 10ms"}
{"t":"2026-09-26T07:39:25.060Z","type":"debug","text":"JSHandle@symbol JSHandle@symbol \"Setting the current frame to 823\" handle was cleared after 9ms"}
{"t":"2026-09-26T07:39:25.094Z","type":"debug","text":"JSHandle@symbol JSHandle@symbol \"Setting the current frame to 824\" handle was cleared after 11ms"}
{"t":"2026-09-26T07:39:25.128Z","type":"debug","text":"JSHandle@symbol JSHandle@symbol \"Setting the current frame to 825\" handle was cleared after 9ms"}
{"t":"2026-09-26T07:39:25.160Z","type":"debug","text":"JSHandle@symbol JSHandle@symbol \"Setting the current frame to 826\" handle was cleared after 9ms"}
{"t":"2026-09-26T07:39:25.185Z","type":"debug","text":"JSHandle@symbol JSHandle@symbol \"Setting the current frame to 827\" handle was cleared after 0ms"}
{"t":"2026-09-26T07:39:25.227Z","type":"debug","text":"JSHandle@symbol JSHandle@symbol \"Setting the current frame to 828\" handle was cleared after 10ms"}
{"t":"2026-09-26T07:39:25.252Z","type":"debug","text":"JSHandle@symbol JSHandle@symbol \"Setting the current frame to 829\" handle was cleared after 1ms"}
{"t":"2026-09-26T07:39:25.293Z","type":"debug","text":"JSHandle@symbol JSHandle@symbol \"Setting the current frame to 830\" handle was cleared after 8ms"}
{"t":"2026-09-26T07:39:25.317Z","type":"debug","text":"JSHandle@symbol JSHandle@symbol \"Setting the current frame to 831\" handle was cleared after 0ms"}
{"t":"2026-09-26T07:39:25.360Z","type":"debug","text":"JSHandle@symbol JSHandle@symbol \"Setting the current frame to 832\" handle was cleared after 9ms"}
{"t":"2026-09-26T07:39:25.384Z","type":"debug","text":"JSHandle@symbol JSHandle@symbol \"Setting the current frame to 833\" handle was cleared after 0ms"}
{"t":"2026-09-26T07:39:25.427Z","type":"debug","text":"JSHandle@symbol JSHandle@symbol \"Setting the current frame to 834\" handle was cleared after 11ms"}
{"t":"2026-09-26T07:39:25.451Z","type":"debug","text":"JSHandle@symbol JSHandle@symbol \"Setting the current frame to 835\" handle was cleared after 1ms"}
{"t":"2026-09-26T07:39:25.494Z","type":"debug","text":"JSHandle@symbol JSHandle@symbol \"Setting the current frame to 836\" handle was cleared after 8ms"}
{"t":"2026-09-26T07:39:25.521Z","type":"debug","text":"JSHandle@symbol JSHandle@symbol \"Setting the current frame to 837\" handle was cleared after 1ms"}
{"t":"2026-09-26T07:39:25.561Z","type":"debug","text":"JSHandle@symbol JSHandle@symbol \"Setting the current frame to 838\" handle was cleared after 6ms"}
{"t":"2026-09-26T07:39:25.587Z","type":"debug","text":"JSHandle@symbol JSHandle@symbol \"Setting the current frame to 839\" handle was cleared after 1ms"}
{"t":"2026-09-26T07:39:25.627Z","type":"debug","text":"JSHandle@symbol JSHandle@symbol \"Setting the current frame to 840\" handle was cleared after 9ms"}
{"t":"2026-09-26T07:39:25.651Z","type":"debug","text":"JSHandle@symbol JSHandle@symbol \"Setting the current frame to 841\" handle was cleared after 1ms"}
{"t":"2026-09-26T07:39:25.694Z","type":"debug","text":"JSHandle@symbol JSHandle@symbol \"Setting the current frame to 842\" handle was cleared after 9ms"}
{"t":"2026-09-26T07:39:25.721Z","type":"debug","text":"JSHandle@symbol JSHandle@symbol \"Setting the current frame to 843\" handle was cleared after 1ms"}
{"t":"2026-09-26T07:39:25.760Z","type":"debug","text":"JSHandle@symbol JSHandle@symbol \"Setting the current frame to 844\" handle was cleared after 9ms"}
{"t":"2026-09-26T07:39:25.784Z","type":"debug","text":"JSHandle@symbol JSHandle@symbol \"Setting the current frame to 845\" handle was cleared after 1ms"}
{"t":"2026-09-26T07:39:25.818Z","type":"debug","text":"JSHandle@symbol JSHandle@symbol \"Setting the current frame to 846\" handle was cleared after 1ms"}
{"t":"2026-09-26T07:39:25.851Z","type":"debug","text":"JSHandle@symbol JSHandle@symbol \"Setting the current frame to 847\" handle was cleared after 1ms"}
{"t":"2026-09-26T07:39:25.885Z","type":"debug","text":"JSHandle@symbol JSHandle@symbol \"Setting the current frame to 848\" handle was cleared after 1ms"}
{"t":"2026-09-26T07:39:25.918Z","type":"debug","text":"JSHandle@symbol JSHandle@symbol \"Setting the current frame to 849\" handle was cleared after 1ms"}
{"t":"2026-09-26T07:39:25.950Z","type":"debug","text":"JSHandle@symbol JSHandle@symbol \"Setting the current frame to 850\" handle was cleared after 1ms"}
{"t":"2026-09-26T07:39:25.984Z","type":"debug","text":"JSHandle@symbol JSHandle@symbol \"Setting the current frame to 851\" handle was cleared after 1ms"}
{"t":"2026-09-26T07:39:26.018Z","type":"debug","text":"JSHandle@symbol JSHandle@symbol \"Setting the current frame to 852\" handle was cleared after 1ms"}
{"t":"2026-09-26T07:39:26.050Z","type":"debug","text":"JSHandle@symbol JSHandle@symbol \"Setting the current frame to 853\" handle was cleared after 1ms"}
{"t":"2026-09-26T07:39:26.086Z","type":"debug","text":"JSHandle@symbol JSHandle@symbol \"Setting the current frame to 854\" handle was cleared after 1ms"}
{"t":"2026-09-26T07:39:26.118Z","type":"debug","text":"JSHandle@symbol JSHandle@symbol \"Setting the current frame to 855\" handle was cleared after 0ms"}
{"t":"2026-09-26T07:39:26.151Z","type":"debug","text":"JSHandle@symbol JSHandle@symbol \"Setting the current frame to 856\" handle was cleared after 1ms"}
{"t":"2026-09-26T07:39:26.186Z","type":"debug","text":"JSHandle@symbol JSHandle@symbol \"Setting the current frame to 857\" handle was cleared after 0ms"}
{"t":"2026-09-26T07:39:26.218Z","type":"debug","text":"JSHandle@symbol JSHandle@symbol \"Setting the current frame to 858\" handle was cleared after 1ms"}
{"t":"2026-09-26T07:39:26.252Z","type":"debug","text":"JSHandle@symbol JSHandle@symbol \"Setting the current frame to 859\" handle was cleared after 1ms"}
{"t":"2026-09-26T07:39:26.284Z","type":"debug","text":"JSHandle@symbol JSHandle@symbol \"Setting the current frame to 860\" handle was cleared after 1ms"}
{"t":"2026-09-26T07:39:26.318Z","type":"debug","text":"JSHandle@symbol JSHandle@symbol \"Setting the current frame to 861\" handle was cleared after 1ms"}
{"t":"2026-09-26T07:39:26.351Z","type":"debug","text":"JSHandle@symbol JSHandle@symbol \"Setting the current frame to 862\" handle was cleared after 1ms"}
{"t":"2026-09-26T07:39:26.384Z","type":"debug","text":"JSHandle@symbol JSHandle@symbol \"Setting the current frame to 863\" handle was cleared after 1ms"}
{"t":"2026-09-26T07:39:26.416Z","type":"debug","text":"JSHandle@symbol JSHandle@symbol \"Setting the current frame to 864\" handle was cleared after 0ms"}
{"t":"2026-09-26T07:39:26.451Z","type":"debug","text":"JSHandle@symbol JSHandle@symbol \"Setting the current frame to 865\" handle was cleared after 1ms"}
{"t":"2026-09-26T07:39:26.485Z","type":"debug","text":"JSHandle@symbol JSHandle@symbol \"Setting the current frame to 866\" handle was cleared after 0ms"}
{"t":"2026-09-26T07:39:26.517Z","type":"debug","text":"JSHandle@symbol JSHandle@symbol \"Setting the current frame to 867\" handle was cleared after 1ms"}
{"t":"2026-09-26T07:39:26.552Z","type":"debug","text":"JSHandle@symbol JSHandle@symbol \"Setting the current frame to 868\" handle was cleared after 1ms"}
{"t":"2026-09-26T07:39:26.584Z","type":"debug","text":"JSHandle@symbol JSHandle@symbol \"Setting the current frame to 869\" handle was cleared after 1ms"}
{"t":"2026-09-26T07:39:26.618Z","type":"debug","text":"JSHandle@symbol JSHandle@symbol \"Setting the current frame to 870\" handle was cleared after 0ms"}
{"t":"2026-09-26T07:39:26.652Z","type":"debug","text":"JSHandle@symbol JSHandle@symbol \"Setting the current frame to 871\" handle was cleared after 1ms"}
{"t":"2026-09-26T07:39:26.685Z","type":"debug","text":"JSHandle@symbol JSHandle@symbol \"Setting the current frame to 872\" handle was cleared after 1ms"}
{"t":"2026-09-26T07:39:26.719Z","type":"debug","text":"JSHandle@symbol JSHandle@symbol \"Setting the current frame to 873\" handle was cleared after 1ms"}
{"t":"2026-09-26T07:39:26.751Z","type":"debug","text":"JSHandle@symbol JSHandle@symbol \"Setting the current frame to 874\" handle was cleared after 1ms"}
{"t":"2026-09-26T07:39:26.784Z","type":"debug","text":"JSHandle@symbol JSHandle@symbol \"Setting the current frame to 875\" handle was cleared after 1ms"}
{"t":"2026-09-26T07:39:26.817Z","type":"debug","text":"JSHandle@symbol JSHandle@symbol \"Setting the current frame to 876\" handle was cleared after 1ms"}
{"t":"2026-09-26T07:39:26.851Z","type":"debug","text":"JSHandle@symbol JSHandle@symbol \"Setting the current frame to 877\" handle was cleared after 1ms"}
{"t":"2026-09-26T07:39:26.883Z","type":"debug","text":"JSHandle@symbol JSHandle@symbol \"Setting the current frame to 878\" handle was cleared after 0ms"}
{"t":"2026-09-26T07:39:26.919Z","type":"debug","text":"JSHandle@symbol JSHandle@symbol \"Setting the current frame to 879\" handle was cleared after 1ms"}
{"t":"2026-09-26T07:39:26.951Z","type":"debug","text":"JSHandle@symbol JSHandle@symbol \"Setting the current frame to 880\" handle was cleared after 0ms"}
{"t":"2026-09-26T07:39:26.984Z","type":"debug","text":"JSHandle@symbol JSHandle@symbol \"Setting the current frame to 881\" handle was cleared after 1ms"}
{"t":"2026-09-26T07:39:27.019Z","type":"debug","text":"JSHandle@symbol JSHandle@symbol \"Setting the current frame to 882\" handle was cleared after 1ms"}
{"t":"2026-09-26T07:39:27.050Z","type":"debug","text":"JSHandle@symbol JSHandle@symbol \"Setting the current frame to 883\" handle was cleared after 0ms"}
{"t":"2026-09-26T07:39:27.084Z","type":"debug","text":"JSHandle@symbol JSHandle@symbol \"Setting the current frame to 884\" handle was cleared after 1ms"}
{"t":"2026-09-26T07:39:27.118Z","type":"debug","text":"JSHandle@symbol JSHandle@symbol \"Setting the current frame to 885\" handle was cleared after 1ms"}
{"t":"2026-09-26T07:39:27.157Z","type":"debug","text":"JSHandle@symbol JSHandle@symbol \"Setting the current frame to 886\" handle was cleared after 0ms"}
{"t":"2026-09-26T07:39:27.189Z","type":"debug","text":"JSHandle@symbol JSHandle@symbol \"Setting the current frame to 887\" handle was cleared after 1ms"}
{"t":"2026-09-26T07:39:27.223Z","type":"debug","text":"JSHandle@symbol JSHandle@symbol \"Setting the current frame to 888\" handle was cleared after 1ms"}
{"t":"2026-09-26T07:39:27.255Z","type":"debug","text":"JSHandle@symbol JSHandle@symbol \"Setting the current frame to 889\" handle was cleared after 1ms"}
{"t":"2026-09-26T07:39:27.286Z","type":"debug","text":"JSHandle@symbol JSHandle@symbol \"Setting the current frame to 890\" handle was cleared after 1ms"}
{"t":"2026-09-26T07:39:27.318Z","type":"debug","text":"JSHandle@symbol JSHandle@symbol \"Setting the current frame to 891\" handle was cleared after 1ms"}
{"t":"2026-09-26T07:39:27.353Z","type":"debug","text":"JSHandle@symbol JSHandle@symbol \"Setting the current frame to 892\" handle was cleared after 0ms"}
{"t":"2026-09-26T07:39:27.385Z","type":"debug","text":"JSHandle@symbol JSHandle@symbol \"Setting the current frame to 893\" handle was cleared after 1ms"}
{"t":"2026-09-26T07:39:27.417Z","type":"debug","text":"JSHandle@symbol JSHandle@symbol \"Setting the current frame to 894\" handle was cleared after 1ms"}
{"t":"2026-09-26T07:39:27.452Z","type":"debug","text":"JSHandle@symbol JSHandle@symbol \"Setting the current frame to 895\" handle was cleared after 1ms"}
{"t":"2026-09-26T07:39:27.485Z","type":"debug","text":"JSHandle@symbol JSHandle@symbol \"Setting the current frame to 896\" handle was cleared after 0ms"}
{"t":"2026-09-26T07:39:27.522Z","type":"debug","text":"JSHandle@symbol JSHandle@symbol \"Setting the current frame to 897\" handle was cleared after 1ms"}
{"t":"2026-09-26T07:39:27.553Z","type":"debug","text":"JSHandle@symbol JSHandle@symbol \"Setting the current frame to 898\" handle was cleared after 0ms"}
{"t":"2026-09-26T07:39:27.585Z","type":"debug","text":"JSHandle@symbol JSHandle@symbol \"Setting the current frame to 899\" handle was cleared after 1ms"}
{"t":"2026-09-26T07:39:27.617Z","type":"debug","text":"JSHandle@symbol JSHandle@symbol \"Setting the current frame to 900\" handle was cleared after 1ms"}
{"t":"2026-09-26T07:39:27.651Z","type":"debug","text":"JSHandle@symbol JSHandle@symbol \"Setting the current frame to 901\" handle was cleared after 1ms"}
{"t":"2026-09-26T07:39:27.684Z","type":"debug","text":"JSHandle@symbol JSHandle@symbol \"Setting the current frame to 902\" handle was cleared after 0ms"}
{"t":"2026-09-26T07:39:27.718Z","type":"debug","text":"JSHandle@symbol JSHandle@symbol \"Setting the current frame to 903\" handle was cleared after 0ms"}
{"t":"2026-09-26T07:39:27.753Z","type":"debug","text":"JSHandle@symbol JSHandle@symbol \"Setting the current frame to 904\" handle was cleared after 0ms"}
{"t":"2026-09-26T07:39:27.785Z","type":"debug","text":"JSHandle@symbol JSHandle@symbol \"Setting the current frame to 905\" handle was cleared after 1ms"}
{"t":"2026-09-26T07:39:27.820Z","type":"debug","text":"JSHandle@symbol JSHandle@symbol \"Setting the current frame to 906\" handle was cleared after 0ms"}
{"t":"2026-09-26T07:39:27.849Z","type":"debug","text":"JSHandle@symbol JSHandle@symbol \"Setting the current frame to 907\" handle was cleared after 0ms"}
{"t":"2026-09-26T07:39:27.884Z","type":"debug","text":"JSHandle@symbol JSHandle@symbol \"Setting the current frame to 908\" handle was cleared after 0ms"}
{"t":"2026-09-26T07:39:27.919Z","type":"debug","text":"JSHandle@symbol JSHandle@symbol \"Setting the current frame to 909\" handle was cleared after 0ms"}
{"t":"2026-09-26T07:39:27.951Z","type":"debug","text":"JSHandle@symbol JSHandle@symbol \"Setting the current frame to 910\" handle was cleared after 1ms"}
{"t":"2026-09-26T07:39:27.985Z","type":"debug","text":"JSHandle@symbol JSHandle@symbol \"Setting the current frame to 911\" handle was cleared after 0ms"}
{"t":"2026-09-26T07:39:28.019Z","type":"debug","text":"JSHandle@symbol JSHandle@symbol \"Setting the current frame to 912\" handle was cleared after 1ms"}
{"t":"2026-09-26T07:39:28.051Z","type":"debug","text":"JSHandle@symbol JSHandle@symbol \"Setting the current frame to 913\" handle was cleared after 1ms"}
{"t":"2026-09-26T07:39:28.085Z","type":"debug","text":"JSHandle@symbol JSHandle@symbol \"Setting the current frame to 914\" handle was cleared after 1ms"}
{"t":"2026-09-26T07:39:28.118Z","type":"debug","text":"JSHandle@symbol JSHandle@symbol \"Setting the current frame to 915\" handle was cleared after 1ms"}
{"t":"2026-09-26T07:39:28.152Z","type":"debug","text":"JSHandle@symbol JSHandle@symbol \"Setting the current frame to 916\" handle was cleared after 0ms"}
{"t":"2026-09-26T07:39:28.186Z","type":"debug","text":"JSHandle@symbol JSHandle@symbol \"Setting the current frame to 917\" handle was cleared after 0ms"}
{"t":"2026-09-26T07:39:28.218Z","type":"debug","text":"JSHandle@symbol JSHandle@symbol \"Setting the current frame to 918\" handle was cleared after 1ms"}
{"t":"2026-09-26T07:39:28.252Z","type":"debug","text":"JSHandle@symbol JSHandle@symbol \"Setting the current frame to 919\" handle was cleared after 0ms"}
{"t":"2026-09-26T07:39:28.285Z","type":"debug","text":"JSHandle@symbol JSHandle@symbol \"Setting the current frame to 920\" handle was cleared after 1ms"}
{"t":"2026-09-26T07:39:28.318Z","type":"debug","text":"JSHandle@symbol JSHandle@symbol \"Setting the current frame to 921\" handle was cleared after 1ms"}
{"t":"2026-09-26T07:39:28.352Z","type":"debug","text":"JSHandle@symbol JSHandle@symbol \"Setting the current frame to 922\" handle was cleared after 1ms"}
{"t":"2026-09-26T07:39:28.385Z","type":"debug","text":"JSHandle@symbol JSHandle@symbol \"Setting the current frame to 923\" handle was cleared after 1ms"}
{"t":"2026-09-26T07:39:28.421Z","type":"debug","text":"JSHandle@symbol JSHandle@symbol \"Setting the current frame to 924\" handle was cleared after 1ms"}
{"t":"2026-09-26T07:39:28.467Z","type":"debug","text":"JSHandle@symbol JSHandle@symbol \"Setting the current frame to 925\" handle was cleared after 6ms"}
{"t":"2026-09-26T07:39:28.492Z","type":"debug","text":"JSHandle@symbol JSHandle@symbol \"Setting the current frame to 926\" handle was cleared after 1ms"}
{"t":"2026-09-26T07:39:28.528Z","type":"debug","text":"JSHandle@symbol JSHandle@symbol \"Setting the current frame to 927\" handle was cleared after 6ms"}
{"t":"2026-09-26T07:39:28.560Z","type":"debug","text":"JSHandle@symbol JSHandle@symbol \"Setting the current frame to 928\" handle was cleared after 7ms"}
{"t":"2026-09-26T07:39:28.593Z","type":"debug","text":"JSHandle@symbol JSHandle@symbol \"Setting the current frame to 929\" handle was cleared after 8ms"}
{"t":"2026-09-26T07:39:28.627Z","type":"debug","text":"JSHandle@symbol JSHandle@symbol \"Setting the current frame to 930\" handle was cleared after 10ms"}
{"t":"2026-09-26T07:39:28.660Z","type":"debug","text":"JSHandle@symbol JSHandle@symbol \"Setting the current frame to 931\" handle was cleared after 4ms"}
{"t":"2026-09-26T07:39:28.694Z","type":"debug","text":"JSHandle@symbol JSHandle@symbol \"Setting the current frame to 932\" handle was cleared after 7ms"}
{"t":"2026-09-26T07:39:28.727Z","type":"debug","text":"JSHandle@symbol JSHandle@symbol \"Setting the current frame to 933\" handle was cleared after 8ms"}
{"t":"2026-09-26T07:39:28.760Z","type":"debug","text":"JSHandle@symbol JSHandle@symbol \"Setting the current frame to 934\" handle was cleared after 8ms"}
{"t":"2026-09-26T07:39:28.793Z","type":"debug","text":"JSHandle@symbol JSHandle@symbol \"Setting the current frame to 935\" handle was cleared after 10ms"}
{"t":"2026-09-26T07:39:28.826Z","type":"debug","text":"JSHandle@symbol JSHandle@symbol \"Setting the current frame to 936\" handle was cleared after 10ms"}
{"t":"2026-09-26T07:39:28.860Z","type":"debug","text":"JSHandle@symbol JSHandle@symbol \"Setting the current frame to 937\" handle was cleared after 11ms"}
{"t":"2026-09-26T07:39:28.894Z","type":"debug","text":"JSHandle@symbol JSHandle@symbol \"Setting the current frame to 938\" handle was cleared after 9ms"}
{"t":"2026-09-26T07:39:28.928Z","type":"debug","text":"JSHandle@symbol JSHandle@symbol \"Setting the current frame to 939\" handle was cleared after 10ms"}
{"t":"2026-09-26T07:39:28.960Z","type":"debug","text":"JSHandle@symbol JSHandle@symbol \"Setting the current frame to 940\" handle was cleared after 9ms"}
{"t":"2026-09-26T07:39:28.994Z","type":"debug","text":"JSHandle@symbol JSHandle@symbol \"Setting the current frame to 941\" handle was cleared after 8ms"}
{"t":"2026-09-26T07:39:29.027Z","type":"debug","text":"JSHandle@symbol JSHandle@symbol \"Setting the current frame to 942\" handle was cleared after 8ms"}
{"t":"2026-09-26T07:39:29.060Z","type":"debug","text":"JSHandle@symbol JSHandle@symbol \"Setting the current frame to 943\" handle was cleared after 7ms"}
{"t":"2026-09-26T07:39:29.093Z","type":"debug","text":"JSHandle@symbol JSHandle@symbol \"Setting the current frame to 944\" handle was cleared after 6ms"}
{"t":"2026-09-26T07:39:29.117Z","type":"debug","text":"JSHandle@symbol JSHandle@symbol \"Setting the current frame to 945\" handle was cleared after 0ms"}
{"t":"2026-09-26T07:39:29.160Z","type":"debug","text":"JSHandle@symbol JSHandle@symbol \"Setting the current frame to 946\" handle was cleared after 10ms"}
{"t":"2026-09-26T07:39:29.185Z","type":"debug","text":"JSHandle@symbol JSHandle@symbol \"Setting the current frame to 947\" handle was cleared after 1ms"}
{"t":"2026-09-26T07:39:29.227Z","type":"debug","text":"JSHandle@symbol JSHandle@symbol \"Setting the current frame to 948\" handle was cleared after 10ms"}
{"t":"2026-09-26T07:39:29.251Z","type":"debug","text":"JSHandle@symbol JSHandle@symbol \"Setting the current frame to 949\" handle was cleared after 1ms"}
{"t":"2026-09-26T07:39:29.293Z","type":"debug","text":"JSHandle@symbol JSHandle@symbol \"Setting the current frame to 950\" handle was cleared after 9ms"}
{"t":"2026-09-26T07:39:29.319Z","type":"debug","text":"JSHandle@symbol JSHandle@symbol \"Setting the current frame to 951\" handle was cleared after 0ms"}
{"t":"2026-09-26T07:39:29.360Z","type":"debug","text":"JSHandle@symbol JSHandle@symbol \"Setting the current frame to 952\" handle was cleared after 9ms"}
{"t":"2026-09-26T07:39:29.385Z","type":"debug","text":"JSHandle@symbol JSHandle@symbol \"Setting the current frame to 953\" handle was cleared after 0ms"}
{"t":"2026-09-26T07:39:29.427Z","type":"debug","text":"JSHandle@symbol JSHandle@symbol \"Setting the current frame to 954\" handle was cleared after 9ms"}
{"t":"2026-09-26T07:39:29.451Z","type":"debug","text":"JSHandle@symbol JSHandle@symbol \"Setting the current frame to 955\" handle was cleared after 1ms"}
{"t":"2026-09-26T07:39:29.494Z","type":"debug","text":"JSHandle@symbol JSHandle@symbol \"Setting the current frame to 956\" handle was cleared after 9ms"}
{"t":"2026-09-26T07:39:29.518Z","type":"debug","text":"JSHandle@symbol JSHandle@symbol \"Setting the current frame to 957\" handle was cleared after 1ms"}
{"t":"2026-09-26T07:39:29.560Z","type":"debug","text":"JSHandle@symbol JSHandle@symbol \"Setting the current frame to 958\" handle was cleared after 9ms"}
{"t":"2026-09-26T07:39:29.584Z","type":"debug","text":"JSHandle@symbol JSHandle@symbol \"Setting the current frame to 959\" handle was cleared after 1ms"}
{"t":"2026-09-26T07:39:29.626Z","type":"debug","text":"JSHandle@symbol JSHandle@symbol \"Setting the current frame to 960\" handle was cleared after 9ms"}
{"t":"2026-09-26T07:39:29.652Z","type":"debug","text":"JSHandle@symbol JSHandle@symbol \"Setting the current frame to 961\" handle was cleared after 1ms"}
{"t":"2026-09-26T07:39:29.694Z","type":"debug","text":"JSHandle@symbol JSHandle@symbol \"Setting the current frame to 962\" handle was cleared after 10ms"}
{"t":"2026-09-26T07:39:29.719Z","type":"debug","text":"JSHandle@symbol JSHandle@symbol \"Setting the current frame to 963\" handle was cleared after 0ms"}
{"t":"2026-09-26T07:39:29.760Z","type":"debug","text":"JSHandle@symbol JSHandle@symbol \"Setting the current frame to 964\" handle was cleared after 8ms"}
{"t":"2026-09-26T07:39:29.784Z","type":"debug","text":"JSHandle@symbol JSHandle@symbol \"Setting the current frame to 965\" handle was cleared after 1ms"}
{"t":"2026-09-26T07:39:29.827Z","type":"debug","text":"JSHandle@symbol JSHandle@symbol \"Setting the current frame to 966\" handle was cleared after 6ms"}
{"t":"2026-09-26T07:39:29.855Z","type":"debug","text":"JSHandle@symbol JSHandle@symbol \"Setting the current frame to 967\" handle was cleared after 1ms"}
{"t":"2026-09-26T07:39:29.894Z","type":"debug","text":"JSHandle@symbol JSHandle@symbol \"Setting the current frame to 968\" handle was cleared after 10ms"}
{"t":"2026-09-26T07:39:29.923Z","type":"debug","text":"JSHandle@symbol JSHandle@symbol \"Setting the current frame to 969\" handle was cleared after 1ms"}
{"t":"2026-09-26T07:39:29.958Z","type":"debug","text":"JSHandle@symbol JSHandle@symbol \"Setting the current frame to 970\" handle was cleared after 1ms"}
{"t":"2026-09-26T07:39:29.990Z","type":"debug","text":"JSHandle@symbol JSHandle@symbol \"Setting the current frame to 971\" handle was cleared after 1ms"}
{"t":"2026-09-26T07:39:30.024Z","type":"debug","text":"JSHandle@symbol JSHandle@symbol \"Setting the current frame to 972\" handle was cleared after 1ms"}
{"t":"2026-09-26T07:39:30.058Z","type":"debug","text":"JSHandle@symbol JSHandle@symbol \"Setting the current frame to 973\" handle was cleared after 0ms"}
{"t":"2026-09-26T07:39:30.091Z","type":"debug","text":"JSHandle@symbol JSHandle@symbol \"Setting the current frame to 974\" handle was cleared after 1ms"}
{"t":"2026-09-26T07:39:30.124Z","type":"debug","text":"JSHandle@symbol JSHandle@symbol \"Setting the current frame to 975\" handle was cleared after 0ms"}
{"t":"2026-09-26T07:39:30.152Z","type":"debug","text":"JSHandle@symbol JSHandle@symbol \"Setting the current frame to 976\" handle was cleared after 1ms"}
{"t":"2026-09-26T07:39:30.185Z","type":"debug","text":"JSHandle@symbol JSHandle@symbol \"Setting the current frame to 977\" handle was cleared after 1ms"}
{"t":"2026-09-26T07:39:30.219Z","type":"debug","text":"JSHandle@symbol JSHandle@symbol \"Setting the current frame to 978\" handle was cleared after 1ms"}
{"t":"2026-09-26T07:39:30.252Z","type":"debug","text":"JSHandle@symbol JSHandle@symbol \"Setting the current frame to 979\" handle was cleared after 1ms"}
{"t":"2026-09-26T07:39:30.284Z","type":"debug","text":"JSHandle@symbol JSHandle@symbol \"Setting the current frame to 980\" handle was cleared after 1ms"}
{"t":"2026-09-26T07:39:30.317Z","type":"debug","text":"JSHandle@symbol JSHandle@symbol \"Setting the current frame to 981\" handle was cleared after 0ms"}
{"t":"2026-09-26T07:39:30.350Z","type":"debug","text":"JSHandle@symbol JSHandle@symbol \"Setting the current frame to 982\" handle was cleared after 1ms"}
{"t":"2026-09-26T07:39:30.383Z","type":"debug","text":"JSHandle@symbol JSHandle@symbol \"Setting the current frame to 983\" handle was cleared after 1ms"}
{"t":"2026-09-26T07:39:30.417Z","type":"debug","text":"JSHandle@symbol JSHandle@symbol \"Setting the current frame to 984\" handle was cleared after 0ms"}
{"t":"2026-09-26T07:39:30.452Z","type":"debug","text":"JSHandle@symbol JSHandle@symbol \"Setting the current frame to 985\" handle was cleared after 1ms"}
{"t":"2026-09-26T07:39:30.485Z","type":"debug","text":"JSHandle@symbol JSHandle@symbol \"Setting the current frame to 986\" handle was cleared after 1ms"}
{"t":"2026-09-26T07:39:30.519Z","type":"debug","text":"JSHandle@symbol JSHandle@symbol \"Setting the current frame to 987\" handle was cleared after 1ms"}
{"t":"2026-09-26T07:39:30.550Z","type":"debug","text":"JSHandle@symbol JSHandle@symbol \"Setting the current frame to 988\" handle was cleared after 0ms"}
{"t":"2026-09-26T07:39:30.584Z","type":"debug","text":"JSHandle@symbol JSHandle@symbol \"Setting the current frame to 989\" handle was cleared after 0ms"}
{"t":"2026-09-26T07:39:30.618Z","type":"debug","text":"JSHandle@symbol JSHandle@symbol \"Setting the current frame to 990\" handle was cleared after 1ms"}
{"t":"2026-09-26T07:39:30.651Z","type":"debug","text":"JSHandle@symbol JSHandle@symbol \"Setting the current frame to 991\" handle was cleared after 0ms"}
{"t":"2026-09-26T07:39:30.684Z","type":"debug","text":"JSHandle@symbol JSHandle@symbol \"Setting the current frame to 992\" handle was cleared after 0ms"}
{"t":"2026-09-26T07:39:30.717Z","type":"debug","text":"JSHandle@symbol JSHandle@symbol \"Setting the current frame to 993\" handle was cleared after 1ms"}
{"t":"2026-09-26T07:39:30.752Z","type":"debug","text":"JSHandle@symbol JSHandle@symbol \"Setting the current frame to 994\" handle was cleared after 1ms"}
{"t":"2026-09-26T07:39:30.783Z","type":"debug","text":"JSHandle@symbol JSHandle@symbol \"Setting the current frame to 995\" handle was cleared after 0ms"}
{"t":"2026-09-26T07:39:30.818Z","type":"debug","text":"JSHandle@symbol JSHandle@symbol \"Setting the current frame to 996\" handle was cleared after 1ms"}
{"t":"2026-09-26T07:39:30.851Z","type":"debug","text":"JSHandle@symbol JSHandle@symbol \"Setting the current frame to 997\" handle was cleared after 0ms"}
{"t":"2026-09-26T07:39:30.885Z","type":"debug","text":"JSHandle@symbol JSHandle@symbol \"Setting the current frame to 998\" handle was cleared after 0ms"}
{"t":"2026-09-26T07:39:30.917Z","type":"debug","text":"JSHandle@symbol JSHandle@symbol \"Setting the current frame to 999\" handle was cleared after 0ms"}
{"t":"2026-09-26T07:39:30.950Z","type":"debug","text":"JSHandle@symbol JSHandle@symbol \"Setting the current frame to 1000\" handle was cleared after 0ms"}
{"t":"2026-09-26T07:39:30.984Z","type":"debug","text":"JSHandle@symbol JSHandle@symbol \"Setting the current frame to 1001\" handle was cleared after 0ms"}
{"t":"2026-09-26T07:39:31.017Z","type":"debug","text":"JSHandle@symbol JSHandle@symbol \"Setting the current frame to 1002\" handle was cleared after 0ms"}
{"t":"2026-09-26T07:39:31.050Z","type":"debug","text":"JSHandle@symbol JSHandle@symbol \"Setting the current frame to 1003\" handle was cleared after 1ms"}
{"t":"2026-09-26T07:39:31.084Z","type":"debug","text":"JSHandle@symbol JSHandle@symbol \"Setting the current frame to 1004\" handle was cleared after 1ms"}
{"t":"2026-09-26T07:39:31.117Z","type":"debug","text":"JSHandle@symbol JSHandle@symbol \"Setting the current frame to 1005\" handle was cleared after 0ms"}
{"t":"2026-09-26T07:39:31.151Z","type":"debug","text":"JSHandle@symbol JSHandle@symbol \"Setting the current frame to 1006\" handle was cleared after 0ms"}
{"t":"2026-09-26T07:39:31.184Z","type":"debug","text":"JSHandle@symbol JSHandle@symbol \"Setting the current frame to 1007\" handle was cleared after 1ms"}
{"t":"2026-09-26T07:39:31.218Z","type":"debug","text":"JSHandle@symbol JSHandle@symbol \"Setting the current frame to 1008\" handle was cleared after 0ms"}
{"t":"2026-09-26T07:39:31.250Z","type":"debug","text":"JSHandle@symbol JSHandle@symbol \"Setting the current frame to 1009\" handle was cleared after 1ms"}
{"t":"2026-09-26T07:39:31.284Z","type":"debug","text":"JSHandle@symbol JSHandle@symbol \"Setting the current frame to 1010\" handle was cleared after 0ms"}
{"t":"2026-09-26T07:39:31.317Z","type":"debug","text":"JSHandle@symbol JSHandle@symbol \"Setting the current frame to 1011\" handle was cleared after 0ms"}
{"t":"2026-09-26T07:39:31.351Z","type":"debug","text":"JSHandle@symbol JSHandle@symbol \"Setting the current frame to 1012\" handle was cleared after 1ms"}
{"t":"2026-09-26T07:39:31.383Z","type":"debug","text":"JSHandle@symbol JSHandle@symbol \"Setting the current frame to 1013\" handle was cleared after 0ms"}
{"t":"2026-09-26T07:39:31.417Z","type":"debug","text":"JSHandle@symbol JSHandle@symbol \"Setting the current frame to 1014\" handle was cleared after 1ms"}
{"t":"2026-09-26T07:39:31.452Z","type":"debug","text":"JSHandle@symbol JSHandle@symbol \"Setting the current frame to 1015\" handle was cleared after 0ms"}
{"t":"2026-09-26T07:39:31.486Z","type":"debug","text":"JSHandle@symbol JSHandle@symbol \"Setting the current frame to 1016\" handle was cleared after 1ms"}
{"t":"2026-09-26T07:39:31.519Z","type":"debug","text":"JSHandle@symbol JSHandle@symbol \"Setting the current frame to 1017\" handle was cleared after 1ms"}
{"t":"2026-09-26T07:39:31.553Z","type":"debug","text":"JSHandle@symbol JSHandle@symbol \"Setting the current frame to 1018\" handle was cleared after 1ms"}
{"t":"2026-09-26T07:39:31.585Z","type":"debug","text":"JSHandle@symbol JSHandle@symbol \"Setting the current frame to 1019\" handle was cleared after 1ms"}
{"t":"2026-09-26T07:39:31.618Z","type":"debug","text":"JSHandle@symbol JSHandle@symbol \"Setting the current frame to 1020\" handle was cleared after 2ms"}
{"t":"2026-09-26T07:39:31.653Z","type":"debug","text":"JSHandle@symbol JSHandle@symbol \"Setting the current frame to 1021\" handle was cleared after 1ms"}
{"t":"2026-09-26T07:39:31.696Z","type":"debug","text":"JSHandle@symbol JSHandle@symbol \"Setting the current frame to 1022\" handle was cleared after 1ms"}
{"t":"2026-09-26T07:39:31.754Z","type":"debug","text":"JSHandle@symbol JSHandle@symbol \"Setting the current frame to 1023\" handle was cleared after 8ms"}
{"t":"2026-09-26T07:39:31.760Z","type":"debug","text":"JSHandle@symbol JSHandle@symbol \"Setting the current frame to 1024\" handle was cleared after 4ms"}
{"t":"2026-09-26T07:39:31.818Z","type":"debug","text":"JSHandle@symbol JSHandle@symbol \"Setting the current frame to 1025\" handle was cleared after 12ms"}
{"t":"2026-09-26T07:39:31.827Z","type":"debug","text":"JSHandle@symbol JSHandle@symbol \"Setting the current frame to 1026\" handle was cleared after 7ms"}
{"t":"2026-09-26T07:39:31.869Z","type":"debug","text":"JSHandle@symbol JSHandle@symbol \"Setting the current frame to 1027\" handle was cleared after 3ms"}
{"t":"2026-09-26T07:39:31.893Z","type":"debug","text":"JSHandle@symbol JSHandle@symbol \"Setting the current frame to 1028\" handle was cleared after 4ms"}
{"t":"2026-09-26T07:39:31.937Z","type":"debug","text":"JSHandle@symbol JSHandle@symbol \"Setting the current frame to 1029\" handle was cleared after 3ms"}
{"t":"2026-09-26T07:39:31.956Z","type":"debug","text":"JSHandle@symbol JSHandle@symbol \"Setting the current frame to 1030\" handle was cleared after 0ms"}
{"t":"2026-09-26T07:39:32.002Z","type":"debug","text":"JSHandle@symbol JSHandle@symbol \"Setting the current frame to 1031\" handle was cleared after 3ms"}
{"t":"2026-09-26T07:39:32.021Z","type":"debug","text":"JSHandle@symbol JSHandle@symbol \"Setting the current frame to 1032\" handle was cleared after 0ms"}
{"t":"2026-09-26T07:39:32.070Z","type":"debug","text":"JSHandle@symbol JSHandle@symbol \"Setting the current frame to 1033\" handle was cleared after 4ms"}
{"t":"2026-09-26T07:39:32.089Z","type":"debug","text":"JSHandle@symbol JSHandle@symbol \"Setting the current frame to 1034\" handle was cleared after 0ms"}
{"t":"2026-09-26T07:39:32.137Z","type":"debug","text":"JSHandle@symbol JSHandle@symbol \"Setting the current frame to 1035\" handle was cleared after 4ms"}
{"t":"2026-09-26T07:39:32.156Z","type":"debug","text":"JSHandle@symbol JSHandle@symbol \"Setting the current frame to 1036\" handle was cleared after 0ms"}
{"t":"2026-09-26T07:39:32.203Z","type":"debug","text":"JSHandle@symbol JSHandle@symbol \"Setting the current frame to 1037\" handle was cleared after 3ms"}
{"t":"2026-09-26T07:39:32.220Z","type":"debug","text":"JSHandle@symbol JSHandle@symbol \"Setting the current frame to 1038\" handle was cleared after 0ms"}
{"t":"2026-09-26T07:39:32.272Z","type":"debug","text":"JSHandle@symbol JSHandle@symbol \"Setting the current frame to 1039\" handle was cleared after 3ms"}
{"t":"2026-09-26T07:39:32.291Z","type":"debug","text":"JSHandle@symbol JSHandle@symbol \"Setting the current frame to 1040\" handle was cleared after 1ms"}
{"t":"2026-09-26T07:39:32.335Z","type":"debug","text":"JSHandle@symbol JSHandle@symbol \"Setting the current frame to 1041\" handle was cleared after 3ms"}
{"t":"2026-09-26T07:39:32.354Z","type":"debug","text":"JSHandle@symbol JSHandle@symbol \"Setting the current frame to 1042\" handle was cleared after 0ms"}
{"t":"2026-09-26T07:39:32.403Z","type":"debug","text":"JSHandle@symbol JSHandle@symbol \"Setting the current frame to 1043\" handle was cleared after 4ms"}
{"t":"2026-09-26T07:39:32.421Z","type":"debug","text":"JSHandle@symbol JSHandle@symbol \"Setting the current frame to 1044\" handle was cleared after 0ms"}
{"t":"2026-09-26T07:39:32.469Z","type":"debug","text":"JSHandle@symbol JSHandle@symbol \"Setting the current frame to 1045\" handle was cleared after 4ms"}
{"t":"2026-09-26T07:39:32.487Z","type":"debug","text":"JSHandle@symbol JSHandle@symbol \"Setting the current frame to 1046\" handle was cleared after 1ms"}
{"t":"2026-09-26T07:39:32.536Z","type":"debug","text":"JSHandle@symbol JSHandle@symbol \"Setting the current frame to 1047\" handle was cleared after 1ms"}
{"t":"2026-09-26T07:39:32.554Z","type":"debug","text":"JSHandle@symbol JSHandle@symbol \"Setting the current frame to 1048\" handle was cleared after 1ms"}
{"t":"2026-09-26T07:39:32.603Z","type":"debug","text":"JSHandle@symbol JSHandle@symbol \"Setting the current frame to 1049\" handle was cleared after 3ms"}
{"t":"2026-09-26T07:39:32.620Z","type":"debug","text":"JSHandle@symbol JSHandle@symbol \"Setting the current frame to 1050\" handle was cleared after 0ms"}
{"t":"2026-09-26T07:39:32.669Z","type":"debug","text":"JSHandle@symbol JSHandle@symbol \"Setting the current frame to 1051\" handle was cleared after 3ms"}
{"t":"2026-09-26T07:39:32.689Z","type":"debug","text":"JSHandle@symbol JSHandle@symbol \"Setting the current frame to 1052\" handle was cleared after 1ms"}
{"t":"2026-09-26T07:39:32.737Z","type":"debug","text":"JSHandle@symbol JSHandle@symbol \"Setting the current frame to 1053\" handle was cleared after 3ms"}
{"t":"2026-09-26T07:39:32.756Z","type":"debug","text":"JSHandle@symbol JSHandle@symbol \"Setting the current frame to 1054\" handle was cleared after 1ms"}
{"t":"2026-09-26T07:39:32.803Z","type":"debug","text":"JSHandle@symbol JSHandle@symbol \"Setting the current frame to 1055\" handle was cleared after 4ms"}
{"t":"2026-09-26T07:39:32.822Z","type":"debug","text":"JSHandle@symbol JSHandle@symbol \"Setting the current frame to 1056\" handle was cleared after 1ms"}
{"t":"2026-09-26T07:39:32.873Z","type":"debug","text":"JSHandle@symbol JSHandle@symbol \"Setting the current frame to 1057\" handle was cleared after 4ms"}
{"t":"2026-09-26T07:39:32.897Z","type":"debug","text":"JSHandle@symbol JSHandle@symbol \"Setting the current frame to 1058\" handle was cleared after 1ms"}
{"t":"2026-09-26T07:39:32.971Z","type":"debug","text":"JSHandle@symbol JSHandle@symbol \"Setting the current frame to 1059\" handle was cleared after 9ms"}
{"t":"2026-09-26T07:39:32.974Z","type":"debug","text":"JSHandle@symbol JSHandle@symbol \"Setting the current frame to 1060\" handle was cleared after 0ms"}
{"t":"2026-09-26T07:39:33.019Z","type":"debug","text":"JSHandle@symbol JSHandle@symbol \"Setting the current frame to 1061\" handle was cleared after 4ms"}
{"t":"2026-09-26T07:39:33.038Z","type":"debug","text":"JSHandle@symbol JSHandle@symbol \"Setting the current frame to 1062\" handle was cleared after 0ms"}
{"t":"2026-09-26T07:39:33.085Z","type":"debug","text":"JSHandle@symbol JSHandle@symbol \"Setting the current frame to 1063\" handle was cleared after 3ms"}
{"t":"2026-09-26T07:39:33.104Z","type":"debug","text":"JSHandle@symbol JSHandle@symbol \"Setting the current frame to 1064\" handle was cleared after 1ms"}
{"t":"2026-09-26T07:39:33.156Z","type":"debug","text":"JSHandle@symbol JSHandle@symbol \"Setting the current frame to 1065\" handle was cleared after 4ms"}
{"t":"2026-09-26T07:39:33.176Z","type":"debug","text":"JSHandle@symbol JSHandle@symbol \"Setting the current frame to 1066\" handle was cleared after 0ms"}
{"t":"2026-09-26T07:39:33.221Z","type":"debug","text":"JSHandle@symbol JSHandle@symbol \"Setting the current frame to 1067\" handle was cleared after 3ms"}
{"t":"2026-09-26T07:39:33.243Z","type":"debug","text":"JSHandle@symbol JSHandle@symbol \"Setting the current frame to 1068\" handle was cleared after 5ms"}
{"t":"2026-09-26T07:39:33.285Z","type":"debug","text":"JSHandle@symbol JSHandle@symbol \"Setting the current frame to 1069\" handle was cleared after 3ms"}
{"t":"2026-09-26T07:39:33.310Z","type":"debug","text":"JSHandle@symbol JSHandle@symbol \"Setting the current frame to 1070\" handle was cleared after 8ms"}
{"t":"2026-09-26T07:39:33.353Z","type":"debug","text":"JSHandle@symbol JSHandle@symbol \"Setting the current frame to 1071\" handle was cleared after 3ms"}
{"t":"2026-09-26T07:39:33.371Z","type":"debug","text":"JSHandle@symbol JSHandle@symbol \"Setting the current frame to 1072\" handle was cleared after 1ms"}
{"t":"2026-09-26T07:39:33.420Z","type":"debug","text":"JSHandle@symbol JSHandle@symbol \"Setting the current frame to 1073\" handle was cleared after 4ms"}
{"t":"2026-09-26T07:39:33.438Z","type":"debug","text":"JSHandle@symbol JSHandle@symbol \"Setting the current frame to 1074\" handle was cleared after 1ms"}
{"t":"2026-09-26T07:39:33.486Z","type":"debug","text":"JSHandle@symbol JSHandle@symbol \"Setting the current frame to 1075\" handle was cleared after 3ms"}
{"t":"2026-09-26T07:39:33.504Z","type":"debug","text":"JSHandle@symbol JSHandle@symbol \"Setting the current frame to 1076\" handle was cleared after 1ms"}
{"t":"2026-09-26T07:39:33.552Z","type":"debug","text":"JSHandle@symbol JSHandle@symbol \"Setting the current frame to 1077\" handle was cleared after 3ms"}
{"t":"2026-09-26T07:39:33.570Z","type":"debug","text":"JSHandle@symbol JSHandle@symbol \"Setting the current frame to 1078\" handle was cleared after 1ms"}
{"t":"2026-09-26T07:39:33.620Z","type":"debug","text":"JSHandle@symbol JSHandle@symbol \"Setting the current frame to 1079\" handle was cleared after 3ms"}
{"t":"2026-09-26T07:39:33.638Z","type":"debug","text":"JSHandle@symbol JSHandle@symbol \"Setting the current frame to 1080\" handle was cleared after 0ms"}
{"t":"2026-09-26T07:39:33.690Z","type":"debug","text":"JSHandle@symbol JSHandle@symbol \"Setting the current frame to 1081\" handle was cleared after 3ms"}
{"t":"2026-09-26T07:39:33.710Z","type":"debug","text":"JSHandle@symbol JSHandle@symbol \"Setting the current frame to 1082\" handle was cleared after 1ms"}
{"t":"2026-09-26T07:39:33.756Z","type":"debug","text":"JSHandle@symbol JSHandle@symbol \"Setting the current frame to 1083\" handle was cleared after 4ms"}
{"t":"2026-09-26T07:39:33.777Z","type":"debug","text":"JSHandle@symbol JSHandle@symbol \"Setting the current frame to 1084\" handle was cleared after 2ms"}
{"t":"2026-09-26T07:39:33.819Z","type":"debug","text":"JSHandle@symbol JSHandle@symbol \"Setting the current frame to 1085\" handle was cleared after 3ms"}
{"t":"2026-09-26T07:39:33.843Z","type":"debug","text":"JSHandle@symbol JSHandle@symbol \"Setting the current frame to 1086\" handle was cleared after 5ms"}
{"t":"2026-09-26T07:39:33.886Z","type":"debug","text":"JSHandle@symbol JSHandle@symbol \"Setting the current frame to 1087\" handle was cleared after 3ms"}
{"t":"2026-09-26T07:39:33.910Z","type":"debug","text":"JSHandle@symbol JSHandle@symbol \"Setting the current frame to 1088\" handle was cleared after 6ms"}
{"t":"2026-09-26T07:39:33.952Z","type":"debug","text":"JSHandle@symbol JSHandle@symbol \"Setting the current frame to 1089\" handle was cleared after 4ms"}
{"t":"2026-09-26T07:39:33.971Z","type":"debug","text":"JSHandle@symbol JSHandle@symbol \"Setting the current frame to 1090\" handle was cleared after 0ms"}
{"t":"2026-09-26T07:39:34.019Z","type":"debug","text":"JSHandle@symbol JSHandle@symbol \"Setting the current frame to 1091\" handle was cleared after 3ms"}
{"t":"2026-09-26T07:39:34.037Z","type":"debug","text":"JSHandle@symbol JSHandle@symbol \"Setting the current frame to 1092\" handle was cleared after 0ms"}
{"t":"2026-09-26T07:39:34.086Z","type":"debug","text":"JSHandle@symbol JSHandle@symbol \"Setting the current frame to 1093\" handle was cleared after 3ms"}
{"t":"2026-09-26T07:39:34.104Z","type":"debug","text":"JSHandle@symbol JSHandle@symbol \"Setting the current frame to 1094\" handle was cleared after 0ms"}
{"t":"2026-09-26T07:39:34.153Z","type":"debug","text":"JSHandle@symbol JSHandle@symbol \"Setting the current frame to 1095\" handle was cleared after 3ms"}
{"t":"2026-09-26T07:39:34.172Z","type":"debug","text":"JSHandle@symbol JSHandle@symbol \"Setting the current frame to 1096\" handle was cleared after 0ms"}
{"t":"2026-09-26T07:39:34.221Z","type":"debug","text":"JSHandle@symbol JSHandle@symbol \"Setting the current frame to 1097\" handle was cleared after 3ms"}
{"t":"2026-09-26T07:39:34.241Z","type":"debug","text":"JSHandle@symbol JSHandle@symbol \"Setting the current frame to 1098\" handle was cleared after 1ms"}
{"t":"2026-09-26T07:39:34.287Z","type":"debug","text":"JSHandle@symbol JSHandle@symbol \"Setting the current frame to 1099\" handle was cleared after 3ms"}
{"t":"2026-09-26T07:39:34.310Z","type":"debug","text":"JSHandle@symbol JSHandle@symbol \"Setting the current frame to 1100\" handle was cleared after 2ms"}
{"t":"2026-09-26T07:39:34.353Z","type":"debug","text":"JSHandle@symbol JSHandle@symbol \"Setting the current frame to 1101\" handle was cleared after 3ms"}
{"t":"2026-09-26T07:39:34.371Z","type":"debug","text":"JSHandle@symbol JSHandle@symbol \"Setting the current frame to 1102\" handle was cleared after 0ms"}
{"t":"2026-09-26T07:39:34.419Z","type":"debug","text":"JSHandle@symbol JSHandle@symbol \"Setting the current frame to 1103\" handle was cleared after 3ms"}
{"t":"2026-09-26T07:39:34.438Z","type":"debug","text":"JSHandle@symbol JSHandle@symbol \"Setting the current frame to 1104\" handle was cleared after 0ms"}
{"t":"2026-09-26T07:39:34.487Z","type":"debug","text":"JSHandle@symbol JSHandle@symbol \"Setting the current frame to 1105\" handle was cleared after 3ms"}
{"t":"2026-09-26T07:39:34.504Z","type":"debug","text":"JSHandle@symbol JSHandle@symbol \"Setting the current frame to 1106\" handle was cleared after 0ms"}
{"t":"2026-09-26T07:39:34.554Z","type":"debug","text":"JSHandle@symbol JSHandle@symbol \"Setting the current frame to 1107\" handle was cleared after 3ms"}
{"t":"2026-09-26T07:39:34.571Z","type":"debug","text":"JSHandle@symbol JSHandle@symbol \"Setting the current frame to 1108\" handle was cleared after 0ms"}
{"t":"2026-09-26T07:39:34.620Z","type":"debug","text":"JSHandle@symbol JSHandle@symbol \"Setting the current frame to 1109\" handle was cleared after 3ms"}
{"t":"2026-09-26T07:39:34.641Z","type":"debug","text":"JSHandle@symbol JSHandle@symbol \"Setting the current frame to 1110\" handle was cleared after 1ms"}
{"t":"2026-09-26T07:39:34.687Z","type":"debug","text":"JSHandle@symbol JSHandle@symbol \"Setting the current frame to 1111\" handle was cleared after 3ms"}
{"t":"2026-09-26T07:39:34.705Z","type":"debug","text":"JSHandle@symbol JSHandle@symbol \"Setting the current frame to 1112\" handle was cleared after 1ms"}
{"t":"2026-09-26T07:39:34.752Z","type":"debug","text":"JSHandle@symbol JSHandle@symbol \"Setting the current frame to 1113\" handle was cleared after 3ms"}
{"t":"2026-09-26T07:39:34.770Z","type":"debug","text":"JSHandle@symbol JSHandle@symbol \"Setting the current frame to 1114\" handle was cleared after 1ms"}
{"t":"2026-09-26T07:39:34.819Z","type":"debug","text":"JSHandle@symbol JSHandle@symbol \"Setting the current frame to 1115\" handle was cleared after 3ms"}
{"t":"2026-09-26T07:39:34.838Z","type":"debug","text":"JSHandle@symbol JSHandle@symbol \"Setting the current frame to 1116\" handle was cleared after 0ms"}
{"t":"2026-09-26T07:39:34.885Z","type":"debug","text":"JSHandle@symbol JSHandle@symbol \"Setting the current frame to 1117\" handle was cleared after 3ms"}
{"t":"2026-09-26T07:39:34.902Z","type":"debug","text":"JSHandle@symbol JSHandle@symbol \"Setting the current frame to 1118\" handle was cleared after 1ms"}
{"t":"2026-09-26T07:39:34.953Z","type":"debug","text":"JSHandle@symbol JSHandle@symbol \"Setting the current frame to 1119\" handle was cleared after 3ms"}
{"t":"2026-09-26T07:39:34.972Z","type":"debug","text":"JSHandle@symbol JSHandle@symbol \"Setting the current frame to 1120\" handle was cleared after 0ms"}
{"t":"2026-09-26T07:39:35.019Z","type":"debug","text":"JSHandle@symbol JSHandle@symbol \"Setting the current frame to 1121\" handle was cleared after 3ms"}
{"t":"2026-09-26T07:39:35.038Z","type":"debug","text":"JSHandle@symbol JSHandle@symbol \"Setting the current frame to 1122\" handle was cleared after 1ms"}
{"t":"2026-09-26T07:39:35.087Z","type":"debug","text":"JSHandle@symbol JSHandle@symbol \"Setting the current frame to 1123\" handle was cleared after 4ms"}
{"t":"2026-09-26T07:39:35.105Z","type":"debug","text":"JSHandle@symbol JSHandle@symbol \"Setting the current frame to 1124\" handle was cleared after 1ms"}
{"t":"2026-09-26T07:39:35.152Z","type":"debug","text":"JSHandle@symbol JSHandle@symbol \"Setting the current frame to 1125\" handle was cleared after 3ms"}
{"t":"2026-09-26T07:39:35.171Z","type":"debug","text":"JSHandle@symbol JSHandle@symbol \"Setting the current frame to 1126\" handle was cleared after 1ms"}
{"t":"2026-09-26T07:39:35.219Z","type":"debug","text":"JSHandle@symbol JSHandle@symbol \"Setting the current frame to 1127\" handle was cleared after 3ms"}
{"t":"2026-09-26T07:39:35.237Z","type":"debug","text":"JSHandle@symbol JSHandle@symbol \"Setting the current frame to 1128\" handle was cleared after 1ms"}
{"t":"2026-09-26T07:39:35.285Z","type":"debug","text":"JSHandle@symbol JSHandle@symbol \"Setting the current frame to 1129\" handle was cleared after 3ms"}
{"t":"2026-09-26T07:39:35.304Z","type":"debug","text":"JSHandle@symbol JSHandle@symbol \"Setting the current frame to 1130\" handle was cleared after 0ms"}
{"t":"2026-09-26T07:39:35.351Z","type":"debug","text":"JSHandle@symbol JSHandle@symbol \"Setting the current frame to 1131\" handle was cleared after 3ms"}
{"t":"2026-09-26T07:39:35.370Z","type":"debug","text":"JSHandle@symbol JSHandle@symbol \"Setting the current frame to 1132\" handle was cleared after 1ms"}
{"t":"2026-09-26T07:39:35.419Z","type":"debug","text":"JSHandle@symbol JSHandle@symbol \"Setting the current frame to 1133\" handle was cleared after 3ms"}
{"t":"2026-09-26T07:39:35.438Z","type":"debug","text":"JSHandle@symbol JSHandle@symbol \"Setting the current frame to 1134\" handle was cleared after 0ms"}
{"t":"2026-09-26T07:39:35.488Z","type":"debug","text":"JSHandle@symbol JSHandle@symbol \"Setting the current frame to 1135\" handle was cleared after 4ms"}
{"t":"2026-09-26T07:39:35.508Z","type":"debug","text":"JSHandle@symbol JSHandle@symbol \"Setting the current frame to 1136\" handle was cleared after 0ms"}
{"t":"2026-09-26T07:39:35.554Z","type":"debug","text":"JSHandle@symbol JSHandle@symbol \"Setting the current frame to 1137\" handle was cleared after 3ms"}
{"t":"2026-09-26T07:39:35.572Z","type":"debug","text":"JSHandle@symbol JSHandle@symbol \"Setting the current frame to 1138\" handle was cleared after 0ms"}
{"t":"2026-09-26T07:39:35.619Z","type":"debug","text":"JSHandle@symbol JSHandle@symbol \"Setting the current frame to 1139\" handle was cleared after 3ms"}
{"t":"2026-09-26T07:39:35.637Z","type":"debug","text":"JSHandle@symbol JSHandle@symbol \"Setting the current frame to 1140\" handle was cleared after 1ms"}
{"t":"2026-09-26T07:39:35.687Z","type":"debug","text":"JSHandle@symbol JSHandle@symbol \"Setting the current frame to 1141\" handle was cleared after 3ms"}
{"t":"2026-09-26T07:39:35.704Z","type":"debug","text":"JSHandle@symbol JSHandle@symbol \"Setting the current frame to 1142\" handle was cleared after 0ms"}
{"t":"2026-09-26T07:39:35.753Z","type":"debug","text":"JSHandle@symbol JSHandle@symbol \"Setting the current frame to 1143\" handle was cleared after 3ms"}
{"t":"2026-09-26T07:39:35.771Z","type":"debug","text":"JSHandle@symbol JSHandle@symbol \"Setting the current frame to 1144\" handle was cleared after 1ms"}
{"t":"2026-09-26T07:39:35.820Z","type":"debug","text":"JSHandle@symbol JSHandle@symbol \"Setting the current frame to 1145\" handle was cleared after 4ms"}
{"t":"2026-09-26T07:39:35.838Z","type":"debug","text":"JSHandle@symbol JSHandle@symbol \"Setting the current frame to 1146\" handle was cleared after 1ms"}
{"t":"2026-09-26T07:39:35.886Z","type":"debug","text":"JSHandle@symbol JSHandle@symbol \"Setting the current frame to 1147\" handle was cleared after 3ms"}
{"t":"2026-09-26T07:39:35.904Z","type":"debug","text":"JSHandle@symbol JSHandle@symbol \"Setting the current frame to 1148\" handle was cleared after 1ms"}
{"t":"2026-09-26T07:39:35.952Z","type":"debug","text":"JSHandle@symbol JSHandle@symbol \"Setting the current frame to 1149\" handle was cleared after 3ms"}
{"t":"2026-09-26T07:39:35.970Z","type":"debug","text":"JSHandle@symbol JSHandle@symbol \"Setting the current frame to 1150\" handle was cleared after 0ms"}
{"t":"2026-09-26T07:39:36.019Z","type":"debug","text":"JSHandle@symbol JSHandle@symbol \"Setting the current frame to 1151\" handle was cleared after 3ms"}
{"t":"2026-09-26T07:39:36.037Z","type":"debug","text":"JSHandle@symbol JSHandle@symbol \"Setting the current frame to 1152\" handle was cleared after 1ms"}
{"t":"2026-09-26T07:39:36.086Z","type":"debug","text":"JSHandle@symbol JSHandle@symbol \"Setting the current frame to 1153\" handle was cleared after 3ms"}
{"t":"2026-09-26T07:39:36.105Z","type":"debug","text":"JSHandle@symbol JSHandle@symbol \"Setting the current frame to 1154\" handle was cleared after 1ms"}
{"t":"2026-09-26T07:39:36.152Z","type":"debug","text":"JSHandle@symbol JSHandle@symbol \"Setting the current frame to 1155\" handle was cleared after 4ms"}
{"t":"2026-09-26T07:39:36.169Z","type":"debug","text":"JSHandle@symbol JSHandle@symbol \"Setting the current frame to 1156\" handle was cleared after 0ms"}
{"t":"2026-09-26T07:39:36.222Z","type":"debug","text":"JSHandle@symbol JSHandle@symbol \"Setting the current frame to 1157\" handle was cleared after 3ms"}
{"t":"2026-09-26T07:39:36.242Z","type":"debug","text":"JSHandle@symbol JSHandle@symbol \"Setting the current frame to 1158\" handle was cleared after 1ms"}
{"t":"2026-09-26T07:39:36.285Z","type":"debug","text":"JSHandle@symbol JSHandle@symbol \"Setting the current frame to 1159\" handle was cleared after 2ms"}
{"t":"2026-09-26T07:39:36.310Z","type":"debug","text":"JSHandle@symbol JSHandle@symbol \"Setting the current frame to 1160\" handle was cleared after 7ms"}
{"t":"2026-09-26T07:39:36.353Z","type":"debug","text":"JSHandle@symbol JSHandle@symbol \"Setting the current frame to 1161\" handle was cleared after 3ms"}
{"t":"2026-09-26T07:39:36.376Z","type":"debug","text":"JSHandle@symbol JSHandle@symbol \"Setting the current frame to 1162\" handle was cleared after 5ms"}
{"t":"2026-09-26T07:39:36.418Z","type":"debug","text":"JSHandle@symbol JSHandle@symbol \"Setting the current frame to 1163\" handle was cleared after 3ms"}
{"t":"2026-09-26T07:39:36.442Z","type":"debug","text":"JSHandle@symbol JSHandle@symbol \"Setting the current frame to 1164\" handle was cleared after 6ms"}
{"t":"2026-09-26T07:39:36.484Z","type":"debug","text":"JSHandle@symbol JSHandle@symbol \"Setting the current frame to 1165\" handle was cleared after 3ms"}
{"t":"2026-09-26T07:39:36.509Z","type":"debug","text":"JSHandle@symbol JSHandle@symbol \"Setting the current frame to 1166\" handle was cleared after 7ms"}
{"t":"2026-09-26T07:39:36.552Z","type":"debug","text":"JSHandle@symbol JSHandle@symbol \"Setting the current frame to 1167\" handle was cleared after 3ms"}
{"t":"2026-09-26T07:39:36.576Z","type":"debug","text":"JSHandle@symbol JSHandle@symbol \"Setting the current frame to 1168\" handle was cleared after 7ms"}
{"t":"2026-09-26T07:39:36.618Z","type":"debug","text":"JSHandle@symbol JSHandle@symbol \"Setting the current frame to 1169\" handle was cleared after 3ms"}
{"t":"2026-09-26T07:39:36.643Z","type":"debug","text":"JSHandle@symbol JSHandle@symbol \"Setting the current frame to 1170\" handle was cleared after 8ms"}
{"t":"2026-09-26T07:39:36.685Z","type":"debug","text":"JSHandle@symbol JSHandle@symbol \"Setting the current frame to 1171\" handle was cleared after 3ms"}
{"t":"2026-09-26T07:39:36.703Z","type":"debug","text":"JSHandle@symbol JSHandle@symbol \"Setting the current frame to 1172\" handle was cleared after 0ms"}
{"t":"2026-09-26T07:39:36.755Z","type":"debug","text":"JSHandle@symbol JSHandle@symbol \"Setting the current frame to 1173\" handle was cleared after 4ms"}
{"t":"2026-09-26T07:39:36.772Z","type":"debug","text":"JSHandle@symbol JSHandle@symbol \"Setting the current frame to 1174\" handle was cleared after 0ms"}
{"t":"2026-09-26T07:39:36.820Z","type":"debug","text":"JSHandle@symbol JSHandle@symbol \"Setting the current frame to 1175\" handle was cleared after 4ms"}
{"t":"2026-09-26T07:39:36.837Z","type":"debug","text":"JSHandle@symbol JSHandle@symbol \"Setting the current frame to 1176\" handle was cleared after 1ms"}
{"t":"2026-09-26T07:39:36.886Z","type":"debug","text":"JSHandle@symbol JSHandle@symbol \"Setting the current frame to 1177\" handle was cleared after 3ms"}
{"t":"2026-09-26T07:39:36.904Z","type":"debug","text":"JSHandle@symbol JSHandle@symbol \"Setting the current frame to 1178\" handle was cleared after 1ms"}
{"t":"2026-09-26T07:39:36.952Z","type":"debug","text":"JSHandle@symbol JSHandle@symbol \"Setting the current frame to 1179\" handle was cleared after 3ms"}
{"t":"2026-09-26T07:39:36.970Z","type":"debug","text":"JSHandle@symbol JSHandle@symbol \"Setting the current frame to 1180\" handle was cleared after 1ms"}
{"t":"2026-09-26T07:39:37.019Z","type":"debug","text":"JSHandle@symbol JSHandle@symbol \"Setting the current frame to 1181\" handle was cleared after 3ms"}
{"t":"2026-09-26T07:39:37.036Z","type":"debug","text":"JSHandle@symbol JSHandle@symbol \"Setting the current frame to 1182\" handle was cleared after 0ms"}
{"t":"2026-09-26T07:39:37.086Z","type":"debug","text":"JSHandle@symbol JSHandle@symbol \"Setting the current frame to 1183\" handle was cleared after 3ms"}
{"t":"2026-09-26T07:39:37.103Z","type":"debug","text":"JSHandle@symbol JSHandle@symbol \"Setting the current frame to 1184\" handle was cleared after 0ms"}
{"t":"2026-09-26T07:39:37.152Z","type":"debug","text":"JSHandle@symbol JSHandle@symbol \"Setting the current frame to 1185\" handle was cleared after 4ms"}
{"t":"2026-09-26T07:39:37.169Z","type":"debug","text":"JSHandle@symbol JSHandle@symbol \"Setting the current frame to 1186\" handle was cleared after 0ms"}
{"t":"2026-09-26T07:39:37.221Z","type":"debug","text":"JSHandle@symbol JSHandle@symbol \"Setting the current frame to 1187\" handle was cleared after 3ms"}
{"t":"2026-09-26T07:39:37.244Z","type":"debug","text":"JSHandle@symbol JSHandle@symbol \"Setting the current frame to 1188\" handle was cleared after 1ms"}
{"t":"2026-09-26T07:39:37.288Z","type":"debug","text":"JSHandle@symbol JSHandle@symbol \"Setting the current frame to 1189\" handle was cleared after 3ms"}
{"t":"2026-09-26T07:39:37.309Z","type":"debug","text":"JSHandle@symbol JSHandle@symbol \"Setting the current frame to 1190\" handle was cleared after 4ms"}
{"t":"2026-09-26T07:39:37.353Z","type":"debug","text":"JSHandle@symbol JSHandle@symbol \"Setting the current frame to 1191\" handle was cleared after 3ms"}
{"t":"2026-09-26T07:39:37.373Z","type":"debug","text":"JSHandle@symbol JSHandle@symbol \"Setting the current frame to 1192\" handle was cleared after 1ms"}
{"t":"2026-09-26T07:39:37.420Z","type":"debug","text":"JSHandle@symbol JSHandle@symbol \"Setting the current frame to 1193\" handle was cleared after 3ms"}
{"t":"2026-09-26T07:39:37.438Z","type":"debug","text":"JSHandle@symbol JSHandle@symbol \"Setting the current frame to 1194\" handle was cleared after 1ms"}
{"t":"2026-09-26T07:39:37.487Z","type":"debug","text":"JSHandle@symbol JSHandle@symbol \"Setting the current frame to 1195\" handle was cleared after 2ms"}
{"t":"2026-09-26T07:39:37.506Z","type":"debug","text":"JSHandle@symbol JSHandle@symbol \"Setting the current frame to 1196\" handle was cleared after 1ms"}
{"t":"2026-09-26T07:39:37.554Z","type":"debug","text":"JSHandle@symbol JSHandle@symbol \"Setting the current frame to 1197\" handle was cleared after 0ms"}
{"t":"2026-09-26T07:39:37.573Z","type":"debug","text":"JSHandle@symbol JSHandle@symbol \"Setting the current frame to 1198\" handle was cleared after 1ms"}
{"t":"2026-09-26T07:39:37.620Z","type":"debug","text":"JSHandle@symbol JSHandle@symbol \"Setting the current frame to 1199\" handle was cleared after 3ms"}
{"t":"2026-09-26T07:39:37.639Z","type":"debug","text":"JSHandle@symbol JSHandle@symbol \"Setting the current frame to 1200\" handle was cleared after 1ms"}
{"t":"2026-09-26T07:39:37.686Z","type":"debug","text":"JSHandle@symbol JSHandle@symbol \"Setting the current frame to 1201\" handle was cleared after 3ms"}
{"t":"2026-09-26T07:39:37.706Z","type":"debug","text":"JSHandle@symbol JSHandle@symbol \"Setting the current frame to 1202\" handle was cleared after 0ms"}
{"t":"2026-09-26T07:39:37.755Z","type":"debug","text":"JSHandle@symbol JSHandle@symbol \"Setting the current frame to 1203\" handle was cleared after 4ms"}
{"t":"2026-09-26T07:39:37.772Z","type":"debug","text":"JSHandle@symbol JSHandle@symbol \"Setting the current frame to 1204\" handle was cleared after 0ms"}
{"t":"2026-09-26T07:39:37.820Z","type":"debug","text":"JSHandle@symbol JSHandle@symbol \"Setting the current frame to 1205\" handle was cleared after 1ms"}
{"t":"2026-09-26T07:39:37.846Z","type":"debug","text":"JSHandle@symbol JSHandle@symbol \"Setting the current frame to 1206\" handle was cleared after 0ms"}
{"t":"2026-09-26T07:39:37.884Z","type":"debug","text":"JSHandle@symbol JSHandle@symbol \"Setting the current frame to 1207\" handle was cleared after 0ms"}
{"t":"2026-09-26T07:39:37.918Z","type":"debug","text":"JSHandle@symbol JSHandle@symbol \"Setting the current frame to 1208\" handle was cleared after 0ms"}
{"t":"2026-09-26T07:39:37.952Z","type":"debug","text":"JSHandle@symbol JSHandle@symbol \"Setting the current frame to 1209\" handle was cleared after 1ms"}
{"t":"2026-09-26T07:39:37.983Z","type":"debug","text":"JSHandle@symbol JSHandle@symbol \"Setting the current frame to 1210\" handle was cleared after 1ms"}
{"t":"2026-09-26T07:39:38.017Z","type":"debug","text":"JSHandle@symbol JSHandle@symbol \"Setting the current frame to 1211\" handle was cleared after 1ms"}
{"t":"2026-09-26T07:39:38.053Z","type":"debug","text":"JSHandle@symbol JSHandle@symbol \"Setting the current frame to 1212\" handle was cleared after 1ms"}
{"t":"2026-09-26T07:39:38.085Z","type":"debug","text":"JSHandle@symbol JSHandle@symbol \"Setting the current frame to 1213\" handle was cleared after 0ms"}
{"t":"2026-09-26T07:39:38.118Z","type":"debug","text":"JSHandle@symbol JSHandle@symbol \"Setting the current frame to 1214\" handle was cleared after 1ms"}
{"t":"2026-09-26T07:39:38.152Z","type":"debug","text":"JSHandle@symbol JSHandle@symbol \"Setting the current frame to 1215\" handle was cleared after 1ms"}
{"t":"2026-09-26T07:39:38.186Z","type":"debug","text":"JSHandle@symbol JSHandle@symbol \"Setting the current frame to 1216\" handle was cleared after 1ms"}
{"t":"2026-09-26T07:39:38.220Z","type":"debug","text":"JSHandle@symbol JSHandle@symbol \"Setting the current frame to 1217\" handle was cleared after 1ms"}
{"t":"2026-09-26T07:39:38.258Z","type":"debug","text":"JSHandle@symbol JSHandle@symbol \"Setting the current frame to 1218\" handle was cleared after 1ms"}
{"t":"2026-09-26T07:39:38.285Z","type":"debug","text":"JSHandle@symbol JSHandle@symbol \"Setting the current frame to 1219\" handle was cleared after 1ms"}
{"t":"2026-09-26T07:39:38.319Z","type":"debug","text":"JSHandle@symbol JSHandle@symbol \"Setting the current frame to 1220\" handle was cleared after 0ms"}
{"t":"2026-09-26T07:39:38.352Z","type":"debug","text":"JSHandle@symbol JSHandle@symbol \"Setting the current frame to 1221\" handle was cleared after 1ms"}
{"t":"2026-09-26T07:39:38.383Z","type":"debug","text":"JSHandle@symbol JSHandle@symbol \"Setting the current frame to 1222\" handle was cleared after 0ms"}
{"t":"2026-09-26T07:39:38.417Z","type":"debug","text":"JSHandle@symbol JSHandle@symbol \"Setting the current frame to 1223\" handle was cleared after 1ms"}
{"t":"2026-09-26T07:39:38.450Z","type":"debug","text":"JSHandle@symbol JSHandle@symbol \"Setting the current frame to 1224\" handle was cleared after 0ms"}
{"t":"2026-09-26T07:39:38.483Z","type":"debug","text":"JSHandle@symbol JSHandle@symbol \"Setting the current frame to 1225\" handle was cleared after 1ms"}
{"t":"2026-09-26T07:39:38.516Z","type":"debug","text":"JSHandle@symbol JSHandle@symbol \"Setting the current frame to 1226\" handle was cleared after 0ms"}
{"t":"2026-09-26T07:39:38.550Z","type":"debug","text":"JSHandle@symbol JSHandle@symbol \"Setting the current frame to 1227\" handle was cleared after 0ms"}
{"t":"2026-09-26T07:39:38.583Z","type":"debug","text":"JSHandle@symbol JSHandle@symbol \"Setting the current frame to 1228\" handle was cleared after 1ms"}
{"t":"2026-09-26T07:39:38.616Z","type":"debug","text":"JSHandle@symbol JSHandle@symbol \"Setting the current frame to 1229\" handle was cleared after 0ms"}
{"t":"2026-09-26T07:39:38.651Z","type":"debug","text":"JSHandle@symbol JSHandle@symbol \"Setting the current frame to 1230\" handle was cleared after 0ms"}
{"t":"2026-09-26T07:39:38.683Z","type":"debug","text":"JSHandle@symbol JSHandle@symbol \"Setting the current frame to 1231\" handle was cleared after 1ms"}
{"t":"2026-09-26T07:39:38.721Z","type":"debug","text":"JSHandle@symbol JSHandle@symbol \"Setting the current frame to 1232\" handle was cleared after 1ms"}
{"t":"2026-09-26T07:39:38.750Z","type":"debug","text":"JSHandle@symbol JSHandle@symbol \"Setting the current frame to 1233\" handle was cleared after 1ms"}
{"t":"2026-09-26T07:39:38.784Z","type":"debug","text":"JSHandle@symbol JSHandle@symbol \"Setting the current frame to 1234\" handle was cleared after 1ms"}
{"t":"2026-09-26T07:39:38.817Z","type":"debug","text":"JSHandle@symbol JSHandle@symbol \"Setting the current frame to 1235\" handle was cleared after 0ms"}
{"t":"2026-09-26T07:39:38.850Z","type":"debug","text":"JSHandle@symbol JSHandle@symbol \"Setting the current frame to 1236\" handle was cleared after 1ms"}
{"t":"2026-09-26T07:39:38.882Z","type":"debug","text":"JSHandle@symbol JSHandle@symbol \"Setting the current frame to 1237\" handle was cleared after 0ms"}
{"t":"2026-09-26T07:39:38.917Z","type":"debug","text":"JSHandle@symbol JSHandle@symbol \"Setting the current frame to 1238\" handle was cleared after 1ms"}
{"t":"2026-09-26T07:39:38.951Z","type":"debug","text":"JSHandle@symbol JSHandle@symbol \"Setting the current frame to 1239\" handle was cleared after 1ms"}
{"t":"2026-09-26T07:39:38.983Z","type":"debug","text":"JSHandle@symbol JSHandle@symbol \"Setting the current frame to 1240\" handle was cleared after 0ms"}
{"t":"2026-09-26T07:39:39.017Z","type":"debug","text":"JSHandle@symbol JSHandle@symbol \"Setting the current frame to 1241\" handle was cleared after 1ms"}
{"t":"2026-09-26T07:39:39.052Z","type":"debug","text":"JSHandle@symbol JSHandle@symbol \"Setting the current frame to 1242\" handle was cleared after 1ms"}
{"t":"2026-09-26T07:39:39.084Z","type":"debug","text":"JSHandle@symbol JSHandle@symbol \"Setting the current frame to 1243\" handle was cleared after 1ms"}
{"t":"2026-09-26T07:39:39.118Z","type":"debug","text":"JSHandle@symbol JSHandle@symbol \"Setting the current frame to 1244\" handle was cleared after 1ms"}
{"t":"2026-09-26T07:39:39.152Z","type":"debug","text":"JSHandle@symbol JSHandle@symbol \"Setting the current frame to 1245\" handle was cleared after 0ms"}
{"t":"2026-09-26T07:39:39.186Z","type":"debug","text":"JSHandle@symbol JSHandle@symbol \"Setting the current frame to 1246\" handle was cleared after 0ms"}
{"t":"2026-09-26T07:39:39.218Z","type":"debug","text":"JSHandle@symbol JSHandle@symbol \"Setting the current frame to 1247\" handle was cleared after 1ms"}
{"t":"2026-09-26T07:39:39.251Z","type":"debug","text":"JSHandle@symbol JSHandle@symbol \"Setting the current frame to 1248\" handle was cleared after 0ms"}
{"t":"2026-09-26T07:39:39.285Z","type":"debug","text":"JSHandle@symbol JSHandle@symbol \"Setting the current frame to 1249\" handle was cleared after 1ms"}
{"t":"2026-09-26T07:39:39.320Z","type":"debug","text":"JSHandle@symbol JSHandle@symbol \"Setting the current frame to 1250\" handle was cleared after 1ms"}
{"t":"2026-09-26T07:39:39.351Z","type":"debug","text":"JSHandle@symbol JSHandle@symbol \"Setting the current frame to 1251\" handle was cleared after 0ms"}
{"t":"2026-09-26T07:39:39.383Z","type":"debug","text":"JSHandle@symbol JSHandle@symbol \"Setting the current frame to 1252\" handle was cleared after 0ms"}
{"t":"2026-09-26T07:39:39.416Z","type":"debug","text":"JSHandle@symbol JSHandle@symbol \"Setting the current frame to 1253\" handle was cleared after 1ms"}
{"t":"2026-09-26T07:39:39.450Z","type":"debug","text":"JSHandle@symbol JSHandle@symbol \"Setting the current frame to 1254\" handle was cleared after 0ms"}
{"t":"2026-09-26T07:39:39.484Z","type":"debug","text":"JSHandle@symbol JSHandle@symbol \"Setting the current frame to 1255\" handle was cleared after 1ms"}
{"t":"2026-09-26T07:39:39.516Z","type":"debug","text":"JSHandle@symbol JSHandle@symbol \"Setting the current frame to 1256\" handle was cleared after 1ms"}
{"t":"2026-09-26T07:39:39.551Z","type":"debug","text":"JSHandle@symbol JSHandle@symbol \"Setting the current frame to 1257\" handle was cleared after 1ms"}
{"t":"2026-09-26T07:39:39.584Z","type":"debug","text":"JSHandle@symbol JSHandle@symbol \"Setting the current frame to 1258\" handle was cleared after 0ms"}
{"t":"2026-09-26T07:39:39.616Z","type":"debug","text":"JSHandle@symbol JSHandle@symbol \"Setting the current frame to 1259\" handle was cleared after 0ms"}
{"t":"2026-09-26T07:39:39.651Z","type":"debug","text":"JSHandle@symbol JSHandle@symbol \"Setting the current frame to 1260\" handle was cleared after 1ms"}
{"t":"2026-09-26T07:39:39.684Z","type":"debug","text":"JSHandle@symbol JSHandle@symbol \"Setting the current frame to 1261\" handle was cleared after 1ms"}
{"t":"2026-09-26T07:39:39.719Z","type":"debug","text":"JSHandle@symbol JSHandle@symbol \"Setting the current frame to 1262\" handle was cleared after 1ms"}
{"t":"2026-09-26T07:39:39.750Z","type":"debug","text":"JSHandle@symbol JSHandle@symbol \"Setting the current frame to 1263\" handle was cleared after 0ms"}
{"t":"2026-09-26T07:39:39.784Z","type":"debug","text":"JSHandle@symbol JSHandle@symbol \"Setting the current frame to 1264\" handle was cleared after 0ms"}
{"t":"2026-09-26T07:39:39.819Z","type":"debug","text":"JSHandle@symbol JSHandle@symbol \"Setting the current frame to 1265\" handle was cleared after 0ms"}
{"t":"2026-09-26T07:39:39.851Z","type":"debug","text":"JSHandle@symbol JSHandle@symbol \"Setting the current frame to 1266\" handle was cleared after 1ms"}
{"t":"2026-09-26T07:39:39.884Z","type":"debug","text":"JSHandle@symbol JSHandle@symbol \"Setting the current frame to 1267\" handle was cleared after 1ms"}
{"t":"2026-09-26T07:39:39.918Z","type":"debug","text":"JSHandle@symbol JSHandle@symbol \"Setting the current frame to 1268\" handle was cleared after 0ms"}
{"t":"2026-09-26T07:39:39.952Z","type":"debug","text":"JSHandle@symbol JSHandle@symbol \"Setting the current frame to 1269\" handle was cleared after 1ms"}
{"t":"2026-09-26T07:39:39.984Z","type":"debug","text":"JSHandle@symbol JSHandle@symbol \"Setting the current frame to 1270\" handle was cleared after 0ms"}
{"t":"2026-09-26T07:39:40.019Z","type":"debug","text":"JSHandle@symbol JSHandle@symbol \"Setting the current frame to 1271\" handle was cleared after 0ms"}
{"t":"2026-09-26T07:39:40.051Z","type":"debug","text":"JSHandle@symbol JSHandle@symbol \"Setting the current frame to 1272\" handle was cleared after 1ms"}
{"t":"2026-09-26T07:39:40.084Z","type":"debug","text":"JSHandle@symbol JSHandle@symbol \"Setting the current frame to 1273\" handle was cleared after 0ms"}
{"t":"2026-09-26T07:39:40.118Z","type":"debug","text":"JSHandle@symbol JSHandle@symbol \"Setting the current frame to 1274\" handle was cleared after 1ms"}
{"t":"2026-09-26T07:39:40.150Z","type":"debug","text":"JSHandle@symbol JSHandle@symbol \"Setting the current frame to 1275\" handle was cleared after 0ms"}
{"t":"2026-09-26T07:39:40.184Z","type":"debug","text":"JSHandle@symbol JSHandle@symbol \"Setting the current frame to 1276\" handle was cleared after 1ms"}
{"t":"2026-09-26T07:39:40.217Z","type":"debug","text":"JSHandle@symbol JSHandle@symbol \"Setting the current frame to 1277\" handle was cleared after 1ms"}
{"t":"2026-09-26T07:39:40.251Z","type":"debug","text":"JSHandle@symbol JSHandle@symbol \"Setting the current frame to 1278\" handle was cleared after 1ms"}
{"t":"2026-09-26T07:39:40.283Z","type":"debug","text":"JSHandle@symbol JSHandle@symbol \"Setting the current frame to 1279\" handle was cleared after 1ms"}
{"t":"2026-09-26T07:39:40.316Z","type":"debug","text":"JSHandle@symbol JSHandle@symbol \"Setting the current frame to 1280\" handle was cleared after 1ms"}
{"t":"2026-09-26T07:39:40.350Z","type":"debug","text":"JSHandle@symbol JSHandle@symbol \"Setting the current frame to 1281\" handle was cleared after 0ms"}
{"t":"2026-09-26T07:39:40.384Z","type":"debug","text":"JSHandle@symbol JSHandle@symbol \"Setting the current frame to 1282\" handle was cleared after 1ms"}
{"t":"2026-09-26T07:39:40.417Z","type":"debug","text":"JSHandle@symbol JSHandle@symbol \"Setting the current frame to 1283\" handle was cleared after 0ms"}
{"t":"2026-09-26T07:39:40.452Z","type":"debug","text":"JSHandle@symbol JSHandle@symbol \"Setting the current frame to 1284\" handle was cleared after 1ms"}
{"t":"2026-09-26T07:39:40.484Z","type":"debug","text":"JSHandle@symbol JSHandle@symbol \"Setting the current frame to 1285\" handle was cleared after 1ms"}
{"t":"2026-09-26T07:39:40.517Z","type":"debug","text":"JSHandle@symbol JSHandle@symbol \"Setting the current frame to 1286\" handle was cleared after 0ms"}
{"t":"2026-09-26T07:39:40.551Z","type":"debug","text":"JSHandle@symbol JSHandle@symbol \"Setting the current frame to 1287\" handle was cleared after 1ms"}
{"t":"2026-09-26T07:39:40.583Z","type":"debug","text":"JSHandle@symbol JSHandle@symbol \"Setting the current frame to 1288\" handle was cleared after 1ms"}
{"t":"2026-09-26T07:39:40.617Z","type":"debug","text":"JSHandle@symbol JSHandle@symbol \"Setting the current frame to 1289\" handle was cleared after 0ms"}
{"t":"2026-09-26T07:39:40.651Z","type":"debug","text":"JSHandle@symbol JSHandle@symbol \"Setting the current frame to 1290\" handle was cleared after 0ms"}
{"t":"2026-09-26T07:39:40.684Z","type":"debug","text":"JSHandle@symbol JSHandle@symbol \"Setting the current frame to 1291\" handle was cleared after 1ms"}
{"t":"2026-09-26T07:39:40.717Z","type":"debug","text":"JSHandle@symbol JSHandle@symbol \"Setting the current frame to 1292\" handle was cleared after 0ms"}
{"t":"2026-09-26T07:39:40.751Z","type":"debug","text":"JSHandle@symbol JSHandle@symbol \"Setting the current frame to 1293\" handle was cleared after 1ms"}
{"t":"2026-09-26T07:39:40.783Z","type":"debug","text":"JSHandle@symbol JSHandle@symbol \"Setting the current frame to 1294\" handle was cleared after 1ms"}
{"t":"2026-09-26T07:39:40.819Z","type":"debug","text":"JSHandle@symbol JSHandle@symbol \"Setting the current frame to 1295\" handle was cleared after 0ms"}
{"t":"2026-09-26T07:39:40.851Z","type":"debug","text":"JSHandle@symbol JSHandle@symbol \"Setting the current frame to 1296\" handle was cleared after 1ms"}
{"t":"2026-09-26T07:39:40.886Z","type":"debug","text":"JSHandle@symbol JSHandle@symbol \"Setting the current frame to 1297\" handle was cleared after 1ms"}
{"t":"2026-09-26T07:39:40.918Z","type":"debug","text":"JSHandle@symbol JSHandle@symbol \"Setting the current frame to 1298\" handle was cleared after 1ms"}
{"t":"2026-09-26T07:39:40.951Z","type":"debug","text":"JSHandle@symbol JSHandle@symbol \"Setting the current frame to 1299\" handle was cleared after 0ms"}
{"t":"2026-09-26T07:39:40.984Z","type":"debug","text":"JSHandle@symbol JSHandle@symbol \"Setting the current frame to 1300\" handle was cleared after 1ms"}
{"t":"2026-09-26T07:39:41.017Z","type":"debug","text":"JSHandle@symbol JSHandle@symbol \"Setting the current frame to 1301\" handle was cleared after 0ms"}
{"t":"2026-09-26T07:39:41.050Z","type":"debug","text":"JSHandle@symbol JSHandle@symbol \"Setting the current frame to 1302\" handle was cleared after 1ms"}
{"t":"2026-09-26T07:39:41.083Z","type":"debug","text":"JSHandle@symbol JSHandle@symbol \"Setting the current frame to 1303\" handle was cleared after 0ms"}
{"t":"2026-09-26T07:39:41.117Z","type":"debug","text":"JSHandle@symbol JSHandle@symbol \"Setting the current frame to 1304\" handle was cleared after 1ms"}
{"t":"2026-09-26T07:39:41.150Z","type":"debug","text":"JSHandle@symbol JSHandle@symbol \"Setting the current frame to 1305\" handle was cleared after 0ms"}
{"t":"2026-09-26T07:39:41.184Z","type":"debug","text":"JSHandle@symbol JSHandle@symbol \"Setting the current frame to 1306\" handle was cleared after 1ms"}
{"t":"2026-09-26T07:39:41.218Z","type":"debug","text":"JSHandle@symbol JSHandle@symbol \"Setting the current frame to 1307\" handle was cleared after 0ms"}
{"t":"2026-09-26T07:39:41.255Z","type":"debug","text":"JSHandle@symbol JSHandle@symbol \"Setting the current frame to 1308\" handle was cleared after 1ms"}
{"t":"2026-09-26T07:39:41.285Z","type":"debug","text":"JSHandle@symbol JSHandle@symbol \"Setting the current frame to 1309\" handle was cleared after 0ms"}
{"t":"2026-09-26T07:39:41.319Z","type":"debug","text":"JSHandle@symbol JSHandle@symbol \"Setting the current frame to 1310\" handle was cleared after 1ms"}
{"t":"2026-09-26T07:39:41.352Z","type":"debug","text":"JSHandle@symbol JSHandle@symbol \"Setting the current frame to 1311\" handle was cleared after 0ms"}
{"t":"2026-09-26T07:39:41.385Z","type":"debug","text":"JSHandle@symbol JSHandle@symbol \"Setting the current frame to 1312\" handle was cleared after 1ms"}
{"t":"2026-09-26T07:39:41.418Z","type":"debug","text":"JSHandle@symbol JSHandle@symbol \"Setting the current frame to 1313\" handle was cleared after 0ms"}
{"t":"2026-09-26T07:39:41.451Z","type":"debug","text":"JSHandle@symbol JSHandle@symbol \"Setting the current frame to 1314\" handle was cleared after 1ms"}
{"t":"2026-09-26T07:39:41.485Z","type":"debug","text":"JSHandle@symbol JSHandle@symbol \"Setting the current frame to 1315\" handle was cleared after 1ms"}
{"t":"2026-09-26T07:39:41.517Z","type":"debug","text":"JSHandle@symbol JSHandle@symbol \"Setting the current frame to 1316\" handle was cleared after 1ms"}
{"t":"2026-09-26T07:39:41.550Z","type":"debug","text":"JSHandle@symbol JSHandle@symbol \"Setting the current frame to 1317\" handle was cleared after 1ms"}
{"t":"2026-09-26T07:39:41.584Z","type":"debug","text":"JSHandle@symbol JSHandle@symbol \"Setting the current frame to 1318\" handle was cleared after 1ms"}
{"t":"2026-09-26T07:39:41.618Z","type":"debug","text":"JSHandle@symbol JSHandle@symbol \"Setting the current frame to 1319\" handle was cleared after 0ms"}
{"t":"2026-09-26T07:39:41.651Z","type":"debug","text":"JSHandle@symbol JSHandle@symbol \"Setting the current frame to 1320\" handle was cleared after 1ms"}
{"t":"2026-09-26T07:39:41.684Z","type":"debug","text":"JSHandle@symbol JSHandle@symbol \"Setting the current frame to 1321\" handle was cleared after 1ms"}
{"t":"2026-09-26T07:39:41.719Z","type":"debug","text":"JSHandle@symbol JSHandle@symbol \"Setting the current frame to 1322\" handle was cleared after 1ms"}
{"t":"2026-09-26T07:39:41.752Z","type":"debug","text":"JSHandle@symbol JSHandle@symbol \"Setting the current frame to 1323\" handle was cleared after 1ms"}
{"t":"2026-09-26T07:39:41.784Z","type":"debug","text":"JSHandle@symbol JSHandle@symbol \"Setting the current frame to 1324\" handle was cleared after 1ms"}
{"t":"2026-09-26T07:39:41.819Z","type":"debug","text":"JSHandle@symbol JSHandle@symbol \"Setting the current frame to 1325\" handle was cleared after 1ms"}
{"t":"2026-09-26T07:39:41.851Z","type":"debug","text":"JSHandle@symbol JSHandle@symbol \"Setting the current frame to 1326\" handle was cleared after 0ms"}
{"t":"2026-09-26T07:39:41.885Z","type":"debug","text":"JSHandle@symbol JSHandle@symbol \"Setting the current frame to 1327\" handle was cleared after 0ms"}
{"t":"2026-09-26T07:39:41.918Z","type":"debug","text":"JSHandle@symbol JSHandle@symbol \"Setting the current frame to 1328\" handle was cleared after 1ms"}
{"t":"2026-09-26T07:39:41.952Z","type":"debug","text":"JSHandle@symbol JSHandle@symbol \"Setting the current frame to 1329\" handle was cleared after 0ms"}
{"t":"2026-09-26T07:39:41.984Z","type":"debug","text":"JSHandle@symbol JSHandle@symbol \"Setting the current frame to 1330\" handle was cleared after 1ms"}
{"t":"2026-09-26T07:39:42.017Z","type":"debug","text":"JSHandle@symbol JSHandle@symbol \"Setting the current frame to 1331\" handle was cleared after 0ms"}
{"t":"2026-09-26T07:39:42.050Z","type":"debug","text":"JSHandle@symbol JSHandle@symbol \"Setting the current frame to 1332\" handle was cleared after 0ms"}
{"t":"2026-09-26T07:39:42.084Z","type":"debug","text":"JSHandle@symbol JSHandle@symbol \"Setting the current frame to 1333\" handle was cleared after 1ms"}
{"t":"2026-09-26T07:39:42.117Z","type":"debug","text":"JSHandle@symbol JSHandle@symbol \"Setting the current frame to 1334\" handle was cleared after 0ms"}
{"t":"2026-09-26T07:39:42.152Z","type":"debug","text":"JSHandle@symbol JSHandle@symbol \"Setting the current frame to 1335\" handle was cleared after 1ms"}
{"t":"2026-09-26T07:39:42.184Z","type":"debug","text":"JSHandle@symbol JSHandle@symbol \"Setting the current frame to 1336\" handle was cleared after 1ms"}
{"t":"2026-09-26T07:39:42.220Z","type":"debug","text":"JSHandle@symbol JSHandle@symbol \"Setting the current frame to 1337\" handle was cleared after 1ms"}
{"t":"2026-09-26T07:39:42.251Z","type":"debug","text":"JSHandle@symbol JSHandle@symbol \"Setting the current frame to 1338\" handle was cleared after 1ms"}
{"t":"2026-09-26T07:39:42.287Z","type":"debug","text":"JSHandle@symbol JSHandle@symbol \"Setting the current frame to 1339\" handle was cleared after 0ms"}
{"t":"2026-09-26T07:39:42.327Z","type":"debug","text":"JSHandle@symbol JSHandle@symbol \"Setting the current frame to 1340\" handle was cleared after 1ms"}
{"t":"2026-09-26T07:39:42.351Z","type":"debug","text":"JSHandle@symbol JSHandle@symbol \"Setting the current frame to 1341\" handle was cleared after 1ms"}
{"t":"2026-09-26T07:39:42.393Z","type":"debug","text":"JSHandle@symbol JSHandle@symbol \"Setting the current frame to 1342\" handle was cleared after 9ms"}
{"t":"2026-09-26T07:39:42.416Z","type":"debug","text":"JSHandle@symbol JSHandle@symbol \"Setting the current frame to 1343\" handle was cleared after 1ms"}
{"t":"2026-09-26T07:39:42.459Z","type":"debug","text":"JSHandle@symbol JSHandle@symbol \"Setting the current frame to 1344\" handle was cleared after 8ms"}
{"t":"2026-09-26T07:39:42.483Z","type":"debug","text":"JSHandle@symbol JSHandle@symbol \"Setting the current frame to 1345\" handle was cleared after 1ms"}
{"t":"2026-09-26T07:39:42.518Z","type":"debug","text":"JSHandle@symbol JSHandle@symbol \"Setting the current frame to 1346\" handle was cleared after 0ms"}
{"t":"2026-09-26T07:39:42.553Z","type":"debug","text":"JSHandle@symbol JSHandle@symbol \"Setting the current frame to 1347\" handle was cleared after 0ms"}
{"t":"2026-09-26T07:39:42.584Z","type":"debug","text":"JSHandle@symbol JSHandle@symbol \"Setting the current frame to 1348\" handle was cleared after 1ms"}
{"t":"2026-09-26T07:39:42.617Z","type":"debug","text":"JSHandle@symbol JSHandle@symbol \"Setting the current frame to 1349\" handle was cleared after 1ms"}
{"t":"2026-09-26T07:39:42.650Z","type":"debug","text":"JSHandle@symbol JSHandle@symbol \"Setting the current frame to 1350\" handle was cleared after 0ms"}
{"t":"2026-09-26T07:39:42.683Z","type":"debug","text":"JSHandle@symbol JSHandle@symbol \"Setting the current frame to 1351\" handle was cleared after 0ms"}
{"t":"2026-09-26T07:39:42.717Z","type":"debug","text":"JSHandle@symbol JSHandle@symbol \"Setting the current frame to 1352\" handle was cleared after 1ms"}
{"t":"2026-09-26T07:39:42.750Z","type":"debug","text":"JSHandle@symbol JSHandle@symbol \"Setting the current frame to 1353\" handle was cleared after 1ms"}
{"t":"2026-09-26T07:39:42.784Z","type":"debug","text":"JSHandle@symbol JSHandle@symbol \"Setting the current frame to 1354\" handle was cleared after 0ms"}
{"t":"2026-09-26T07:39:42.817Z","type":"debug","text":"JSHandle@symbol JSHandle@symbol \"Setting the current frame to 1355\" handle was cleared after 1ms"}
{"t":"2026-09-26T07:39:42.850Z","type":"debug","text":"JSHandle@symbol JSHandle@symbol \"Setting the current frame to 1356\" handle was cleared after 0ms"}
{"t":"2026-09-26T07:39:42.884Z","type":"debug","text":"JSHandle@symbol JSHandle@symbol \"Setting the current frame to 1357\" handle was cleared after 0ms"}
{"t":"2026-09-26T07:39:42.917Z","type":"debug","text":"JSHandle@symbol JSHandle@symbol \"Setting the current frame to 1358\" handle was cleared after 1ms"}
{"t":"2026-09-26T07:39:42.951Z","type":"debug","text":"JSHandle@symbol JSHandle@symbol \"Setting the current frame to 1359\" handle was cleared after 1ms"}
{"t":"2026-09-26T07:39:42.983Z","type":"debug","text":"JSHandle@symbol JSHandle@symbol \"Setting the current frame to 1360\" handle was cleared after 1ms"}
{"t":"2026-09-26T07:39:43.017Z","type":"debug","text":"JSHandle@symbol JSHandle@symbol \"Setting the current frame to 1361\" handle was cleared after 1ms"}
{"t":"2026-09-26T07:39:43.050Z","type":"debug","text":"JSHandle@symbol JSHandle@symbol \"Setting the current frame to 1362\" handle was cleared after 1ms"}
{"t":"2026-09-26T07:39:43.083Z","type":"debug","text":"JSHandle@symbol JSHandle@symbol \"Setting the current frame to 1363\" handle was cleared after 0ms"}
{"t":"2026-09-26T07:39:43.119Z","type":"debug","text":"JSHandle@symbol JSHandle@symbol \"Setting the current frame to 1364\" handle was cleared after 1ms"}
{"t":"2026-09-26T07:39:43.151Z","type":"debug","text":"JSHandle@symbol JSHandle@symbol \"Setting the current frame to 1365\" handle was cleared after 0ms"}
{"t":"2026-09-26T07:39:43.185Z","type":"debug","text":"JSHandle@symbol JSHandle@symbol \"Setting the current frame to 1366\" handle was cleared after 0ms"}
{"t":"2026-09-26T07:39:43.247Z","type":"debug","text":"JSHandle@symbol JSHandle@symbol \"Setting the current frame to 1367\" handle was cleared after 30ms"}
{"t":"2026-09-26T07:39:43.273Z","type":"debug","text":"JSHandle@symbol JSHandle@symbol \"Setting the current frame to 1368\" handle was cleared after 1ms"}
{"t":"2026-09-26T07:39:43.309Z","type":"debug","text":"JSHandle@symbol JSHandle@symbol \"Setting the current frame to 1369\" handle was cleared after 9ms"}
{"t":"2026-09-26T07:39:43.333Z","type":"debug","text":"JSHandle@symbol JSHandle@symbol \"Setting the current frame to 1370\" handle was cleared after 1ms"}
{"t":"2026-09-26T07:39:43.367Z","type":"debug","text":"JSHandle@symbol JSHandle@symbol \"Setting the current frame to 1371\" handle was cleared after 1ms"}
{"t":"2026-09-26T07:39:43.401Z","type":"debug","text":"JSHandle@symbol JSHandle@symbol \"Setting the current frame to 1372\" handle was cleared after 1ms"}
{"t":"2026-09-26T07:39:43.434Z","type":"debug","text":"JSHandle@symbol JSHandle@symbol \"Setting the current frame to 1373\" handle was cleared after 1ms"}
{"t":"2026-09-26T07:39:43.466Z","type":"debug","text":"JSHandle@symbol JSHandle@symbol \"Setting the current frame to 1374\" handle was cleared after 1ms"}
{"t":"2026-09-26T07:39:43.500Z","type":"debug","text":"JSHandle@symbol JSHandle@symbol \"Setting the current frame to 1375\" handle was cleared after 1ms"}
{"t":"2026-09-26T07:39:43.534Z","type":"debug","text":"JSHandle@symbol JSHandle@symbol \"Setting the current frame to 1376\" handle was cleared after 1ms"}
{"t":"2026-09-26T07:39:43.567Z","type":"debug","text":"JSHandle@symbol JSHandle@symbol \"Setting the current frame to 1377\" handle was cleared after 0ms"}
{"t":"2026-09-26T07:39:43.600Z","type":"debug","text":"JSHandle@symbol JSHandle@symbol \"Setting the current frame to 1378\" handle was cleared after 0ms"}
{"t":"2026-09-26T07:39:43.633Z","type":"debug","text":"JSHandle@symbol JSHandle@symbol \"Setting the current frame to 1379\" handle was cleared after 1ms"}
{"t":"2026-09-26T07:39:43.667Z","type":"debug","text":"JSHandle@symbol JSHandle@symbol \"Setting the current frame to 1380\" handle was cleared after 1ms"}
{"t":"2026-09-26T07:39:43.704Z","type":"debug","text":"JSHandle@symbol JSHandle@symbol \"Setting the current frame to 1381\" handle was cleared after 1ms"}
{"t":"2026-09-26T07:39:43.738Z","type":"debug","text":"JSHandle@symbol JSHandle@symbol \"Setting the current frame to 1382\" handle was cleared after 1ms"}
{"t":"2026-09-26T07:39:43.769Z","type":"debug","text":"JSHandle@symbol JSHandle@symbol \"Setting the current frame to 1383\" handle was cleared after 1ms"}
{"t":"2026-09-26T07:39:43.801Z","type":"debug","text":"JSHandle@symbol JSHandle@symbol \"Setting the current frame to 1384\" handle was cleared after 1ms"}
{"t":"2026-09-26T07:39:43.834Z","type":"debug","text":"JSHandle@symbol JSHandle@symbol \"Setting the current frame to 1385\" handle was cleared after 1ms"}
{"t":"2026-09-26T07:39:43.867Z","type":"debug","text":"JSHandle@symbol JSHandle@symbol \"Setting the current frame to 1386\" handle was cleared after 1ms"}
{"t":"2026-09-26T07:39:43.901Z","type":"debug","text":"JSHandle@symbol JSHandle@symbol \"Setting the current frame to 1387\" handle was cleared after 0ms"}
{"t":"2026-09-26T07:39:43.935Z","type":"debug","text":"JSHandle@symbol JSHandle@symbol \"Setting the current frame to 1388\" handle was cleared after 0ms"}
{"t":"2026-09-26T07:39:43.969Z","type":"debug","text":"JSHandle@symbol JSHandle@symbol \"Setting the current frame to 1389\" handle was cleared after 1ms"}
{"t":"2026-09-26T07:39:44.009Z","type":"debug","text":"JSHandle@symbol JSHandle@symbol \"Setting the current frame to 1390\" handle was cleared after 1ms"}
{"t":"2026-09-26T07:39:44.038Z","type":"debug","text":"JSHandle@symbol JSHandle@symbol \"Setting the current frame to 1391\" handle was cleared after 1ms"}
{"t":"2026-09-26T07:39:44.076Z","type":"debug","text":"JSHandle@symbol JSHandle@symbol \"Setting the current frame to 1392\" handle was cleared after 5ms"}
{"t":"2026-09-26T07:39:44.102Z","type":"debug","text":"JSHandle@symbol JSHandle@symbol \"Setting the current frame to 1393\" handle was cleared after 0ms"}
{"t":"2026-09-26T07:39:44.143Z","type":"debug","text":"JSHandle@symbol JSHandle@symbol \"Setting the current frame to 1394\" handle was cleared after 10ms"}
{"t":"2026-09-26T07:39:44.175Z","type":"debug","text":"JSHandle@symbol JSHandle@symbol \"Setting the current frame to 1395\" handle was cleared after 1ms"}
{"t":"2026-09-26T07:39:44.210Z","type":"debug","text":"JSHandle@symbol JSHandle@symbol \"Setting the current frame to 1396\" handle was cleared after 8ms"}
{"t":"2026-09-26T07:39:44.243Z","type":"debug","text":"JSHandle@symbol JSHandle@symbol \"Setting the current frame to 1397\" handle was cleared after 9ms"}
{"t":"2026-09-26T07:39:44.268Z","type":"debug","text":"JSHandle@symbol JSHandle@symbol \"Setting the current frame to 1398\" handle was cleared after 1ms"}
{"t":"2026-09-26T07:39:44.300Z","type":"debug","text":"JSHandle@symbol JSHandle@symbol \"Setting the current frame to 1399\" handle was cleared after 1ms"}
{"t":"2026-09-26T07:39:44.334Z","type":"debug","text":"JSHandle@symbol JSHandle@symbol \"Setting the current frame to 1400\" handle was cleared after 1ms"}
{"t":"2026-09-26T07:39:44.367Z","type":"debug","text":"JSHandle@symbol JSHandle@symbol \"Setting the current frame to 1401\" handle was cleared after 1ms"}
{"t":"2026-09-26T07:39:44.401Z","type":"debug","text":"JSHandle@symbol JSHandle@symbol \"Setting the current frame to 1402\" handle was cleared after 1ms"}
{"t":"2026-09-26T07:39:44.434Z","type":"debug","text":"JSHandle@symbol JSHandle@symbol \"Setting the current frame to 1403\" handle was cleared after 1ms"}
{"t":"2026-09-26T07:39:44.467Z","type":"debug","text":"JSHandle@symbol JSHandle@symbol \"Setting the current frame to 1404\" handle was cleared after 1ms"}
{"t":"2026-09-26T07:39:44.500Z","type":"debug","text":"JSHandle@symbol JSHandle@symbol \"Setting the current frame to 1405\" handle was cleared after 0ms"}
{"t":"2026-09-26T07:39:44.533Z","type":"debug","text":"JSHandle@symbol JSHandle@symbol \"Setting the current frame to 1406\" handle was cleared after 0ms"}
{"t":"2026-09-26T07:39:44.568Z","type":"debug","text":"JSHandle@symbol JSHandle@symbol \"Setting the current frame to 1407\" handle was cleared after 1ms"}
{"t":"2026-09-26T07:39:44.601Z","type":"debug","text":"JSHandle@symbol JSHandle@symbol \"Setting the current frame to 1408\" handle was cleared after 1ms"}
{"t":"2026-09-26T07:39:44.635Z","type":"debug","text":"JSHandle@symbol JSHandle@symbol \"Setting the current frame to 1409\" handle was cleared after 0ms"}
{"t":"2026-09-26T07:39:44.667Z","type":"debug","text":"JSHandle@symbol JSHandle@symbol \"Setting the current frame to 1410\" handle was cleared after 0ms"}
{"t":"2026-09-26T07:39:44.701Z","type":"debug","text":"JSHandle@symbol JSHandle@symbol \"Setting the current frame to 1411\" handle was cleared after 1ms"}
{"t":"2026-09-26T07:39:44.735Z","type":"debug","text":"JSHandle@symbol JSHandle@symbol \"Setting the current frame to 1412\" handle was cleared after 0ms"}
{"t":"2026-09-26T07:39:44.767Z","type":"debug","text":"JSHandle@symbol JSHandle@symbol \"Setting the current frame to 1413\" handle was cleared after 1ms"}
{"t":"2026-09-26T07:39:44.801Z","type":"debug","text":"JSHandle@symbol JSHandle@symbol \"Setting the current frame to 1414\" handle was cleared after 1ms"}
{"t":"2026-09-26T07:39:44.834Z","type":"debug","text":"JSHandle@symbol JSHandle@symbol \"Setting the current frame to 1415\" handle was cleared after 0ms"}
{"t":"2026-09-26T07:39:44.867Z","type":"debug","text":"JSHandle@symbol JSHandle@symbol \"Setting the current frame to 1416\" handle was cleared after 1ms"}
{"t":"2026-09-26T07:39:44.900Z","type":"debug","text":"JSHandle@symbol JSHandle@symbol \"Setting the current frame to 1417\" handle was cleared after 1ms"}
{"t":"2026-09-26T07:39:44.935Z","type":"debug","text":"JSHandle@symbol JSHandle@symbol \"Setting the current frame to 1418\" handle was cleared after 1ms"}
{"t":"2026-09-26T07:39:44.967Z","type":"debug","text":"JSHandle@symbol JSHandle@symbol \"Setting the current frame to 1419\" handle was cleared after 1ms"}
{"t":"2026-09-26T07:39:45.000Z","type":"debug","text":"JSHandle@symbol JSHandle@symbol \"Setting the current frame to 1420\" handle was cleared after 1ms"}
{"t":"2026-09-26T07:39:45.033Z","type":"debug","text":"JSHandle@symbol JSHandle@symbol \"Setting the current frame to 1421\" handle was cleared after 1ms"}
{"t":"2026-09-26T07:39:45.067Z","type":"debug","text":"JSHandle@symbol JSHandle@symbol \"Setting the current frame to 1422\" handle was cleared after 0ms"}
{"t":"2026-09-26T07:39:45.100Z","type":"debug","text":"JSHandle@symbol JSHandle@symbol \"Setting the current frame to 1423\" handle was cleared after 0ms"}
{"t":"2026-09-26T07:39:45.133Z","type":"debug","text":"JSHandle@symbol JSHandle@symbol \"Setting the current frame to 1424\" handle was cleared after 1ms"}
{"t":"2026-09-26T07:39:45.167Z","type":"debug","text":"JSHandle@symbol JSHandle@symbol \"Setting the current frame to 1425\" handle was cleared after 1ms"}
{"t":"2026-09-26T07:39:45.200Z","type":"debug","text":"JSHandle@symbol JSHandle@symbol \"Setting the current frame to 1426\" handle was cleared after 0ms"}
{"t":"2026-09-26T07:39:45.235Z","type":"debug","text":"JSHandle@symbol JSHandle@symbol \"Setting the current frame to 1427\" handle was cleared after 0ms"}
{"t":"2026-09-26T07:39:45.283Z","type":"debug","text":"JSHandle@symbol JSHandle@symbol \"Setting the current frame to 1428\" handle was cleared after 3ms"}
{"t":"2026-09-26T07:39:45.301Z","type":"debug","text":"JSHandle@symbol JSHandle@symbol \"Setting the current frame to 1429\" handle was cleared after 1ms"}
{"t":"2026-09-26T07:39:45.352Z","type":"debug","text":"JSHandle@symbol JSHandle@symbol \"Setting the current frame to 1430\" handle was cleared after 3ms"}
{"t":"2026-09-26T07:39:45.370Z","type":"debug","text":"JSHandle@symbol JSHandle@symbol \"Setting the current frame to 1431\" handle was cleared after 0ms"}
{"t":"2026-09-26T07:39:45.418Z","type":"debug","text":"JSHandle@symbol JSHandle@symbol \"Setting the current frame to 1432\" handle was cleared after 3ms"}
{"t":"2026-09-26T07:39:45.436Z","type":"debug","text":"JSHandle@symbol JSHandle@symbol \"Setting the current frame to 1433\" handle was cleared after 0ms"}
{"t":"2026-09-26T07:39:45.486Z","type":"debug","text":"JSHandle@symbol JSHandle@symbol \"Setting the current frame to 1434\" handle was cleared after 2ms"}
{"t":"2026-09-26T07:39:45.505Z","type":"debug","text":"JSHandle@symbol JSHandle@symbol \"Setting the current frame to 1435\" handle was cleared after 0ms"}
{"t":"2026-09-26T07:39:45.552Z","type":"debug","text":"JSHandle@symbol JSHandle@symbol \"Setting the current frame to 1436\" handle was cleared after 3ms"}
{"t":"2026-09-26T07:39:45.570Z","type":"debug","text":"JSHandle@symbol JSHandle@symbol \"Setting the current frame to 1437\" handle was cleared after 1ms"}
{"t":"2026-09-26T07:39:45.620Z","type":"debug","text":"JSHandle@symbol JSHandle@symbol \"Setting the current frame to 1438\" handle was cleared after 4ms"}
{"t":"2026-09-26T07:39:45.638Z","type":"debug","text":"JSHandle@symbol JSHandle@symbol \"Setting the current frame to 1439\" handle was cleared after 1ms"}
{"t":"2026-09-26T07:39:45.686Z","type":"debug","text":"JSHandle@symbol JSHandle@symbol \"Setting the current frame to 1440\" handle was cleared after 3ms"}
{"t":"2026-09-26T07:39:45.705Z","type":"debug","text":"JSHandle@symbol JSHandle@symbol \"Setting the current frame to 1441\" handle was cleared after 1ms"}
{"t":"2026-09-26T07:39:45.753Z","type":"debug","text":"JSHandle@symbol JSHandle@symbol \"Setting the current frame to 1442\" handle was cleared after 4ms"}
{"t":"2026-09-26T07:39:45.770Z","type":"debug","text":"JSHandle@symbol JSHandle@symbol \"Setting the current frame to 1443\" handle was cleared after 0ms"}
{"t":"2026-09-26T07:39:45.819Z","type":"debug","text":"JSHandle@symbol JSHandle@symbol \"Setting the current frame to 1444\" handle was cleared after 4ms"}
{"t":"2026-09-26T07:39:45.837Z","type":"debug","text":"JSHandle@symbol JSHandle@symbol \"Setting the current frame to 1445\" handle was cleared after 0ms"}
{"t":"2026-09-26T07:39:45.886Z","type":"debug","text":"JSHandle@symbol JSHandle@symbol \"Setting the current frame to 1446\" handle was cleared after 3ms"}
{"t":"2026-09-26T07:39:45.904Z","type":"debug","text":"JSHandle@symbol JSHandle@symbol \"Setting the current frame to 1447\" handle was cleared after 1ms"}
{"t":"2026-09-26T07:39:45.954Z","type":"debug","text":"JSHandle@symbol JSHandle@symbol \"Setting the current frame to 1448\" handle was cleared after 4ms"}
{"t":"2026-09-26T07:39:45.972Z","type":"debug","text":"JSHandle@symbol JSHandle@symbol \"Setting the current frame to 1449\" handle was cleared after 1ms"}
{"t":"2026-09-26T07:39:46.019Z","type":"debug","text":"JSHandle@symbol JSHandle@symbol \"Setting the current frame to 1450\" handle was cleared after 3ms"}
{"t":"2026-09-26T07:39:46.038Z","type":"debug","text":"JSHandle@symbol JSHandle@symbol \"Setting the current frame to 1451\" handle was cleared after 1ms"}
{"t":"2026-09-26T07:39:46.086Z","type":"debug","text":"JSHandle@symbol JSHandle@symbol \"Setting the current frame to 1452\" handle was cleared after 3ms"}
{"t":"2026-09-26T07:39:46.103Z","type":"debug","text":"JSHandle@symbol JSHandle@symbol \"Setting the current frame to 1453\" handle was cleared after 0ms"}
{"t":"2026-09-26T07:39:46.152Z","type":"debug","text":"JSHandle@symbol JSHandle@symbol \"Setting the current frame to 1454\" handle was cleared after 2ms"}
{"t":"2026-09-26T07:39:46.170Z","type":"debug","text":"JSHandle@symbol JSHandle@symbol \"Setting the current frame to 1455\" handle was cleared after 1ms"}
{"t":"2026-09-26T07:39:46.218Z","type":"debug","text":"JSHandle@symbol JSHandle@symbol \"Setting the current frame to 1456\" handle was cleared after 3ms"}
{"t":"2026-09-26T07:39:46.236Z","type":"debug","text":"JSHandle@symbol JSHandle@symbol \"Setting the current frame to 1457\" handle was cleared after 1ms"}
{"t":"2026-09-26T07:39:46.285Z","type":"debug","text":"JSHandle@symbol JSHandle@symbol \"Setting the current frame to 1458\" handle was cleared after 3ms"}
{"t":"2026-09-26T07:39:46.304Z","type":"debug","text":"JSHandle@symbol JSHandle@symbol \"Setting the current frame to 1459\" handle was cleared after 1ms"}
{"t":"2026-09-26T07:39:46.352Z","type":"debug","text":"JSHandle@symbol JSHandle@symbol \"Setting the current frame to 1460\" handle was cleared after 4ms"}
{"t":"2026-09-26T07:39:46.372Z","type":"debug","text":"JSHandle@symbol JSHandle@symbol \"Setting the current frame to 1461\" handle was cleared after 0ms"}
{"t":"2026-09-26T07:39:46.419Z","type":"debug","text":"JSHandle@symbol JSHandle@symbol \"Setting the current frame to 1462\" handle was cleared after 3ms"}
{"t":"2026-09-26T07:39:46.437Z","type":"debug","text":"JSHandle@symbol JSHandle@symbol \"Setting the current frame to 1463\" handle was cleared after 1ms"}
{"t":"2026-09-26T07:39:46.485Z","type":"debug","text":"JSHandle@symbol JSHandle@symbol \"Setting the current frame to 1464\" handle was cleared after 3ms"}
{"t":"2026-09-26T07:39:46.504Z","type":"debug","text":"JSHandle@symbol JSHandle@symbol \"Setting the current frame to 1465\" handle was cleared after 0ms"}
{"t":"2026-09-26T07:39:46.552Z","type":"debug","text":"JSHandle@symbol JSHandle@symbol \"Setting the current frame to 1466\" handle was cleared after 3ms"}
{"t":"2026-09-26T07:39:46.570Z","type":"debug","text":"JSHandle@symbol JSHandle@symbol \"Setting the current frame to 1467\" handle was cleared after 0ms"}
{"t":"2026-09-26T07:39:46.619Z","type":"debug","text":"JSHandle@symbol JSHandle@symbol \"Setting the current frame to 1468\" handle was cleared after 3ms"}
{"t":"2026-09-26T07:39:46.637Z","type":"debug","text":"JSHandle@symbol JSHandle@symbol \"Setting the current frame to 1469\" handle was cleared after 0ms"}
{"t":"2026-09-26T07:39:46.686Z","type":"debug","text":"JSHandle@symbol JSHandle@symbol \"Setting the current frame to 1470\" handle was cleared after 3ms"}
{"t":"2026-09-26T07:39:46.704Z","type":"debug","text":"JSHandle@symbol JSHandle@symbol \"Setting the current frame to 1471\" handle was cleared after 1ms"}
{"t":"2026-09-26T07:39:46.752Z","type":"debug","text":"JSHandle@symbol JSHandle@symbol \"Setting the current frame to 1472\" handle was cleared after 3ms"}
{"t":"2026-09-26T07:39:46.770Z","type":"debug","text":"JSHandle@symbol JSHandle@symbol \"Setting the current frame to 1473\" handle was cleared after 0ms"}
{"t":"2026-09-26T07:39:46.821Z","type":"debug","text":"JSHandle@symbol JSHandle@symbol \"Setting the current frame to 1474\" handle was cleared after 3ms"}
{"t":"2026-09-26T07:39:46.839Z","type":"debug","text":"JSHandle@symbol JSHandle@symbol \"Setting the current frame to 1475\" handle was cleared after 0ms"}
{"t":"2026-09-26T07:39:46.885Z","type":"debug","text":"JSHandle@symbol JSHandle@symbol \"Setting the current frame to 1476\" handle was cleared after 4ms"}
{"t":"2026-09-26T07:39:46.903Z","type":"debug","text":"JSHandle@symbol JSHandle@symbol \"Setting the current frame to 1477\" handle was cleared after 1ms"}
{"t":"2026-09-26T07:39:46.953Z","type":"debug","text":"JSHandle@symbol JSHandle@symbol \"Setting the current frame to 1478\" handle was cleared after 3ms"}
{"t":"2026-09-26T07:39:46.971Z","type":"debug","text":"JSHandle@symbol JSHandle@symbol \"Setting the current frame to 1479\" handle was cleared after 1ms"}
{"t":"2026-09-26T07:39:47.020Z","type":"debug","text":"JSHandle@symbol JSHandle@symbol \"Setting the current frame to 1480\" handle was cleared after 3ms"}
{"t":"2026-09-26T07:39:47.038Z","type":"debug","text":"JSHandle@symbol JSHandle@symbol \"Setting the current frame to 1481\" handle was cleared after 0ms"}
{"t":"2026-09-26T07:39:47.086Z","type":"debug","text":"JSHandle@symbol JSHandle@symbol \"Setting the current frame to 1482\" handle was cleared after 3ms"}
{"t":"2026-09-26T07:39:47.103Z","type":"debug","text":"JSHandle@symbol JSHandle@symbol \"Setting the current frame to 1483\" handle was cleared after 0ms"}
{"t":"2026-09-26T07:39:47.153Z","type":"debug","text":"JSHandle@symbol JSHandle@symbol \"Setting the current frame to 1484\" handle was cleared after 3ms"}
{"t":"2026-09-26T07:39:47.171Z","type":"debug","text":"JSHandle@symbol JSHandle@symbol \"Setting the current frame to 1485\" handle was cleared after 1ms"}
{"t":"2026-09-26T07:39:47.218Z","type":"debug","text":"JSHandle@symbol JSHandle@symbol \"Setting the current frame to 1486\" handle was cleared after 3ms"}
{"t":"2026-09-26T07:39:47.238Z","type":"debug","text":"JSHandle@symbol JSHandle@symbol \"Setting the current frame to 1487\" handle was cleared after 0ms"}
{"t":"2026-09-26T07:39:47.286Z","type":"debug","text":"JSHandle@symbol JSHandle@symbol \"Setting the current frame to 1488\" handle was cleared after 3ms"}
{"t":"2026-09-26T07:39:47.305Z","type":"debug","text":"JSHandle@symbol JSHandle@symbol \"Setting the current frame to 1489\" handle was cleared after 1ms"}
{"t":"2026-09-26T07:39:47.352Z","type":"debug","text":"JSHandle@symbol JSHandle@symbol \"Setting the current frame to 1490\" handle was cleared after 2ms"}
{"t":"2026-09-26T07:39:47.373Z","type":"debug","text":"JSHandle@symbol JSHandle@symbol \"Setting the current frame to 1491\" handle was cleared after 0ms"}
{"t":"2026-09-26T07:39:47.419Z","type":"debug","text":"JSHandle@symbol JSHandle@symbol \"Setting the current frame to 1492\" handle was cleared after 3ms"}
{"t":"2026-09-26T07:39:47.438Z","type":"debug","text":"JSHandle@symbol JSHandle@symbol \"Setting the current frame to 1493\" handle was cleared after 0ms"}
{"t":"2026-09-26T07:39:47.486Z","type":"debug","text":"JSHandle@symbol JSHandle@symbol \"Setting the current frame to 1494\" handle was cleared after 3ms"}
{"t":"2026-09-26T07:39:47.504Z","type":"debug","text":"JSHandle@symbol JSHandle@symbol \"Setting the current frame to 1495\" handle was cleared after 1ms"}
{"t":"2026-09-26T07:39:47.552Z","type":"debug","text":"JSHandle@symbol JSHandle@symbol \"Setting the current frame to 1496\" handle was cleared after 4ms"}
{"t":"2026-09-26T07:39:47.573Z","type":"debug","text":"JSHandle@symbol JSHandle@symbol \"Setting the current frame to 1497\" handle was cleared after 0ms"}
{"t":"2026-09-26T07:39:47.618Z","type":"debug","text":"JSHandle@symbol JSHandle@symbol \"Setting the current frame to 1498\" handle was cleared after 2ms"}
{"t":"2026-09-26T07:39:47.637Z","type":"debug","text":"JSHandle@symbol JSHandle@symbol \"Setting the current frame to 1499\" handle was cleared after 1ms"}
{"t":"2026-09-26T07:39:47.685Z","type":"debug","text":"JSHandle@symbol JSHandle@symbol \"Setting the current frame to 1500\" handle was cleared after 4ms"}
{"t":"2026-09-26T07:39:47.704Z","type":"debug","text":"JSHandle@symbol JSHandle@symbol \"Setting the current frame to 1501\" handle was cleared after 1ms"}
{"t":"2026-09-26T07:39:47.753Z","type":"debug","text":"JSHandle@symbol JSHandle@symbol \"Setting the current frame to 1502\" handle was cleared after 3ms"}
{"t":"2026-09-26T07:39:47.771Z","type":"debug","text":"JSHandle@symbol JSHandle@symbol \"Setting the current frame to 1503\" handle was cleared after 1ms"}
{"t":"2026-09-26T07:39:47.823Z","type":"debug","text":"JSHandle@symbol JSHandle@symbol \"Setting the current frame to 1504\" handle was cleared after 7ms"}
{"t":"2026-09-26T07:39:47.844Z","type":"debug","text":"JSHandle@symbol JSHandle@symbol \"Setting the current frame to 1505\" handle was cleared after 1ms"}
{"t":"2026-09-26T07:39:47.887Z","type":"debug","text":"JSHandle@symbol JSHandle@symbol \"Setting the current frame to 1506\" handle was cleared after 3ms"}
{"t":"2026-09-26T07:39:47.909Z","type":"debug","text":"JSHandle@symbol JSHandle@symbol \"Setting the current frame to 1507\" handle was cleared after 3ms"}
{"t":"2026-09-26T07:39:47.953Z","type":"debug","text":"JSHandle@symbol JSHandle@symbol \"Setting the current frame to 1508\" handle was cleared after 3ms"}
{"t":"2026-09-26T07:39:47.976Z","type":"debug","text":"JSHandle@symbol JSHandle@symbol \"Setting the current frame to 1509\" handle was cleared after 0ms"}
{"t":"2026-09-26T07:39:48.019Z","type":"debug","text":"JSHandle@symbol JSHandle@symbol \"Setting the current frame to 1510\" handle was cleared after 4ms"}
{"t":"2026-09-26T07:39:48.042Z","type":"debug","text":"JSHandle@symbol JSHandle@symbol \"Setting the current frame to 1511\" handle was cleared after 3ms"}
{"t":"2026-09-26T07:39:48.085Z","type":"debug","text":"JSHandle@symbol JSHandle@symbol \"Setting the current frame to 1512\" handle was cleared after 3ms"}
{"t":"2026-09-26T07:39:48.103Z","type":"debug","text":"JSHandle@symbol JSHandle@symbol \"Setting the current frame to 1513\" handle was cleared after 1ms"}
{"t":"2026-09-26T07:39:48.153Z","type":"debug","text":"JSHandle@symbol JSHandle@symbol \"Setting the current frame to 1514\" handle was cleared after 3ms"}
{"t":"2026-09-26T07:39:48.171Z","type":"debug","text":"JSHandle@symbol JSHandle@symbol \"Setting the current frame to 1515\" handle was cleared after 1ms"}
{"t":"2026-09-26T07:39:48.219Z","type":"debug","text":"JSHandle@symbol JSHandle@symbol \"Setting the current frame to 1516\" handle was cleared after 3ms"}
{"t":"2026-09-26T07:39:48.239Z","type":"debug","text":"JSHandle@symbol JSHandle@symbol \"Setting the current frame to 1517\" handle was cleared after 1ms"}
{"t":"2026-09-26T07:39:48.288Z","type":"debug","text":"JSHandle@symbol JSHandle@symbol \"Setting the current frame to 1518\" handle was cleared after 3ms"}
{"t":"2026-09-26T07:39:48.306Z","type":"debug","text":"JSHandle@symbol JSHandle@symbol \"Setting the current frame to 1519\" handle was cleared after 0ms"}
{"t":"2026-09-26T07:39:48.352Z","type":"debug","text":"JSHandle@symbol JSHandle@symbol \"Setting the current frame to 1520\" handle was cleared after 4ms"}
{"t":"2026-09-26T07:39:48.372Z","type":"debug","text":"JSHandle@symbol JSHandle@symbol \"Setting the current frame to 1521\" handle was cleared after 1ms"}
{"t":"2026-09-26T07:39:48.419Z","type":"debug","text":"JSHandle@symbol JSHandle@symbol \"Setting the current frame to 1522\" handle was cleared after 4ms"}
{"t":"2026-09-26T07:39:48.437Z","type":"debug","text":"JSHandle@symbol JSHandle@symbol \"Setting the current frame to 1523\" handle was cleared after 0ms"}
{"t":"2026-09-26T07:39:48.485Z","type":"debug","text":"JSHandle@symbol JSHandle@symbol \"Setting the current frame to 1524\" handle was cleared after 3ms"}
{"t":"2026-09-26T07:39:48.504Z","type":"debug","text":"JSHandle@symbol JSHandle@symbol \"Setting the current frame to 1525\" handle was cleared after 0ms"}
{"t":"2026-09-26T07:39:48.553Z","type":"debug","text":"JSHandle@symbol JSHandle@symbol \"Setting the current frame to 1526\" handle was cleared after 3ms"}
{"t":"2026-09-26T07:39:48.571Z","type":"debug","text":"JSHandle@symbol JSHandle@symbol \"Setting the current frame to 1527\" handle was cleared after 0ms"}
{"t":"2026-09-26T07:39:48.620Z","type":"debug","text":"JSHandle@symbol JSHandle@symbol \"Setting the current frame to 1528\" handle was cleared after 3ms"}
{"t":"2026-09-26T07:39:48.638Z","type":"debug","text":"JSHandle@symbol JSHandle@symbol \"Setting the current frame to 1529\" handle was cleared after 1ms"}
{"t":"2026-09-26T07:39:48.686Z","type":"debug","text":"JSHandle@symbol JSHandle@symbol \"Setting the current frame to 1530\" handle was cleared after 3ms"}
{"t":"2026-09-26T07:39:48.705Z","type":"debug","text":"JSHandle@symbol JSHandle@symbol \"Setting the current frame to 1531\" handle was cleared after 1ms"}
{"t":"2026-09-26T07:39:48.755Z","type":"debug","text":"JSHandle@symbol JSHandle@symbol \"Setting the current frame to 1532\" handle was cleared after 3ms"}
{"t":"2026-09-26T07:39:48.774Z","type":"debug","text":"JSHandle@symbol JSHandle@symbol \"Setting the current frame to 1533\" handle was cleared after 1ms"}
{"t":"2026-09-26T07:39:48.819Z","type":"debug","text":"JSHandle@symbol JSHandle@symbol \"Setting the current frame to 1534\" handle was cleared after 3ms"}
{"t":"2026-09-26T07:39:48.839Z","type":"debug","text":"JSHandle@symbol JSHandle@symbol \"Setting the current frame to 1535\" handle was cleared after 0ms"}
{"t":"2026-09-26T07:39:48.886Z","type":"debug","text":"JSHandle@symbol JSHandle@symbol \"Setting the current frame to 1536\" handle was cleared after 3ms"}
{"t":"2026-09-26T07:39:48.906Z","type":"debug","text":"JSHandle@symbol JSHandle@symbol \"Setting the current frame to 1537\" handle was cleared after 1ms"}
{"t":"2026-09-26T07:39:48.952Z","type":"debug","text":"JSHandle@symbol JSHandle@symbol \"Setting the current frame to 1538\" handle was cleared after 3ms"}
{"t":"2026-09-26T07:39:48.971Z","type":"debug","text":"JSHandle@symbol JSHandle@symbol \"Setting the current frame to 1539\" handle was cleared after 0ms"}
{"t":"2026-09-26T07:39:49.019Z","type":"debug","text":"JSHandle@symbol JSHandle@symbol \"Setting the current frame to 1540\" handle was cleared after 3ms"}
{"t":"2026-09-26T07:39:49.038Z","type":"debug","text":"JSHandle@symbol JSHandle@symbol \"Setting the current frame to 1541\" handle was cleared after 0ms"}
{"t":"2026-09-26T07:39:49.085Z","type":"debug","text":"JSHandle@symbol JSHandle@symbol \"Setting the current frame to 1542\" handle was cleared after 3ms"}
{"t":"2026-09-26T07:39:49.104Z","type":"debug","text":"JSHandle@symbol JSHandle@symbol \"Setting the current frame to 1543\" handle was cleared after 0ms"}
{"t":"2026-09-26T07:39:49.152Z","type":"debug","text":"JSHandle@symbol JSHandle@symbol \"Setting the current frame to 1544\" handle was cleared after 3ms"}
{"t":"2026-09-26T07:39:49.170Z","type":"debug","text":"JSHandle@symbol JSHandle@symbol \"Setting the current frame to 1545\" handle was cleared after 1ms"}
{"t":"2026-09-26T07:39:49.218Z","type":"debug","text":"JSHandle@symbol JSHandle@symbol \"Setting the current frame to 1546\" handle was cleared after 3ms"}
{"t":"2026-09-26T07:39:49.237Z","type":"debug","text":"JSHandle@symbol JSHandle@symbol \"Setting the current frame to 1547\" handle was cleared after 0ms"}
{"t":"2026-09-26T07:39:49.286Z","type":"debug","text":"JSHandle@symbol JSHandle@symbol \"Setting the current frame to 1548\" handle was cleared after 4ms"}
{"t":"2026-09-26T07:39:49.304Z","type":"debug","text":"JSHandle@symbol JSHandle@symbol \"Setting the current frame to 1549\" handle was cleared after 0ms"}
{"t":"2026-09-26T07:39:49.352Z","type":"debug","text":"JSHandle@symbol JSHandle@symbol \"Setting the current frame to 1550\" handle was cleared after 3ms"}
{"t":"2026-09-26T07:39:49.370Z","type":"debug","text":"JSHandle@symbol JSHandle@symbol \"Setting the current frame to 1551\" handle was cleared after 1ms"}
{"t":"2026-09-26T07:39:49.419Z","type":"debug","text":"JSHandle@symbol JSHandle@symbol \"Setting the current frame to 1552\" handle was cleared after 3ms"}
{"t":"2026-09-26T07:39:49.438Z","type":"debug","text":"JSHandle@symbol JSHandle@symbol \"Setting the current frame to 1553\" handle was cleared after 1ms"}
{"t":"2026-09-26T07:39:49.485Z","type":"debug","text":"JSHandle@symbol JSHandle@symbol \"Setting the current frame to 1554\" handle was cleared after 4ms"}
{"t":"2026-09-26T07:39:49.503Z","type":"debug","text":"JSHandle@symbol JSHandle@symbol \"Setting the current frame to 1555\" handle was cleared after 1ms"}
{"t":"2026-09-26T07:39:49.552Z","type":"debug","text":"JSHandle@symbol JSHandle@symbol \"Setting the current frame to 1556\" handle was cleared after 3ms"}
{"t":"2026-09-26T07:39:49.570Z","type":"debug","text":"JSHandle@symbol JSHandle@symbol \"Setting the current frame to 1557\" handle was cleared after 1ms"}
{"t":"2026-09-26T07:39:49.618Z","type":"debug","text":"JSHandle@symbol JSHandle@symbol \"Setting the current frame to 1558\" handle was cleared after 3ms"}
{"t":"2026-09-26T07:39:49.638Z","type":"debug","text":"JSHandle@symbol JSHandle@symbol \"Setting the current frame to 1559\" handle was cleared after 1ms"}
{"t":"2026-09-26T07:39:49.685Z","type":"debug","text":"JSHandle@symbol JSHandle@symbol \"Setting the current frame to 1560\" handle was cleared after 3ms"}
{"t":"2026-09-26T07:39:49.703Z","type":"debug","text":"JSHandle@symbol JSHandle@symbol \"Setting the current frame to 1561\" handle was cleared after 0ms"}
{"t":"2026-09-26T07:39:49.752Z","type":"debug","text":"JSHandle@symbol JSHandle@symbol \"Setting the current frame to 1562\" handle was cleared after 3ms"}
{"t":"2026-09-26T07:39:49.770Z","type":"debug","text":"JSHandle@symbol JSHandle@symbol \"Setting the current frame to 1563\" handle was cleared after 1ms"}
{"t":"2026-09-26T07:39:49.820Z","type":"debug","text":"JSHandle@symbol JSHandle@symbol \"Setting the current frame to 1564\" handle was cleared after 0ms"}
{"t":"2026-09-26T07:39:49.838Z","type":"debug","text":"JSHandle@symbol JSHandle@symbol \"Setting the current frame to 1565\" handle was cleared after 1ms"}
{"t":"2026-09-26T07:39:49.886Z","type":"debug","text":"JSHandle@symbol JSHandle@symbol \"Setting the current frame to 1566\" handle was cleared after 3ms"}
{"t":"2026-09-26T07:39:49.903Z","type":"debug","text":"JSHandle@symbol JSHandle@symbol \"Setting the current frame to 1567\" handle was cleared after 0ms"}
{"t":"2026-09-26T07:39:49.953Z","type":"debug","text":"JSHandle@symbol JSHandle@symbol \"Setting the current frame to 1568\" handle was cleared after 3ms"}
{"t":"2026-09-26T07:39:49.972Z","type":"debug","text":"JSHandle@symbol JSHandle@symbol \"Setting the current frame to 1569\" handle was cleared after 0ms"}
{"t":"2026-09-26T07:39:50.019Z","type":"debug","text":"JSHandle@symbol JSHandle@symbol \"Setting the current frame to 1570\" handle was cleared after 4ms"}
{"t":"2026-09-26T07:39:50.038Z","type":"debug","text":"JSHandle@symbol JSHandle@symbol \"Setting the current frame to 1571\" handle was cleared after 1ms"}
{"t":"2026-09-26T07:39:50.085Z","type":"debug","text":"JSHandle@symbol JSHandle@symbol \"Setting the current frame to 1572\" handle was cleared after 3ms"}
{"t":"2026-09-26T07:39:50.103Z","type":"debug","text":"JSHandle@symbol JSHandle@symbol \"Setting the current frame to 1573\" handle was cleared after 1ms"}
{"t":"2026-09-26T07:39:50.152Z","type":"debug","text":"JSHandle@symbol JSHandle@symbol \"Setting the current frame to 1574\" handle was cleared after 3ms"}
{"t":"2026-09-26T07:39:50.171Z","type":"debug","text":"JSHandle@symbol JSHandle@symbol \"Setting the current frame to 1575\" handle was cleared after 1ms"}
{"t":"2026-09-26T07:39:50.219Z","type":"debug","text":"JSHandle@symbol JSHandle@symbol \"Setting the current frame to 1576\" handle was cleared after 3ms"}
{"t":"2026-09-26T07:39:50.236Z","type":"debug","text":"JSHandle@symbol JSHandle@symbol \"Setting the current frame to 1577\" handle was cleared after 1ms"}
{"t":"2026-09-26T07:39:50.289Z","type":"debug","text":"JSHandle@symbol JSHandle@symbol \"Setting the current frame to 1578\" handle was cleared after 4ms"}
{"t":"2026-09-26T07:39:50.307Z","type":"debug","text":"JSHandle@symbol JSHandle@symbol \"Setting the current frame to 1579\" handle was cleared after 1ms"}
{"t":"2026-09-26T07:39:50.352Z","type":"debug","text":"JSHandle@symbol JSHandle@symbol \"Setting the current frame to 1580\" handle was cleared after 4ms"}
{"t":"2026-09-26T07:39:50.371Z","type":"debug","text":"JSHandle@symbol JSHandle@symbol \"Setting the current frame to 1581\" handle was cleared after 1ms"}
{"t":"2026-09-26T07:39:50.419Z","type":"debug","text":"JSHandle@symbol JSHandle@symbol \"Setting the current frame to 1582\" handle was cleared after 4ms"}
{"t":"2026-09-26T07:39:50.437Z","type":"debug","text":"JSHandle@symbol JSHandle@symbol \"Setting the current frame to 1583\" handle was cleared after 1ms"}
{"t":"2026-09-26T07:39:50.486Z","type":"debug","text":"JSHandle@symbol JSHandle@symbol \"Setting the current frame to 1584\" handle was cleared after 3ms"}
{"t":"2026-09-26T07:39:50.504Z","type":"debug","text":"JSHandle@symbol JSHandle@symbol \"Setting the current frame to 1585\" handle was cleared after 0ms"}
{"t":"2026-09-26T07:39:50.553Z","type":"debug","text":"JSHandle@symbol JSHandle@symbol \"Setting the current frame to 1586\" handle was cleared after 4ms"}
{"t":"2026-09-26T07:39:50.571Z","type":"debug","text":"JSHandle@symbol JSHandle@symbol \"Setting the current frame to 1587\" handle was cleared after 1ms"}
{"t":"2026-09-26T07:39:50.618Z","type":"debug","text":"JSHandle@symbol JSHandle@symbol \"Setting the current frame to 1588\" handle was cleared after 3ms"}
{"t":"2026-09-26T07:39:50.637Z","type":"debug","text":"JSHandle@symbol JSHandle@symbol \"Setting the current frame to 1589\" handle was cleared after 1ms"}
{"t":"2026-09-26T07:39:50.685Z","type":"debug","text":"JSHandle@symbol JSHandle@symbol \"Setting the current frame to 1590\" handle was cleared after 2ms"}
{"t":"2026-09-26T07:39:50.705Z","type":"debug","text":"JSHandle@symbol JSHandle@symbol \"Setting the current frame to 1591\" handle was cleared after 1ms"}
{"t":"2026-09-26T07:39:50.753Z","type":"debug","text":"JSHandle@symbol JSHandle@symbol \"Setting the current frame to 1592\" handle was cleared after 4ms"}
{"t":"2026-09-26T07:39:50.771Z","type":"debug","text":"JSHandle@symbol JSHandle@symbol \"Setting the current frame to 1593\" handle was cleared after 1ms"}
{"t":"2026-09-26T07:39:50.818Z","type":"debug","text":"JSHandle@symbol JSHandle@symbol \"Setting the current frame to 1594\" handle was cleared after 3ms"}
{"t":"2026-09-26T07:39:50.838Z","type":"debug","text":"JSHandle@symbol JSHandle@symbol \"Setting the current frame to 1595\" handle was cleared after 1ms"}
{"t":"2026-09-26T07:39:50.885Z","type":"debug","text":"JSHandle@symbol JSHandle@symbol \"Setting the current frame to 1596\" handle was cleared after 3ms"}
{"t":"2026-09-26T07:39:50.903Z","type":"debug","text":"JSHandle@symbol JSHandle@symbol \"Setting the current frame to 1597\" handle was cleared after 1ms"}
{"t":"2026-09-26T07:39:50.953Z","type":"debug","text":"JSHandle@symbol JSHandle@symbol \"Setting the current frame to 1598\" handle was cleared after 3ms"}
{"t":"2026-09-26T07:39:50.971Z","type":"debug","text":"JSHandle@symbol JSHandle@symbol \"Setting the current frame to 1599\" handle was cleared after 0ms"}
{"t":"2026-09-26T07:39:51.019Z","type":"debug","text":"JSHandle@symbol JSHandle@symbol \"Setting the current frame to 1600\" handle was cleared after 2ms"}
{"t":"2026-09-26T07:39:51.039Z","type":"debug","text":"JSHandle@symbol JSHandle@symbol \"Setting the current frame to 1601\" handle was cleared after 1ms"}
{"t":"2026-09-26T07:39:51.085Z","type":"debug","text":"JSHandle@symbol JSHandle@symbol \"Setting the current frame to 1602\" handle was cleared after 3ms"}
{"t":"2026-09-26T07:39:51.103Z","type":"debug","text":"JSHandle@symbol JSHandle@symbol \"Setting the current frame to 1603\" handle was cleared after 1ms"}
{"t":"2026-09-26T07:39:51.153Z","type":"debug","text":"JSHandle@symbol JSHandle@symbol \"Setting the current frame to 1604\" handle was cleared after 4ms"}
{"t":"2026-09-26T07:39:51.173Z","type":"debug","text":"JSHandle@symbol JSHandle@symbol \"Setting the current frame to 1605\" handle was cleared after 0ms"}
{"t":"2026-09-26T07:39:51.219Z","type":"debug","text":"JSHandle@symbol JSHandle@symbol \"Setting the current frame to 1606\" handle was cleared after 3ms"}
{"t":"2026-09-26T07:39:51.236Z","type":"debug","text":"JSHandle@symbol JSHandle@symbol \"Setting the current frame to 1607\" handle was cleared after 1ms"}
{"t":"2026-09-26T07:39:51.289Z","type":"debug","text":"JSHandle@symbol JSHandle@symbol \"Setting the current frame to 1608\" handle was cleared after 3ms"}
{"t":"2026-09-26T07:39:51.309Z","type":"debug","text":"JSHandle@symbol JSHandle@symbol \"Setting the current frame to 1609\" handle was cleared after 1ms"}
{"t":"2026-09-26T07:39:51.353Z","type":"debug","text":"JSHandle@symbol JSHandle@symbol \"Setting the current frame to 1610\" handle was cleared after 3ms"}
{"t":"2026-09-26T07:39:51.375Z","type":"debug","text":"JSHandle@symbol JSHandle@symbol \"Setting the current frame to 1611\" handle was cleared after 3ms"}
{"t":"2026-09-26T07:39:51.420Z","type":"debug","text":"JSHandle@symbol JSHandle@symbol \"Setting the current frame to 1612\" handle was cleared after 3ms"}
{"t":"2026-09-26T07:39:51.440Z","type":"debug","text":"JSHandle@symbol JSHandle@symbol \"Setting the current frame to 1613\" handle was cleared after 0ms"}
{"t":"2026-09-26T07:39:51.487Z","type":"debug","text":"JSHandle@symbol JSHandle@symbol \"Setting the current frame to 1614\" handle was cleared after 2ms"}
{"t":"2026-09-26T07:39:51.506Z","type":"debug","text":"JSHandle@symbol JSHandle@symbol \"Setting the current frame to 1615\" handle was cleared after 0ms"}
{"t":"2026-09-26T07:39:51.552Z","type":"debug","text":"JSHandle@symbol JSHandle@symbol \"Setting the current frame to 1616\" handle was cleared after 4ms"}
{"t":"2026-09-26T07:39:51.570Z","type":"debug","text":"JSHandle@symbol JSHandle@symbol \"Setting the current frame to 1617\" handle was cleared after 1ms"}
{"t":"2026-09-26T07:39:51.618Z","type":"debug","text":"JSHandle@symbol JSHandle@symbol \"Setting the current frame to 1618\" handle was cleared after 3ms"}
{"t":"2026-09-26T07:39:51.638Z","type":"debug","text":"JSHandle@symbol JSHandle@symbol \"Setting the current frame to 1619\" handle was cleared after 1ms"}
{"t":"2026-09-26T07:39:51.685Z","type":"debug","text":"JSHandle@symbol JSHandle@symbol \"Setting the current frame to 1620\" handle was cleared after 3ms"}
{"t":"2026-09-26T07:39:51.705Z","type":"debug","text":"JSHandle@symbol JSHandle@symbol \"Setting the current frame to 1621\" handle was cleared after 0ms"}
{"t":"2026-09-26T07:39:51.755Z","type":"debug","text":"JSHandle@symbol JSHandle@symbol \"Setting the current frame to 1622\" handle was cleared after 3ms"}
{"t":"2026-09-26T07:39:51.786Z","type":"debug","text":"JSHandle@symbol JSHandle@symbol \"Setting the current frame to 1623\" handle was cleared after 1ms"}
{"t":"2026-09-26T07:39:51.842Z","type":"debug","text":"JSHandle@symbol JSHandle@symbol \"Setting the current frame to 1624\" handle was cleared after 6ms"}
{"t":"2026-09-26T07:39:51.860Z","type":"debug","text":"JSHandle@symbol JSHandle@symbol \"Setting the current frame to 1625\" handle was cleared after 0ms"}
{"t":"2026-09-26T07:39:51.922Z","type":"debug","text":"JSHandle@symbol JSHandle@symbol \"Setting the current frame to 1626\" handle was cleared after 7ms"}
{"t":"2026-09-26T07:39:51.925Z","type":"debug","text":"JSHandle@symbol JSHandle@symbol \"Setting the current frame to 1627\" handle was cleared after 1ms"}
{"t":"2026-09-26T07:39:51.987Z","type":"debug","text":"JSHandle@symbol JSHandle@symbol \"Setting the current frame to 1628\" handle was cleared after 9ms"}
{"t":"2026-09-26T07:39:51.992Z","type":"debug","text":"JSHandle@symbol JSHandle@symbol \"Setting the current frame to 1629\" handle was cleared after 3ms"}
{"t":"2026-09-26T07:39:52.054Z","type":"debug","text":"JSHandle@symbol JSHandle@symbol \"Setting the current frame to 1630\" handle was cleared after 9ms"}
{"t":"2026-09-26T07:39:52.059Z","type":"debug","text":"JSHandle@symbol JSHandle@symbol \"Setting the current frame to 1631\" handle was cleared after 4ms"}
{"t":"2026-09-26T07:39:52.109Z","type":"debug","text":"JSHandle@symbol JSHandle@symbol \"Setting the current frame to 1632\" handle was cleared after 6ms"}
{"t":"2026-09-26T07:39:52.125Z","type":"debug","text":"JSHandle@symbol JSHandle@symbol \"Setting the current frame to 1633\" handle was cleared after 1ms"}
{"t":"2026-09-26T07:39:52.186Z","type":"debug","text":"JSHandle@symbol JSHandle@symbol \"Setting the current frame to 1634\" handle was cleared after 11ms"}
{"t":"2026-09-26T07:39:52.192Z","type":"debug","text":"JSHandle@symbol JSHandle@symbol \"Setting the current frame to 1635\" handle was cleared after 5ms"}
{"t":"2026-09-26T07:39:52.253Z","type":"debug","text":"JSHandle@symbol JSHandle@symbol \"Setting the current frame to 1636\" handle was cleared after 9ms"}
{"t":"2026-09-26T07:39:52.260Z","type":"debug","text":"JSHandle@symbol JSHandle@symbol \"Setting the current frame to 1637\" handle was cleared after 5ms"}
{"t":"2026-09-26T07:39:52.321Z","type":"debug","text":"JSHandle@symbol JSHandle@symbol \"Setting the current frame to 1638\" handle was cleared after 9ms"}
{"t":"2026-09-26T07:39:52.325Z","type":"debug","text":"JSHandle@symbol JSHandle@symbol \"Setting the current frame to 1639\" handle was cleared after 2ms"}
{"t":"2026-09-26T07:39:52.384Z","type":"debug","text":"JSHandle@symbol JSHandle@symbol \"Setting the current frame to 1640\" handle was cleared after 10ms"}
{"t":"2026-09-26T07:39:52.392Z","type":"debug","text":"JSHandle@symbol JSHandle@symbol \"Setting the current frame to 1641\" handle was cleared after 6ms"}
{"t":"2026-09-26T07:39:52.452Z","type":"debug","text":"JSHandle@symbol JSHandle@symbol \"Setting the current frame to 1642\" handle was cleared after 10ms"}
{"t":"2026-09-26T07:39:52.459Z","type":"debug","text":"JSHandle@symbol JSHandle@symbol \"Setting the current frame to 1643\" handle was cleared after 4ms"}
{"t":"2026-09-26T07:39:52.509Z","type":"debug","text":"JSHandle@symbol JSHandle@symbol \"Setting the current frame to 1644\" handle was cleared after 6ms"}
{"t":"2026-09-26T07:39:52.532Z","type":"debug","text":"JSHandle@symbol JSHandle@symbol \"Setting the current frame to 1645\" handle was cleared after 1ms"}
{"t":"2026-09-26T07:39:52.575Z","type":"debug","text":"JSHandle@symbol JSHandle@symbol \"Setting the current frame to 1646\" handle was cleared after 7ms"}
{"t":"2026-09-26T07:39:52.604Z","type":"debug","text":"JSHandle@symbol JSHandle@symbol \"Setting the current frame to 1647\" handle was cleared after 1ms"}
{"t":"2026-09-26T07:39:52.642Z","type":"debug","text":"JSHandle@symbol JSHandle@symbol \"Setting the current frame to 1648\" handle was cleared after 9ms"}
{"t":"2026-09-26T07:39:52.666Z","type":"debug","text":"JSHandle@symbol JSHandle@symbol \"Setting the current frame to 1649\" handle was cleared after 1ms"}
{"t":"2026-09-26T07:39:52.709Z","type":"debug","text":"JSHandle@symbol JSHandle@symbol \"Setting the current frame to 1650\" handle was cleared after 10ms"}
{"t":"2026-09-26T07:39:52.735Z","type":"debug","text":"JSHandle@symbol JSHandle@symbol \"Setting the current frame to 1651\" handle was cleared after 1ms"}
{"t":"2026-09-26T07:39:52.776Z","type":"debug","text":"JSHandle@symbol JSHandle@symbol \"Setting the current frame to 1652\" handle was cleared after 8ms"}
{"t":"2026-09-26T07:39:52.803Z","type":"debug","text":"JSHandle@symbol JSHandle@symbol \"Setting the current frame to 1653\" handle was cleared after 1ms"}
{"t":"2026-09-26T07:39:52.842Z","type":"debug","text":"JSHandle@symbol JSHandle@symbol \"Setting the current frame to 1654\" handle was cleared after 7ms"}
{"t":"2026-09-26T07:39:52.868Z","type":"debug","text":"JSHandle@symbol JSHandle@symbol \"Setting the current frame to 1655\" handle was cleared after 1ms"}
{"t":"2026-09-26T07:39:52.908Z","type":"debug","text":"JSHandle@symbol JSHandle@symbol \"Setting the current frame to 1656\" handle was cleared after 7ms"}
{"t":"2026-09-26T07:39:52.933Z","type":"debug","text":"JSHandle@symbol JSHandle@symbol \"Setting the current frame to 1657\" handle was cleared after 0ms"}
{"t":"2026-09-26T07:39:52.976Z","type":"debug","text":"JSHandle@symbol JSHandle@symbol \"Setting the current frame to 1658\" handle was cleared after 8ms"}
{"t":"2026-09-26T07:39:53.000Z","type":"debug","text":"JSHandle@symbol JSHandle@symbol \"Setting the current frame to 1659\" handle was cleared after 1ms"}
{"t":"2026-09-26T07:39:53.042Z","type":"debug","text":"JSHandle@symbol JSHandle@symbol \"Setting the current frame to 1660\" handle was cleared after 10ms"}
{"t":"2026-09-26T07:39:53.067Z","type":"debug","text":"JSHandle@symbol JSHandle@symbol \"Setting the current frame to 1661\" handle was cleared after 1ms"}
{"t":"2026-09-26T07:39:53.109Z","type":"debug","text":"JSHandle@symbol JSHandle@symbol \"Setting the current frame to 1662\" handle was cleared after 9ms"}
{"t":"2026-09-26T07:39:53.133Z","type":"debug","text":"JSHandle@symbol JSHandle@symbol \"Setting the current frame to 1663\" handle was cleared after 1ms"}
{"t":"2026-09-26T07:39:53.175Z","type":"debug","text":"JSHandle@symbol JSHandle@symbol \"Setting the current frame to 1664\" handle was cleared after 11ms"}
{"t":"2026-09-26T07:39:53.200Z","type":"debug","text":"JSHandle@symbol JSHandle@symbol \"Setting the current frame to 1665\" handle was cleared after 1ms"}
{"t":"2026-09-26T07:39:53.242Z","type":"debug","text":"JSHandle@symbol JSHandle@symbol \"Setting the current frame to 1666\" handle was cleared after 10ms"}
{"t":"2026-09-26T07:39:53.270Z","type":"debug","text":"JSHandle@symbol JSHandle@symbol \"Setting the current frame to 1667\" handle was cleared after 0ms"}
{"t":"2026-09-26T07:39:53.309Z","type":"debug","text":"JSHandle@symbol JSHandle@symbol \"Setting the current frame to 1668\" handle was cleared after 10ms"}
{"t":"2026-09-26T07:39:53.335Z","type":"debug","text":"JSHandle@symbol JSHandle@symbol \"Setting the current frame to 1669\" handle was cleared after 1ms"}
{"t":"2026-09-26T07:39:53.377Z","type":"debug","text":"JSHandle@symbol JSHandle@symbol \"Setting the current frame to 1670\" handle was cleared after 5ms"}
{"t":"2026-09-26T07:39:53.403Z","type":"debug","text":"JSHandle@symbol JSHandle@symbol \"Setting the current frame to 1671\" handle was cleared after 1ms"}
{"t":"2026-09-26T07:39:53.443Z","type":"debug","text":"JSHandle@symbol JSHandle@symbol \"Setting the current frame to 1672\" handle was cleared after 9ms"}
{"t":"2026-09-26T07:39:53.469Z","type":"debug","text":"JSHandle@symbol JSHandle@symbol \"Setting the current frame to 1673\" handle was cleared after 1ms"}
{"t":"2026-09-26T07:39:53.509Z","type":"debug","text":"JSHandle@symbol JSHandle@symbol \"Setting the current frame to 1674\" handle was cleared after 8ms"}
{"t":"2026-09-26T07:39:53.534Z","type":"debug","text":"JSHandle@symbol JSHandle@symbol \"Setting the current frame to 1675\" handle was cleared after 1ms"}
{"t":"2026-09-26T07:39:53.575Z","type":"debug","text":"JSHandle@symbol JSHandle@symbol \"Setting the current frame to 1676\" handle was cleared after 8ms"}
{"t":"2026-09-26T07:39:53.600Z","type":"debug","text":"JSHandle@symbol JSHandle@symbol \"Setting the current frame to 1677\" handle was cleared after 1ms"}
{"t":"2026-09-26T07:39:53.642Z","type":"debug","text":"JSHandle@symbol JSHandle@symbol \"Setting the current frame to 1678\" handle was cleared after 9ms"}
{"t":"2026-09-26T07:39:53.667Z","type":"debug","text":"JSHandle@symbol JSHandle@symbol \"Setting the current frame to 1679\" handle was cleared after 0ms"}
{"t":"2026-09-26T07:39:53.708Z","type":"debug","text":"JSHandle@symbol JSHandle@symbol \"Setting the current frame to 1680\" handle was cleared after 8ms"}
{"t":"2026-09-26T07:39:53.734Z","type":"debug","text":"JSHandle@symbol JSHandle@symbol \"Setting the current frame to 1681\" handle was cleared after 0ms"}
{"t":"2026-09-26T07:39:53.775Z","type":"debug","text":"JSHandle@symbol JSHandle@symbol \"Setting the current frame to 1682\" handle was cleared after 8ms"}
{"t":"2026-09-26T07:39:53.802Z","type":"debug","text":"JSHandle@symbol JSHandle@symbol \"Setting the current frame to 1683\" handle was cleared after 1ms"}
{"t":"2026-09-26T07:39:53.842Z","type":"debug","text":"JSHandle@symbol JSHandle@symbol \"Setting the current frame to 1684\" handle was cleared after 5ms"}
{"t":"2026-09-26T07:39:53.867Z","type":"debug","text":"JSHandle@symbol JSHandle@symbol \"Setting the current frame to 1685\" handle was cleared after 1ms"}
{"t":"2026-09-26T07:39:53.908Z","type":"debug","text":"JSHandle@symbol JSHandle@symbol \"Setting the current frame to 1686\" handle was cleared after 8ms"}
{"t":"2026-09-26T07:39:53.933Z","type":"debug","text":"JSHandle@symbol JSHandle@symbol \"Setting the current frame to 1687\" handle was cleared after 1ms"}
{"t":"2026-09-26T07:39:53.974Z","type":"debug","text":"JSHandle@symbol JSHandle@symbol \"Setting the current frame to 1688\" handle was cleared after 10ms"}
{"t":"2026-09-26T07:39:54.000Z","type":"debug","text":"JSHandle@symbol JSHandle@symbol \"Setting the current frame to 1689\" handle was cleared after 1ms"}
{"t":"2026-09-26T07:39:54.041Z","type":"debug","text":"JSHandle@symbol JSHandle@symbol \"Setting the current frame to 1690\" handle was cleared after 9ms"}
{"t":"2026-09-26T07:39:54.066Z","type":"debug","text":"JSHandle@symbol JSHandle@symbol \"Setting the current frame to 1691\" handle was cleared after 0ms"}
{"t":"2026-09-26T07:39:54.108Z","type":"debug","text":"JSHandle@symbol JSHandle@symbol \"Setting the current frame to 1692\" handle was cleared after 11ms"}
{"t":"2026-09-26T07:39:54.132Z","type":"debug","text":"JSHandle@symbol JSHandle@symbol \"Setting the current frame to 1693\" handle was cleared after 1ms"}
{"t":"2026-09-26T07:39:54.176Z","type":"debug","text":"JSHandle@symbol JSHandle@symbol \"Setting the current frame to 1694\" handle was cleared after 12ms"}
{"t":"2026-09-26T07:39:54.200Z","type":"debug","text":"JSHandle@symbol JSHandle@symbol \"Setting the current frame to 1695\" handle was cleared after 1ms"}
{"t":"2026-09-26T07:39:54.242Z","type":"debug","text":"JSHandle@symbol JSHandle@symbol \"Setting the current frame to 1696\" handle was cleared after 11ms"}
{"t":"2026-09-26T07:39:54.296Z","type":"debug","text":"JSHandle@symbol JSHandle@symbol \"Setting the current frame to 1697\" handle was cleared after 29ms"}
{"t":"2026-09-26T07:39:54.324Z","type":"debug","text":"JSHandle@symbol JSHandle@symbol \"Setting the current frame to 1698\" handle was cleared after 5ms"}
{"t":"2026-09-26T07:39:54.358Z","type":"debug","text":"JSHandle@symbol JSHandle@symbol \"Setting the current frame to 1699\" handle was cleared after 10ms"}
{"t":"2026-09-26T07:39:54.392Z","type":"debug","text":"JSHandle@symbol JSHandle@symbol \"Setting the current frame to 1700\" handle was cleared after 9ms"}
{"t":"2026-09-26T07:39:54.425Z","type":"debug","text":"JSHandle@symbol JSHandle@symbol \"Setting the current frame to 1701\" handle was cleared after 9ms"}
{"t":"2026-09-26T07:39:54.458Z","type":"debug","text":"JSHandle@symbol JSHandle@symbol \"Setting the current frame to 1702\" handle was cleared after 8ms"}
{"t":"2026-09-26T07:39:54.491Z","type":"debug","text":"JSHandle@symbol JSHandle@symbol \"Setting the current frame to 1703\" handle was cleared after 7ms"}
{"t":"2026-09-26T07:39:54.528Z","type":"debug","text":"JSHandle@symbol JSHandle@symbol \"Setting the current frame to 1704\" handle was cleared after 9ms"}
{"t":"2026-09-26T07:39:54.558Z","type":"debug","text":"JSHandle@symbol JSHandle@symbol \"Setting the current frame to 1705\" handle was cleared after 5ms"}
{"t":"2026-09-26T07:39:54.592Z","type":"debug","text":"JSHandle@symbol JSHandle@symbol \"Setting the current frame to 1706\" handle was cleared after 9ms"}
{"t":"2026-09-26T07:39:54.625Z","type":"debug","text":"JSHandle@symbol JSHandle@symbol \"Setting the current frame to 1707\" handle was cleared after 10ms"}
{"t":"2026-09-26T07:39:54.659Z","type":"debug","text":"JSHandle@symbol JSHandle@symbol \"Setting the current frame to 1708\" handle was cleared after 10ms"}
{"t":"2026-09-26T07:39:54.692Z","type":"debug","text":"JSHandle@symbol JSHandle@symbol \"Setting the current frame to 1709\" handle was cleared after 8ms"}
{"t":"2026-09-26T07:39:54.725Z","type":"debug","text":"JSHandle@symbol JSHandle@symbol \"Setting the current frame to 1710\" handle was cleared after 7ms"}
{"t":"2026-09-26T07:39:54.759Z","type":"debug","text":"JSHandle@symbol JSHandle@symbol \"Setting the current frame to 1711\" handle was cleared after 9ms"}
{"t":"2026-09-26T07:39:54.794Z","type":"debug","text":"JSHandle@symbol JSHandle@symbol \"Setting the current frame to 1712\" handle was cleared after 9ms"}
{"t":"2026-09-26T07:39:54.825Z","type":"debug","text":"JSHandle@symbol JSHandle@symbol \"Setting the current frame to 1713\" handle was cleared after 6ms"}
{"t":"2026-09-26T07:39:54.858Z","type":"debug","text":"JSHandle@symbol JSHandle@symbol \"Setting the current frame to 1714\" handle was cleared after 8ms"}
{"t":"2026-09-26T07:39:54.892Z","type":"debug","text":"JSHandle@symbol JSHandle@symbol \"Setting the current frame to 1715\" handle was cleared after 8ms"}
{"t":"2026-09-26T07:39:54.925Z","type":"debug","text":"JSHandle@symbol JSHandle@symbol \"Setting the current frame to 1716\" handle was cleared after 6ms"}
{"t":"2026-09-26T07:39:54.958Z","type":"debug","text":"JSHandle@symbol JSHandle@symbol \"Setting the current frame to 1717\" handle was cleared after 7ms"}
{"t":"2026-09-26T07:39:54.992Z","type":"debug","text":"JSHandle@symbol JSHandle@symbol \"Setting the current frame to 1718\" handle was cleared after 7ms"}
{"t":"2026-09-26T07:39:55.025Z","type":"debug","text":"JSHandle@symbol JSHandle@symbol \"Setting the current frame to 1719\" handle was cleared after 6ms"}
{"t":"2026-09-26T07:39:55.059Z","type":"debug","text":"JSHandle@symbol JSHandle@symbol \"Setting the current frame to 1720\" handle was cleared after 9ms"}
{"t":"2026-09-26T07:39:55.092Z","type":"debug","text":"JSHandle@symbol JSHandle@symbol \"Setting the current frame to 1721\" handle was cleared after 7ms"}
{"t":"2026-09-26T07:39:55.125Z","type":"debug","text":"JSHandle@symbol JSHandle@symbol \"Setting the current frame to 1722\" handle was cleared after 8ms"}
{"t":"2026-09-26T07:39:55.159Z","type":"debug","text":"JSHandle@symbol JSHandle@symbol \"Setting the current frame to 1723\" handle was cleared after 9ms"}
{"t":"2026-09-26T07:39:55.193Z","type":"debug","text":"JSHandle@symbol JSHandle@symbol \"Setting the current frame to 1724\" handle was cleared after 9ms"}
{"t":"2026-09-26T07:39:55.225Z","type":"debug","text":"JSHandle@symbol JSHandle@symbol \"Setting the current frame to 1725\" handle was cleared after 7ms"}
{"t":"2026-09-26T07:39:55.258Z","type":"debug","text":"JSHandle@symbol JSHandle@symbol \"Setting the current frame to 1726\" handle was cleared after 8ms"}
{"t":"2026-09-26T07:39:55.292Z","type":"debug","text":"JSHandle@symbol JSHandle@symbol \"Setting the current frame to 1727\" handle was cleared after 9ms"}
{"t":"2026-09-26T07:39:55.324Z","type":"debug","text":"JSHandle@symbol JSHandle@symbol \"Setting the current frame to 1728\" handle was cleared after 8ms"}
{"t":"2026-09-26T07:39:55.359Z","type":"debug","text":"JSHandle@symbol JSHandle@symbol \"Setting the current frame to 1729\" handle was cleared after 10ms"}
{"t":"2026-09-26T07:39:55.392Z","type":"debug","text":"JSHandle@symbol JSHandle@symbol \"Setting the current frame to 1730\" handle was cleared after 9ms"}
{"t":"2026-09-26T07:39:55.425Z","type":"debug","text":"JSHandle@symbol JSHandle@symbol \"Setting the current frame to 1731\" handle was cleared after 9ms"}
{"t":"2026-09-26T07:39:55.458Z","type":"debug","text":"JSHandle@symbol JSHandle@symbol \"Setting the current frame to 1732\" handle was cleared after 9ms"}
{"t":"2026-09-26T07:39:55.492Z","type":"debug","text":"JSHandle@symbol JSHandle@symbol \"Setting the current frame to 1733\" handle was cleared after 10ms"}
{"t":"2026-09-26T07:39:55.525Z","type":"debug","text":"JSHandle@symbol JSHandle@symbol \"Setting the current frame to 1734\" handle was cleared after 9ms"}
{"t":"2026-09-26T07:39:55.559Z","type":"debug","text":"JSHandle@symbol JSHandle@symbol \"Setting the current frame to 1735\" handle was cleared after 10ms"}
{"t":"2026-09-26T07:39:55.592Z","type":"debug","text":"JSHandle@symbol JSHandle@symbol \"Setting the current frame to 1736\" handle was cleared after 9ms"}
{"t":"2026-09-26T07:39:55.626Z","type":"debug","text":"JSHandle@symbol JSHandle@symbol \"Setting the current frame to 1737\" handle was cleared after 10ms"}
{"t":"2026-09-26T07:39:55.659Z","type":"debug","text":"JSHandle@symbol JSHandle@symbol \"Setting the current frame to 1738\" handle was cleared after 10ms"}
{"t":"2026-09-26T07:39:55.692Z","type":"debug","text":"JSHandle@symbol JSHandle@symbol \"Setting the current frame to 1739\" handle was cleared after 10ms"}
{"t":"2026-09-26T07:39:55.725Z","type":"debug","text":"JSHandle@symbol JSHandle@symbol \"Setting the current frame to 1740\" handle was cleared after 9ms"}
{"t":"2026-09-26T07:39:55.759Z","type":"debug","text":"JSHandle@symbol JSHandle@symbol \"Setting the current frame to 1741\" handle was cleared after 11ms"}
{"t":"2026-09-26T07:39:55.792Z","type":"debug","text":"JSHandle@symbol JSHandle@symbol \"Setting the current frame to 1742\" handle was cleared after 9ms"}
{"t":"2026-09-26T07:39:55.825Z","type":"debug","text":"JSHandle@symbol JSHandle@symbol \"Setting the current frame to 1743\" handle was cleared after 9ms"}
{"t":"2026-09-26T07:39:55.858Z","type":"debug","text":"JSHandle@symbol JSHandle@symbol \"Setting the current frame to 1744\" handle was cleared after 8ms"}
{"t":"2026-09-26T07:39:55.892Z","type":"debug","text":"JSHandle@symbol JSHandle@symbol \"Setting the current frame to 1745\" handle was cleared after 10ms"}
{"t":"2026-09-26T07:39:55.925Z","type":"debug","text":"JSHandle@symbol JSHandle@symbol \"Setting the current frame to 1746\" handle was cleared after 9ms"}
{"t":"2026-09-26T07:39:55.958Z","type":"debug","text":"JSHandle@symbol JSHandle@symbol \"Setting the current frame to 1747\" handle was cleared after 9ms"}
{"t":"2026-09-26T07:39:55.992Z","type":"debug","text":"JSHandle@symbol JSHandle@symbol \"Setting the current frame to 1748\" handle was cleared after 7ms"}
{"t":"2026-09-26T07:39:56.025Z","type":"debug","text":"JSHandle@symbol JSHandle@symbol \"Setting the current frame to 1749\" handle was cleared after 10ms"}
{"t":"2026-09-26T07:39:56.058Z","type":"debug","text":"JSHandle@symbol JSHandle@symbol \"Setting the current frame to 1750\" handle was cleared after 9ms"}
{"t":"2026-09-26T07:39:56.092Z","type":"debug","text":"JSHandle@symbol JSHandle@symbol \"Setting the current frame to 1751\" handle was cleared after 11ms"}
{"t":"2026-09-26T07:39:56.125Z","type":"debug","text":"JSHandle@symbol JSHandle@symbol \"Setting the current frame to 1752\" handle was cleared after 9ms"}
{"t":"2026-09-26T07:39:56.158Z","type":"debug","text":"JSHandle@symbol JSHandle@symbol \"Setting the current frame to 1753\" handle was cleared after 9ms"}
{"t":"2026-09-26T07:39:56.191Z","type":"debug","text":"JSHandle@symbol JSHandle@symbol \"Setting the current frame to 1754\" handle was cleared after 8ms"}
{"t":"2026-09-26T07:39:56.225Z","type":"debug","text":"JSHandle@symbol JSHandle@symbol \"Setting the current frame to 1755\" handle was cleared after 11ms"}
{"t":"2026-09-26T07:39:56.259Z","type":"debug","text":"JSHandle@symbol JSHandle@symbol \"Setting the current frame to 1756\" handle was cleared after 10ms"}
{"t":"2026-09-26T07:39:56.292Z","type":"debug","text":"JSHandle@symbol JSHandle@symbol \"Setting the current frame to 1757\" handle was cleared after 10ms"}
{"t":"2026-09-26T07:39:56.325Z","type":"debug","text":"JSHandle@symbol JSHandle@symbol \"Setting the current frame to 1758\" handle was cleared after 8ms"}
{"t":"2026-09-26T07:39:56.359Z","type":"debug","text":"JSHandle@symbol JSHandle@symbol \"Setting the current frame to 1759\" handle was cleared after 10ms"}
{"t":"2026-09-26T07:39:56.392Z","type":"debug","text":"JSHandle@symbol JSHandle@symbol \"Setting the current frame to 1760\" handle was cleared after 9ms"}
{"t":"2026-09-26T07:39:56.425Z","type":"debug","text":"JSHandle@symbol JSHandle@symbol \"Setting the current frame to 1761\" handle was cleared after 9ms"}
{"t":"2026-09-26T07:39:56.458Z","type":"debug","text":"JSHandle@symbol JSHandle@symbol \"Setting the current frame to 1762\" handle was cleared after 9ms"}
{"t":"2026-09-26T07:39:56.492Z","type":"debug","text":"JSHandle@symbol JSHandle@symbol \"Setting the current frame to 1763\" handle was cleared after 11ms"}
{"t":"2026-09-26T07:39:56.526Z","type":"debug","text":"JSHandle@symbol JSHandle@symbol \"Setting the current frame to 1764\" handle was cleared after 8ms"}
{"t":"2026-09-26T07:39:56.558Z","type":"debug","text":"JSHandle@symbol JSHandle@symbol \"Setting the current frame to 1765\" handle was cleared after 8ms"}
{"t":"2026-09-26T07:39:56.592Z","type":"debug","text":"JSHandle@symbol JSHandle@symbol \"Setting the current frame to 1766\" handle was cleared after 11ms"}
{"t":"2026-09-26T07:39:56.625Z","type":"debug","text":"JSHandle@symbol JSHandle@symbol \"Setting the current frame to 1767\" handle was cleared after 9ms"}
{"t":"2026-09-26T07:39:56.659Z","type":"debug","text":"JSHandle@symbol JSHandle@symbol \"Setting the current frame to 1768\" handle was cleared after 10ms"}
{"t":"2026-09-26T07:39:56.692Z","type":"debug","text":"JSHandle@symbol JSHandle@symbol \"Setting the current frame to 1769\" handle was cleared after 10ms"}
{"t":"2026-09-26T07:39:56.725Z","type":"debug","text":"JSHandle@symbol JSHandle@symbol \"Setting the current frame to 1770\" handle was cleared after 9ms"}
{"t":"2026-09-26T07:39:56.759Z","type":"debug","text":"JSHandle@symbol JSHandle@symbol \"Setting the current frame to 1771\" handle was cleared after 10ms"}
{"t":"2026-09-26T07:39:56.792Z","type":"debug","text":"JSHandle@symbol JSHandle@symbol \"Setting the current frame to 1772\" handle was cleared after 10ms"}
{"t":"2026-09-26T07:39:56.826Z","type":"debug","text":"JSHandle@symbol JSHandle@symbol \"Setting the current frame to 1773\" handle was cleared after 11ms"}
{"t":"2026-09-26T07:39:56.858Z","type":"debug","text":"JSHandle@symbol JSHandle@symbol \"Setting the current frame to 1774\" handle was cleared after 8ms"}
{"t":"2026-09-26T07:39:56.892Z","type":"debug","text":"JSHandle@symbol JSHandle@symbol \"Setting the current frame to 1775\" handle was cleared after 10ms"}
{"t":"2026-09-26T07:39:56.926Z","type":"debug","text":"JSHandle@symbol JSHandle@symbol \"Setting the current frame to 1776\" handle was cleared after 10ms"}
{"t":"2026-09-26T07:39:56.959Z","type":"debug","text":"JSHandle@symbol JSHandle@symbol \"Setting the current frame to 1777\" handle was cleared after 10ms"}
{"t":"2026-09-26T07:39:56.991Z","type":"debug","text":"JSHandle@symbol JSHandle@symbol \"Setting the current frame to 1778\" handle was cleared after 8ms"}
{"t":"2026-09-26T07:39:57.025Z","type":"debug","text":"JSHandle@symbol JSHandle@symbol \"Setting the current frame to 1779\" handle was cleared after 10ms"}
{"t":"2026-09-26T07:39:57.059Z","type":"debug","text":"JSHandle@symbol JSHandle@symbol \"Setting the current frame to 1780\" handle was cleared after 11ms"}
{"t":"2026-09-26T07:39:57.091Z","type":"debug","text":"JSHandle@symbol JSHandle@symbol \"Setting the current frame to 1781\" handle was cleared after 8ms"}
{"t":"2026-09-26T07:39:57.125Z","type":"debug","text":"JSHandle@symbol JSHandle@symbol \"Setting the current frame to 1782\" handle was cleared after 10ms"}
{"t":"2026-09-26T07:39:57.158Z","type":"debug","text":"JSHandle@symbol JSHandle@symbol \"Setting the current frame to 1783\" handle was cleared after 8ms"}
{"t":"2026-09-26T07:39:57.192Z","type":"debug","text":"JSHandle@symbol JSHandle@symbol \"Setting the current frame to 1784\" handle was cleared after 9ms"}
{"t":"2026-09-26T07:39:57.225Z","type":"debug","text":"JSHandle@symbol JSHandle@symbol \"Setting the current frame to 1785\" handle was cleared after 9ms"}
{"t":"2026-09-26T07:39:57.258Z","type":"debug","text":"JSHandle@symbol JSHandle@symbol \"Setting the current frame to 1786\" handle was cleared after 9ms"}
{"t":"2026-09-26T07:39:57.292Z","type":"debug","text":"JSHandle@symbol JSHandle@symbol \"Setting the current frame to 1787\" handle was cleared after 10ms"}
{"t":"2026-09-26T07:39:57.325Z","type":"debug","text":"JSHandle@symbol JSHandle@symbol \"Setting the current frame to 1788\" handle was cleared after 7ms"}
{"t":"2026-09-26T07:39:57.359Z","type":"debug","text":"JSHandle@symbol JSHandle@symbol \"Setting the current frame to 1789\" handle was cleared after 8ms"}
{"t":"2026-09-26T07:39:57.392Z","type":"debug","text":"JSHandle@symbol JSHandle@symbol \"Setting the current frame to 1790\" handle was cleared after 7ms"}
{"t":"2026-09-26T07:39:57.426Z","type":"debug","text":"JSHandle@symbol JSHandle@symbol \"Setting the current frame to 1791\" handle was cleared after 11ms"}
{"t":"2026-09-26T07:39:57.458Z","type":"debug","text":"JSHandle@symbol JSHandle@symbol \"Setting the current frame to 1792\" handle was cleared after 9ms"}
{"t":"2026-09-26T07:39:57.492Z","type":"debug","text":"JSHandle@symbol JSHandle@symbol \"Setting the current frame to 1793\" handle was cleared after 10ms"}
{"t":"2026-09-26T07:39:57.516Z","type":"debug","text":"JSHandle@symbol JSHandle@symbol \"Setting the current frame to 1794\" handle was cleared after 1ms"}
{"t":"2026-09-26T07:39:57.558Z","type":"debug","text":"JSHandle@symbol JSHandle@symbol \"Setting the current frame to 1795\" handle was cleared after 9ms"}
{"t":"2026-09-26T07:39:57.583Z","type":"debug","text":"JSHandle@symbol JSHandle@symbol \"Setting the current frame to 1796\" handle was cleared after 0ms"}
{"t":"2026-09-26T07:39:57.626Z","type":"debug","text":"JSHandle@symbol JSHandle@symbol \"Setting the current frame to 1797\" handle was cleared after 8ms"}
{"t":"2026-09-26T07:39:57.650Z","type":"debug","text":"JSHandle@symbol JSHandle@symbol \"Setting the current frame to 1798\" handle was cleared after 1ms"}
{"t":"2026-09-26T07:39:57.692Z","type":"debug","text":"JSHandle@symbol JSHandle@symbol \"Setting the current frame to 1799\" handle was cleared after 10ms"}
{"t":"2026-09-26T07:39:57.716Z","type":"debug","text":"JSHandle@symbol JSHandle@symbol \"Setting the current frame to 1800\" handle was cleared after 0ms"}
{"t":"2026-09-26T07:39:57.758Z","type":"debug","text":"JSHandle@symbol JSHandle@symbol \"Setting the current frame to 1801\" handle was cleared after 11ms"}
{"t":"2026-09-26T07:39:57.783Z","type":"debug","text":"JSHandle@symbol JSHandle@symbol \"Setting the current frame to 1802\" handle was cleared after 1ms"}
{"t":"2026-09-26T07:39:57.824Z","type":"debug","text":"JSHandle@symbol JSHandle@symbol \"Setting the current frame to 1803\" handle was cleared after 8ms"}
{"t":"2026-09-26T07:39:57.849Z","type":"debug","text":"JSHandle@symbol JSHandle@symbol \"Setting the current frame to 1804\" handle was cleared after 1ms"}
{"t":"2026-09-26T07:39:57.892Z","type":"debug","text":"JSHandle@symbol JSHandle@symbol \"Setting the current frame to 1805\" handle was cleared after 10ms"}
{"t":"2026-09-26T07:39:57.918Z","type":"debug","text":"JSHandle@symbol JSHandle@symbol \"Setting the current frame to 1806\" handle was cleared after 1ms"}
{"t":"2026-09-26T07:39:57.958Z","type":"debug","text":"JSHandle@symbol JSHandle@symbol \"Setting the current frame to 1807\" handle was cleared after 9ms"}
{"t":"2026-09-26T07:39:57.983Z","type":"debug","text":"JSHandle@symbol JSHandle@symbol \"Setting the current frame to 1808\" handle was cleared after 0ms"}
{"t":"2026-09-26T07:39:58.025Z","type":"debug","text":"JSHandle@symbol JSHandle@symbol \"Setting the current frame to 1809\" handle was cleared after 8ms"}
{"t":"2026-09-26T07:39:58.050Z","type":"debug","text":"JSHandle@symbol JSHandle@symbol \"Setting the current frame to 1810\" handle was cleared after 1ms"}
{"t":"2026-09-26T07:39:58.092Z","type":"debug","text":"JSHandle@symbol JSHandle@symbol \"Setting the current frame to 1811\" handle was cleared after 8ms"}
{"t":"2026-09-26T07:39:58.121Z","type":"debug","text":"JSHandle@symbol JSHandle@symbol \"Setting the current frame to 1812\" handle was cleared after 1ms"}
{"t":"2026-09-26T07:39:58.158Z","type":"debug","text":"JSHandle@symbol JSHandle@symbol \"Setting the current frame to 1813\" handle was cleared after 9ms"}
{"t":"2026-09-26T07:39:58.183Z","type":"debug","text":"JSHandle@symbol JSHandle@symbol \"Setting the current frame to 1814\" handle was cleared after 1ms"}
{"t":"2026-09-26T07:39:58.224Z","type":"debug","text":"JSHandle@symbol JSHandle@symbol \"Setting the current frame to 1815\" handle was cleared after 9ms"}
{"t":"2026-09-26T07:39:58.249Z","type":"debug","text":"JSHandle@symbol JSHandle@symbol \"Setting the current frame to 1816\" handle was cleared after 0ms"}
{"t":"2026-09-26T07:39:58.292Z","type":"debug","text":"JSHandle@symbol JSHandle@symbol \"Setting the current frame to 1817\" handle was cleared after 9ms"}
{"t":"2026-09-26T07:39:58.318Z","type":"debug","text":"JSHandle@symbol JSHandle@symbol \"Setting the current frame to 1818\" handle was cleared after 1ms"}
{"t":"2026-09-26T07:39:58.358Z","type":"debug","text":"JSHandle@symbol JSHandle@symbol \"Setting the current frame to 1819\" handle was cleared after 9ms"}
{"t":"2026-09-26T07:39:58.382Z","type":"debug","text":"JSHandle@symbol JSHandle@symbol \"Setting the current frame to 1820\" handle was cleared after 1ms"}
{"t":"2026-09-26T07:39:58.425Z","type":"debug","text":"JSHandle@symbol JSHandle@symbol \"Setting the current frame to 1821\" handle was cleared after 10ms"}
{"t":"2026-09-26T07:39:58.449Z","type":"debug","text":"JSHandle@symbol JSHandle@symbol \"Setting the current frame to 1822\" handle was cleared after 1ms"}
{"t":"2026-09-26T07:39:58.492Z","type":"debug","text":"JSHandle@symbol JSHandle@symbol \"Setting the current frame to 1823\" handle was cleared after 10ms"}
{"t":"2026-09-26T07:39:58.515Z","type":"debug","text":"JSHandle@symbol JSHandle@symbol \"Setting the current frame to 1824\" handle was cleared after 1ms"}
{"t":"2026-09-26T07:39:58.559Z","type":"debug","text":"JSHandle@symbol JSHandle@symbol \"Setting the current frame to 1825\" handle was cleared after 9ms"}
{"t":"2026-09-26T07:39:58.583Z","type":"debug","text":"JSHandle@symbol JSHandle@symbol \"Setting the current frame to 1826\" handle was cleared after 0ms"}
{"t":"2026-09-26T07:39:58.626Z","type":"debug","text":"JSHandle@symbol JSHandle@symbol \"Setting the current frame to 1827\" handle was cleared after 9ms"}
{"t":"2026-09-26T07:39:58.650Z","type":"debug","text":"JSHandle@symbol JSHandle@symbol \"Setting the current frame to 1828\" handle was cleared after 1ms"}
{"t":"2026-09-26T07:39:58.692Z","type":"debug","text":"JSHandle@symbol JSHandle@symbol \"Setting the current frame to 1829\" handle was cleared after 8ms"}
{"t":"2026-09-26T07:39:58.717Z","type":"debug","text":"JSHandle@symbol JSHandle@symbol \"Setting the current frame to 1830\" handle was cleared after 0ms"}
{"t":"2026-09-26T07:39:58.759Z","type":"debug","text":"JSHandle@symbol JSHandle@symbol \"Setting the current frame to 1831\" handle was cleared after 8ms"}
{"t":"2026-09-26T07:39:58.785Z","type":"debug","text":"JSHandle@symbol JSHandle@symbol \"Setting the current frame to 1832\" handle was cleared after 1ms"}
{"t":"2026-09-26T07:39:58.825Z","type":"debug","text":"JSHandle@symbol JSHandle@symbol \"Setting the current frame to 1833\" handle was cleared after 10ms"}
{"t":"2026-09-26T07:39:58.849Z","type":"debug","text":"JSHandle@symbol JSHandle@symbol \"Setting the current frame to 1834\" handle was cleared after 0ms"}
{"t":"2026-09-26T07:39:58.891Z","type":"debug","text":"JSHandle@symbol JSHandle@symbol \"Setting the current frame to 1835\" handle was cleared after 8ms"}
{"t":"2026-09-26T07:39:58.919Z","type":"debug","text":"JSHandle@symbol JSHandle@symbol \"Setting the current frame to 1836\" handle was cleared after 1ms"}
{"t":"2026-09-26T07:39:58.959Z","type":"debug","text":"JSHandle@symbol JSHandle@symbol \"Setting the current frame to 1837\" handle was cleared after 9ms"}
{"t":"2026-09-26T07:39:58.984Z","type":"debug","text":"JSHandle@symbol JSHandle@symbol \"Setting the current frame to 1838\" handle was cleared after 1ms"}
{"t":"2026-09-26T07:39:59.025Z","type":"debug","text":"JSHandle@symbol JSHandle@symbol \"Setting the current frame to 1839\" handle was cleared after 9ms"}
{"t":"2026-09-26T07:39:59.049Z","type":"debug","text":"JSHandle@symbol JSHandle@symbol \"Setting the current frame to 1840\" handle was cleared after 0ms"}
{"t":"2026-09-26T07:39:59.091Z","type":"debug","text":"JSHandle@symbol JSHandle@symbol \"Setting the current frame to 1841\" handle was cleared after 9ms"}
{"t":"2026-09-26T07:39:59.115Z","type":"debug","text":"JSHandle@symbol JSHandle@symbol \"Setting the current frame to 1842\" handle was cleared after 1ms"}
{"t":"2026-09-26T07:39:59.158Z","type":"debug","text":"JSHandle@symbol JSHandle@symbol \"Setting the current frame to 1843\" handle was cleared after 9ms"}
{"t":"2026-09-26T07:39:59.183Z","type":"debug","text":"JSHandle@symbol JSHandle@symbol \"Setting the current frame to 1844\" handle was cleared after 1ms"}
{"t":"2026-09-26T07:39:59.226Z","type":"debug","text":"JSHandle@symbol JSHandle@symbol \"Setting the current frame to 1845\" handle was cleared after 11ms"}
{"t":"2026-09-26T07:39:59.250Z","type":"debug","text":"JSHandle@symbol JSHandle@symbol \"Setting the current frame to 1846\" handle was cleared after 1ms"}
{"t":"2026-09-26T07:39:59.292Z","type":"debug","text":"JSHandle@symbol JSHandle@symbol \"Setting the current frame to 1847\" handle was cleared after 11ms"}
{"t":"2026-09-26T07:39:59.317Z","type":"debug","text":"JSHandle@symbol JSHandle@symbol \"Setting the current frame to 1848\" handle was cleared after 1ms"}
{"t":"2026-09-26T07:39:59.358Z","type":"debug","text":"JSHandle@symbol JSHandle@symbol \"Setting the current frame to 1849\" handle was cleared after 7ms"}
{"t":"2026-09-26T07:39:59.384Z","type":"debug","text":"JSHandle@symbol JSHandle@symbol \"Setting the current frame to 1850\" handle was cleared after 1ms"}
{"t":"2026-09-26T07:39:59.425Z","type":"debug","text":"JSHandle@symbol JSHandle@symbol \"Setting the current frame to 1851\" handle was cleared after 10ms"}
{"t":"2026-09-26T07:39:59.449Z","type":"debug","text":"JSHandle@symbol JSHandle@symbol \"Setting the current frame to 1852\" handle was cleared after 1ms"}
{"t":"2026-09-26T07:39:59.492Z","type":"debug","text":"JSHandle@symbol JSHandle@symbol \"Setting the current frame to 1853\" handle was cleared after 9ms"}
{"t":"2026-09-26T07:39:59.516Z","type":"debug","text":"JSHandle@symbol JSHandle@symbol \"Setting the current frame to 1854\" handle was cleared after 1ms"}
{"t":"2026-09-26T07:39:59.559Z","type":"debug","text":"JSHandle@symbol JSHandle@symbol \"Setting the current frame to 1855\" handle was cleared after 8ms"}
{"t":"2026-09-26T07:39:59.583Z","type":"debug","text":"JSHandle@symbol JSHandle@symbol \"Setting the current frame to 1856\" handle was cleared after 0ms"}
{"t":"2026-09-26T07:39:59.626Z","type":"debug","text":"JSHandle@symbol JSHandle@symbol \"Setting the current frame to 1857\" handle was cleared after 10ms"}
{"t":"2026-09-26T07:39:59.650Z","type":"debug","text":"JSHandle@symbol JSHandle@symbol \"Setting the current frame to 1858\" handle was cleared after 0ms"}
{"t":"2026-09-26T07:39:59.692Z","type":"debug","text":"JSHandle@symbol JSHandle@symbol \"Setting the current frame to 1859\" handle was cleared after 11ms"}
{"t":"2026-09-26T07:39:59.718Z","type":"debug","text":"JSHandle@symbol JSHandle@symbol \"Setting the current frame to 1860\" handle was cleared after 0ms"}
{"t":"2026-09-26T07:39:59.758Z","type":"debug","text":"JSHandle@symbol JSHandle@symbol \"Setting the current frame to 1861\" handle was cleared after 7ms"}
{"t":"2026-09-26T07:39:59.782Z","type":"debug","text":"JSHandle@symbol JSHandle@symbol \"Setting the current frame to 1862\" handle was cleared after 1ms"}
{"t":"2026-09-26T07:39:59.824Z","type":"debug","text":"JSHandle@symbol JSHandle@symbol \"Setting the current frame to 1863\" handle was cleared after 9ms"}
{"t":"2026-09-26T07:39:59.848Z","type":"debug","text":"JSHandle@symbol JSHandle@symbol \"Setting the current frame to 1864\" handle was cleared after 1ms"}
{"t":"2026-09-26T07:39:59.892Z","type":"debug","text":"JSHandle@symbol JSHandle@symbol \"Setting the current frame to 1865\" handle was cleared after 10ms"}
{"t":"2026-09-26T07:39:59.917Z","type":"debug","text":"JSHandle@symbol JSHandle@symbol \"Setting the current frame to 1866\" handle was cleared after 1ms"}
{"t":"2026-09-26T07:39:59.958Z","type":"debug","text":"JSHandle@symbol JSHandle@symbol \"Setting the current frame to 1867\" handle was cleared after 8ms"}
{"t":"2026-09-26T07:39:59.982Z","type":"debug","text":"JSHandle@symbol JSHandle@symbol \"Setting the current frame to 1868\" handle was cleared after 0ms"}
{"t":"2026-09-26T07:40:00.025Z","type":"debug","text":"JSHandle@symbol JSHandle@symbol \"Setting the current frame to 1869\" handle was cleared after 8ms"}
{"t":"2026-09-26T07:40:00.050Z","type":"debug","text":"JSHandle@symbol JSHandle@symbol \"Setting the current frame to 1870\" handle was cleared after 1ms"}
{"t":"2026-09-26T07:40:00.092Z","type":"debug","text":"JSHandle@symbol JSHandle@symbol \"Setting the current frame to 1871\" handle was cleared after 11ms"}
{"t":"2026-09-26T07:40:00.115Z","type":"debug","text":"JSHandle@symbol JSHandle@symbol \"Setting the current frame to 1872\" handle was cleared after 0ms"}
{"t":"2026-09-26T07:40:00.159Z","type":"debug","text":"JSHandle@symbol JSHandle@symbol \"Setting the current frame to 1873\" handle was cleared after 11ms"}
{"t":"2026-09-26T07:40:00.183Z","type":"debug","text":"JSHandle@symbol JSHandle@symbol \"Setting the current frame to 1874\" handle was cleared after 0ms"}
{"t":"2026-09-26T07:40:00.225Z","type":"debug","text":"JSHandle@symbol JSHandle@symbol \"Setting the current frame to 1875\" handle was cleared after 10ms"}
{"t":"2026-09-26T07:40:00.250Z","type":"debug","text":"JSHandle@symbol JSHandle@symbol \"Setting the current frame to 1876\" handle was cleared after 0ms"}
{"t":"2026-09-26T07:40:00.291Z","type":"debug","text":"JSHandle@symbol JSHandle@symbol \"Setting the current frame to 1877\" handle was cleared after 8ms"}
{"t":"2026-09-26T07:40:00.317Z","type":"debug","text":"JSHandle@symbol JSHandle@symbol \"Setting the current frame to 1878\" handle was cleared after 1ms"}
{"t":"2026-09-26T07:40:00.358Z","type":"debug","text":"JSHandle@symbol JSHandle@symbol \"Setting the current frame to 1879\" handle was cleared after 9ms"}
{"t":"2026-09-26T07:40:00.382Z","type":"debug","text":"JSHandle@symbol JSHandle@symbol \"Setting the current frame to 1880\" handle was cleared after 1ms"}
{"t":"2026-09-26T07:40:00.425Z","type":"debug","text":"JSHandle@symbol JSHandle@symbol \"Setting the current frame to 1881\" handle was cleared after 11ms"}
{"t":"2026-09-26T07:40:00.449Z","type":"debug","text":"JSHandle@symbol JSHandle@symbol \"Setting the current frame to 1882\" handle was cleared after 1ms"}
{"t":"2026-09-26T07:40:00.492Z","type":"debug","text":"JSHandle@symbol JSHandle@symbol \"Setting the current frame to 1883\" handle was cleared after 10ms"}
{"t":"2026-09-26T07:40:00.517Z","type":"debug","text":"JSHandle@symbol JSHandle@symbol \"Setting the current frame to 1884\" handle was cleared after 1ms"}
{"t":"2026-09-26T07:40:00.558Z","type":"debug","text":"JSHandle@symbol JSHandle@symbol \"Setting the current frame to 1885\" handle was cleared after 9ms"}
{"t":"2026-09-26T07:40:00.581Z","type":"debug","text":"JSHandle@symbol JSHandle@symbol \"Setting the current frame to 1886\" handle was cleared after 0ms"}
{"t":"2026-09-26T07:40:00.626Z","type":"debug","text":"JSHandle@symbol JSHandle@symbol \"Setting the current frame to 1887\" handle was cleared after 9ms"}
{"t":"2026-09-26T07:40:00.649Z","type":"debug","text":"JSHandle@symbol JSHandle@symbol \"Setting the current frame to 1888\" handle was cleared after 1ms"}
{"t":"2026-09-26T07:40:00.692Z","type":"debug","text":"JSHandle@symbol JSHandle@symbol \"Setting the current frame to 1889\" handle was cleared after 10ms"}
{"t":"2026-09-26T07:40:00.716Z","type":"debug","text":"JSHandle@symbol JSHandle@symbol \"Setting the current frame to 1890\" handle was cleared after 1ms"}
{"t":"2026-09-26T07:40:00.758Z","type":"debug","text":"JSHandle@symbol JSHandle@symbol \"Setting the current frame to 1891\" handle was cleared after 9ms"}
{"t":"2026-09-26T07:40:00.782Z","type":"debug","text":"JSHandle@symbol JSHandle@symbol \"Setting the current frame to 1892\" handle was cleared after 1ms"}
{"t":"2026-09-26T07:40:00.825Z","type":"debug","text":"JSHandle@symbol JSHandle@symbol \"Setting the current frame to 1893\" handle was cleared after 11ms"}
{"t":"2026-09-26T07:40:00.849Z","type":"debug","text":"JSHandle@symbol JSHandle@symbol \"Setting the current frame to 1894\" handle was cleared after 0ms"}
{"t":"2026-09-26T07:40:00.892Z","type":"debug","text":"JSHandle@symbol JSHandle@symbol \"Setting the current frame to 1895\" handle was cleared after 10ms"}
{"t":"2026-09-26T07:40:00.915Z","type":"debug","text":"JSHandle@symbol JSHandle@symbol \"Setting the current frame to 1896\" handle was cleared after 1ms"}
{"t":"2026-09-26T07:40:00.959Z","type":"debug","text":"JSHandle@symbol JSHandle@symbol \"Setting the current frame to 1897\" handle was cleared after 10ms"}
{"t":"2026-09-26T07:40:00.982Z","type":"debug","text":"JSHandle@symbol JSHandle@symbol \"Setting the current frame to 1898\" handle was cleared after 1ms"}
{"t":"2026-09-26T07:40:01.025Z","type":"debug","text":"JSHandle@symbol JSHandle@symbol \"Setting the current frame to 1899\" handle was cleared after 11ms"}
{"t":"2026-09-26T07:40:01.049Z","type":"debug","text":"JSHandle@symbol JSHandle@symbol \"Setting the current frame to 1900\" handle was cleared after 1ms"}
{"t":"2026-09-26T07:40:01.092Z","type":"debug","text":"JSHandle@symbol JSHandle@symbol \"Setting the current frame to 1901\" handle was cleared after 10ms"}
{"t":"2026-09-26T07:40:01.115Z","type":"debug","text":"JSHandle@symbol JSHandle@symbol \"Setting the current frame to 1902\" handle was cleared after 1ms"}
{"t":"2026-09-26T07:40:01.158Z","type":"debug","text":"JSHandle@symbol JSHandle@symbol \"Setting the current frame to 1903\" handle was cleared after 11ms"}
{"t":"2026-09-26T07:40:01.183Z","type":"debug","text":"JSHandle@symbol JSHandle@symbol \"Setting the current frame to 1904\" handle was cleared after 1ms"}
{"t":"2026-09-26T07:40:01.226Z","type":"debug","text":"JSHandle@symbol JSHandle@symbol \"Setting the current frame to 1905\" handle was cleared after 11ms"}
{"t":"2026-09-26T07:40:01.249Z","type":"debug","text":"JSHandle@symbol JSHandle@symbol \"Setting the current frame to 1906\" handle was cleared after 1ms"}
{"t":"2026-09-26T07:40:01.292Z","type":"debug","text":"JSHandle@symbol JSHandle@symbol \"Setting the current frame to 1907\" handle was cleared after 11ms"}
{"t":"2026-09-26T07:40:01.322Z","type":"debug","text":"JSHandle@symbol JSHandle@symbol \"Setting the current frame to 1908\" handle was cleared after 1ms"}
{"t":"2026-09-26T07:40:01.358Z","type":"debug","text":"JSHandle@symbol JSHandle@symbol \"Setting the current frame to 1909\" handle was cleared after 9ms"}
{"t":"2026-09-26T07:40:01.382Z","type":"debug","text":"JSHandle@symbol JSHandle@symbol \"Setting the current frame to 1910\" handle was cleared after 0ms"}
{"t":"2026-09-26T07:40:01.425Z","type":"debug","text":"JSHandle@symbol JSHandle@symbol \"Setting the current frame to 1911\" handle was cleared after 10ms"}
{"t":"2026-09-26T07:40:01.449Z","type":"debug","text":"JSHandle@symbol JSHandle@symbol \"Setting the current frame to 1912\" handle was cleared after 0ms"}
{"t":"2026-09-26T07:40:01.492Z","type":"debug","text":"JSHandle@symbol JSHandle@symbol \"Setting the current frame to 1913\" handle was cleared after 11ms"}
{"t":"2026-09-26T07:40:01.516Z","type":"debug","text":"JSHandle@symbol JSHandle@symbol \"Setting the current frame to 1914\" handle was cleared after 0ms"}
{"t":"2026-09-26T07:40:01.558Z","type":"debug","text":"JSHandle@symbol JSHandle@symbol \"Setting the current frame to 1915\" handle was cleared after 10ms"}
{"t":"2026-09-26T07:40:01.583Z","type":"debug","text":"JSHandle@symbol JSHandle@symbol \"Setting the current frame to 1916\" handle was cleared after 1ms"}
{"t":"2026-09-26T07:40:01.625Z","type":"debug","text":"JSHandle@symbol JSHandle@symbol \"Setting the current frame to 1917\" handle was cleared after 11ms"}
{"t":"2026-09-26T07:40:01.648Z","type":"debug","text":"JSHandle@symbol JSHandle@symbol \"Setting the current frame to 1918\" handle was cleared after 0ms"}
{"t":"2026-09-26T07:40:01.692Z","type":"debug","text":"JSHandle@symbol JSHandle@symbol \"Setting the current frame to 1919\" handle was cleared after 11ms"}
{"t":"2026-09-26T07:40:01.716Z","type":"debug","text":"JSHandle@symbol JSHandle@symbol \"Setting the current frame to 1920\" handle was cleared after 1ms"}
{"t":"2026-09-26T07:40:01.758Z","type":"debug","text":"JSHandle@symbol JSHandle@symbol \"Setting the current frame to 1921\" handle was cleared after 10ms"}
{"t":"2026-09-26T07:40:01.781Z","type":"debug","text":"JSHandle@symbol JSHandle@symbol \"Setting the current frame to 1922\" handle was cleared after 1ms"}
{"t":"2026-09-26T07:40:01.825Z","type":"debug","text":"JSHandle@symbol JSHandle@symbol \"Setting the current frame to 1923\" handle was cleared after 10ms"}
{"t":"2026-09-26T07:40:01.848Z","type":"debug","text":"JSHandle@symbol JSHandle@symbol \"Setting the current frame to 1924\" handle was cleared after 0ms"}
{"t":"2026-09-26T07:40:01.891Z","type":"debug","text":"JSHandle@symbol JSHandle@symbol \"Setting the current frame to 1925\" handle was cleared after 10ms"}
{"t":"2026-09-26T07:40:01.914Z","type":"debug","text":"JSHandle@symbol JSHandle@symbol \"Setting the current frame to 1926\" handle was cleared after 1ms"}
{"t":"2026-09-26T07:40:01.959Z","type":"debug","text":"JSHandle@symbol JSHandle@symbol \"Setting the current frame to 1927\" handle was cleared after 11ms"}
{"t":"2026-09-26T07:40:01.982Z","type":"debug","text":"JSHandle@symbol JSHandle@symbol \"Setting the current frame to 1928\" handle was cleared after 1ms"}
{"t":"2026-09-26T07:40:02.028Z","type":"debug","text":"JSHandle@symbol JSHandle@symbol \"Setting the current frame to 1929\" handle was cleared after 13ms"}
{"t":"2026-09-26T07:40:02.052Z","type":"debug","text":"JSHandle@symbol JSHandle@symbol \"Setting the current frame to 1930\" handle was cleared after 1ms"}
{"t":"2026-09-26T07:40:02.091Z","type":"debug","text":"JSHandle@symbol JSHandle@symbol \"Setting the current frame to 1931\" handle was cleared after 11ms"}
{"t":"2026-09-26T07:40:02.115Z","type":"debug","text":"JSHandle@symbol JSHandle@symbol \"Setting the current frame to 1932\" handle was cleared after 0ms"}
{"t":"2026-09-26T07:40:02.158Z","type":"debug","text":"JSHandle@symbol JSHandle@symbol \"Setting the current frame to 1933\" handle was cleared after 10ms"}
{"t":"2026-09-26T07:40:02.182Z","type":"debug","text":"JSHandle@symbol JSHandle@symbol \"Setting the current frame to 1934\" handle was cleared after 0ms"}
{"t":"2026-09-26T07:40:02.224Z","type":"debug","text":"JSHandle@symbol JSHandle@symbol \"Setting the current frame to 1935\" handle was cleared after 9ms"}
{"t":"2026-09-26T07:40:02.247Z","type":"debug","text":"JSHandle@symbol JSHandle@symbol \"Setting the current frame to 1936\" handle was cleared after 0ms"}
{"t":"2026-09-26T07:40:02.292Z","type":"debug","text":"JSHandle@symbol JSHandle@symbol \"Setting the current frame to 1937\" handle was cleared after 12ms"}
{"t":"2026-09-26T07:40:02.317Z","type":"debug","text":"JSHandle@symbol JSHandle@symbol \"Setting the current frame to 1938\" handle was cleared after 1ms"}
{"t":"2026-09-26T07:40:02.358Z","type":"debug","text":"JSHandle@symbol JSHandle@symbol \"Setting the current frame to 1939\" handle was cleared after 11ms"}
{"t":"2026-09-26T07:40:02.381Z","type":"debug","text":"JSHandle@symbol JSHandle@symbol \"Setting the current frame to 1940\" handle was cleared after 1ms"}
{"t":"2026-09-26T07:40:02.425Z","type":"debug","text":"JSHandle@symbol JSHandle@symbol \"Setting the current frame to 1941\" handle was cleared after 11ms"}
{"t":"2026-09-26T07:40:02.449Z","type":"debug","text":"JSHandle@symbol JSHandle@symbol \"Setting the current frame to 1942\" handle was cleared after 1ms"}
{"t":"2026-09-26T07:40:02.491Z","type":"debug","text":"JSHandle@symbol JSHandle@symbol \"Setting the current frame to 1943\" handle was cleared after 8ms"}
{"t":"2026-09-26T07:40:02.515Z","type":"debug","text":"JSHandle@symbol JSHandle@symbol \"Setting the current frame to 1944\" handle was cleared after 0ms"}
{"t":"2026-09-26T07:40:02.558Z","type":"debug","text":"JSHandle@symbol JSHandle@symbol \"Setting the current frame to 1945\" handle was cleared after 9ms"}
{"t":"2026-09-26T07:40:02.581Z","type":"debug","text":"JSHandle@symbol JSHandle@symbol \"Setting the current frame to 1946\" handle was cleared after 0ms"}
{"t":"2026-09-26T07:40:02.625Z","type":"debug","text":"JSHandle@symbol JSHandle@symbol \"Setting the current frame to 1947\" handle was cleared after 10ms"}
{"t":"2026-09-26T07:40:02.651Z","type":"debug","text":"JSHandle@symbol JSHandle@symbol \"Setting the current frame to 1948\" handle was cleared after 0ms"}
{"t":"2026-09-26T07:40:02.691Z","type":"debug","text":"JSHandle@symbol JSHandle@symbol \"Setting the current frame to 1949\" handle was cleared after 12ms"}
{"t":"2026-09-26T07:40:02.715Z","type":"debug","text":"JSHandle@symbol JSHandle@symbol \"Setting the current frame to 1950\" handle was cleared after 1ms"}
{"t":"2026-09-26T07:40:02.759Z","type":"debug","text":"JSHandle@symbol JSHandle@symbol \"Setting the current frame to 1951\" handle was cleared after 11ms"}
{"t":"2026-09-26T07:40:02.782Z","type":"debug","text":"JSHandle@symbol JSHandle@symbol \"Setting the current frame to 1952\" handle was cleared after 0ms"}
{"t":"2026-09-26T07:40:02.825Z","type":"debug","text":"JSHandle@symbol JSHandle@symbol \"Setting the current frame to 1953\" handle was cleared after 10ms"}
{"t":"2026-09-26T07:40:02.848Z","type":"debug","text":"JSHandle@symbol JSHandle@symbol \"Setting the current frame to 1954\" handle was cleared after 0ms"}
{"t":"2026-09-26T07:40:02.892Z","type":"debug","text":"JSHandle@symbol JSHandle@symbol \"Setting the current frame to 1955\" handle was cleared after 11ms"}
{"t":"2026-09-26T07:40:02.915Z","type":"debug","text":"JSHandle@symbol JSHandle@symbol \"Setting the current frame to 1956\" handle was cleared after 1ms"}
{"t":"2026-09-26T07:40:02.958Z","type":"debug","text":"JSHandle@symbol JSHandle@symbol \"Setting the current frame to 1957\" handle was cleared after 9ms"}
{"t":"2026-09-26T07:40:02.982Z","type":"debug","text":"JSHandle@symbol JSHandle@symbol \"Setting the current frame to 1958\" handle was cleared after 0ms"}
{"t":"2026-09-26T07:40:03.026Z","type":"debug","text":"JSHandle@symbol JSHandle@symbol \"Setting the current frame to 1959\" handle was cleared after 11ms"}
