{"t":"2026-09-26T07:34:46.797Z","type":"debug","text":"JSHandle@symbol JSHandle@symbol \"Loading root component - See https://remotion.dev/docs/troubleshooting/loading-root-component if you experience a timeout\" handle was cleared after 1ms"}
{"t":"2026-09-26T07:34:46.808Z","type":"debug","text":"JSHandle@symbol JSHandle@symbol \"Loading root component - See https://remotion.dev/docs/troubleshooting/loading-root-component if you experience a timeout\" handle was cleared after 0ms"}
{"t":"2026-09-26T07:34:46.829Z","type":"debug","text":"JSHandle@symbol JSHandle@symbol \"Waiting for root component to load - See https://remotion.dev/docs/troubleshooting/loading-root-component if you experience a timeout\" handle was cleared after 16ms"}
{"t":"2026-09-26T07:34:46.838Z","type":"debug","text":"JSHandle@symbol JSHandle@symbol \"Waiting for root component to load - See https://remotion.dev/docs/troubleshooting/loading-root-component if you experience a timeout\" handle was cleared after 27ms"}
{"t":"2026-09-26T07:34:46.848Z","type":"debug","text":"JSHandle@symbol JSHandle@symbol \"Waiting for Composition \"UNFOLDIQVideo\"\" handle was cleared after 26ms"}
{"t":"2026-09-26T07:34:46.849Z","type":"debug","text":"JSHandle@symbol JSHandle@symbol \"Waiting for Composition \"UNFOLDIQVideo\"\" handle was cleared after 27ms"}
{"t":"2026-09-26T07:34:46.853Z","type":"debug","text":"JSHandle@symbol JSHandle@symbol \"Setting the current frame to 0\" handle was cleared after 0ms"}
{"t":"2026-09-26T07:34:46.857Z","type":"debug","text":"JSHandle@symbol JSHandle@symbol \"Setting the current frame to 1\" handle was cleared after 0ms"}
{"t":"2026-09-26T07:34:46.931Z","type":"debug","text":"JSHandle@symbol JSHandle@symbol \"Setting the current frame to 2\" handle was cleared after 3ms"}
{"t":"2026-09-26T07:34:46.932Z","type":"debug","text":"JSHandle@symbol JSHandle@symbol \"Setting the current frame to 3\" handle was cleared after 3ms"}
{"t":"2026-09-26T07:34:46.988Z","type":"debug","text":"JSHandle@symbol JSHandle@symbol \"Setting the current frame to 4\" handle was cleared after 6ms"}
{"t":"2026-09-26T07:34:47.004Z","type":"debug","text":"JSHandle@symbol JSHandle@symbol \"Setting the current frame to 5\" handle was cleared after 2ms"}
{"t":"2026-09-26T07:34:47.064Z","type":"debug","text":"JSHandle@symbol JSHandle@symbol \"Setting the current frame to 6\" handle was cleared after 9ms"}
{"t":"2026-09-26T07:34:47.070Z","type":"debug","text":"JSHandle@symbol JSHandle@symbol \"Setting the current frame to 7\" handle was cleared after 3ms"}
{"t":"2026-09-26T07:34:47.131Z","type":"debug","text":"JSHandle@symbol JSHandle@symbol \"Setting the current frame to 8\" handle was cleared after 10ms"}
{"t":"2026-09-26T07:34:47.134Z","type":"debug","text":"JSHandle@symbol JSHandle@symbol \"Setting the current frame to 9\" handle was cleared after 1ms"}
{"t":"2026-09-26T07:34:47.200Z","type":"debug","text":"JSHandle@symbol JSHandle@symbol \"Setting the current frame to 10\" handle was cleared after 7ms"}
{"t":"2026-09-26T07:34:47.204Z","type":"debug","text":"JSHandle@symbol JSHandle@symbol \"Setting the current frame to 11\" handle was cleared after 2ms"}
{"t":"2026-09-26T07:34:47.265Z","type":"debug","text":"JSHandle@symbol JSHandle@symbol \"Setting the current frame to 12\" handle was cleared after 10ms"}
{"t":"2026-09-26T07:34:47.270Z","type":"debug","text":"JSHandle@symbol JSHandle@symbol \"Setting the current frame to 13\" handle was cleared after 3ms"}
{"t":"2026-09-26T07:34:47.332Z","type":"debug","text":"JSHandle@symbol JSHandle@symbol \"Setting the current frame to 14\" handle was cleared after 9ms"}
{"t":"2026-09-26T07:34:47.338Z","type":"debug","text":"JSHandle@symbol JSHandle@symbol \"Setting the current frame to 15\" handle was cleared after 4ms"}
{"t":"2026-09-26T07:34:47.400Z","type":"debug","text":"JSHandle@symbol JSHandle@symbol \"Setting the current frame to 16\" handle was cleared after 9ms"}
{"t":"2026-09-26T07:34:47.404Z","type":"debug","text":"JSHandle@symbol JSHandle@symbol \"Setting the current frame to 17\" handle was cleared after 1ms"}
{"t":"2026-09-26T07:34:47.465Z","type":"debug","text":"JSHandle@symbol JSHandle@symbol \"Setting the current frame to 18\" handle was cleared after 10ms"}
{"t":"2026-09-26T07:34:47.472Z","type":"debug","text":"JSHandle@symbol JSHandle@symbol \"Setting the current frame to 19\" handle was cleared after 1ms"}
{"t":"2026-09-26T07:34:47.531Z","type":"debug","text":"JSHandle@symbol JSHandle@symbol \"Setting the current frame to 20\" handle was cleared after 9ms"}
{"t":"2026-09-26T07:34:47.538Z","type":"debug","text":"JSHandle@symbol JSHandle@symbol \"Setting the current frame to 21\" handle was cleared after 4ms"}
{"t":"2026-09-26T07:34:47.582Z","type":"debug","text":"JSHandle@symbol JSHandle@symbol \"Setting the current frame to 22\" handle was cleared after 4ms"}
{"t":"2026-09-26T07:34:47.606Z","type":"debug","text":"JSHandle@symbol JSHandle@symbol \"Setting the current frame to 23\" handle was cleared after 1ms"}
{"t":"2026-09-26T07:34:47.648Z","type":"debug","text":"JSHandle@symbol JSHandle@symbol \"Setting the current frame to 24\" handle was cleared after 3ms"}
{"t":"2026-09-26T07:34:47.672Z","type":"debug","text":"JSHandle@symbol JSHandle@symbol \"Setting the current frame to 25\" handle was cleared after 5ms"}
{"t":"2026-09-26T07:34:47.715Z","type":"debug","text":"JSHandle@symbol JSHandle@symbol \"Setting the current frame to 26\" handle was cleared after 3ms"}
{"t":"2026-09-26T07:34:47.738Z","type":"debug","text":"JSHandle@symbol JSHandle@symbol \"Setting the current frame to 27\" handle was cleared after 1ms"}
{"t":"2026-09-26T07:34:47.784Z","type":"debug","text":"JSHandle@symbol JSHandle@symbol \"Setting the current frame to 28\" handle was cleared after 4ms"}
{"t":"2026-09-26T07:34:47.805Z","type":"debug","text":"JSHandle@symbol JSHandle@symbol \"Setting the current frame to 29\" handle was cleared after 1ms"}
{"t":"2026-09-26T07:34:47.847Z","type":"debug","text":"JSHandle@symbol JSHandle@symbol \"Setting the current frame to 30\" handle was cleared after 4ms"}
{"t":"2026-09-26T07:34:47.871Z","type":"debug","text":"JSHandle@symbol JSHandle@symbol \"Setting the current frame to 31\" handle was cleared after 6ms"}
{"t":"2026-09-26T07:34:47.914Z","type":"debug","text":"JSHandle@symbol JSHandle@symbol \"Setting the current frame to 32\" handle was cleared after 3ms"}
{"t":"2026-09-26T07:34:47.938Z","type":"debug","text":"JSHandle@symbol JSHandle@symbol \"Setting the current frame to 33\" handle was cleared after 5ms"}
{"t":"2026-09-26T07:34:47.984Z","type":"debug","text":"JSHandle@symbol JSHandle@symbol \"Setting the current frame to 34\" handle was cleared after 4ms"}
{"t":"2026-09-26T07:34:48.007Z","type":"debug","text":"JSHandle@symbol JSHandle@symbol \"Setting the current frame to 35\" handle was cleared after 1ms"}
{"t":"2026-09-26T07:34:48.049Z","type":"debug","text":"JSHandle@symbol JSHandle@symbol \"Setting the current frame to 36\" handle was cleared after 3ms"}
{"t":"2026-09-26T07:34:48.068Z","type":"debug","text":"JSHandle@symbol JSHandle@symbol \"Setting the current frame to 37\" handle was cleared after 1ms"}
{"t":"2026-09-26T07:34:48.115Z","type":"debug","text":"JSHandle@symbol JSHandle@symbol \"Setting the current frame to 38\" handle was cleared after 3ms"}
{"t":"2026-09-26T07:34:48.134Z","type":"debug","text":"JSHandle@symbol JSHandle@symbol \"Setting the current frame to 39\" handle was cleared after 1ms"}
{"t":"2026-09-26T07:34:48.181Z","type":"debug","text":"JSHandle@symbol JSHandle@symbol \"Setting the current frame to 40\" handle was cleared after 3ms"}
{"t":"2026-09-26T07:34:48.200Z","type":"debug","text":"JSHandle@symbol JSHandle@symbol \"Setting the current frame to 41\" handle was cleared after 1ms"}
{"t":"2026-09-26T07:34:48.249Z","type":"debug","text":"JSHandle@symbol JSHandle@symbol \"Setting the current frame to 42\" handle was cleared after 3ms"}
{"t":"2026-09-26T07:34:48.268Z","type":"debug","text":"JSHandle@symbol JSHandle@symbol \"Setting the current frame to 43\" handle was cleared after 1ms"}
{"t":"2026-09-26T07:34:48.314Z","type":"debug","text":"JSHandle@symbol JSHandle@symbol \"Setting the current frame to 44\" handle was cleared after 4ms"}
{"t":"2026-09-26T07:34:48.333Z","type":"debug","text":"JSHandle@symbol JSHandle@symbol \"Setting the current frame to 45\" handle was cleared after 0ms"}
{"t":"2026-09-26T07:34:48.382Z","type":"debug","text":"JSHandle@symbol JSHandle@symbol \"Setting the current frame to 46\" handle was cleared after 3ms"}
{"t":"2026-09-26T07:34:48.401Z","type":"debug","text":"JSHandle@symbol JSHandle@symbol \"Setting the current frame to 47\" handle was cleared after 1ms"}
{"t":"2026-09-26T07:34:48.447Z","type":"debug","text":"JSHandle@symbol JSHandle@symbol \"Setting the current frame to 48\" handle was cleared after 2ms"}
{"t":"2026-09-26T07:34:48.466Z","type":"debug","text":"JSHandle@symbol JSHandle@symbol \"Setting the current frame to 49\" handle was cleared after 1ms"}
{"t":"2026-09-26T07:34:48.515Z","type":"debug","text":"JSHandle@symbol JSHandle@symbol \"Setting the current frame to 50\" handle was cleared after 3ms"}
{"t":"2026-09-26T07:34:48.535Z","type":"debug","text":"JSHandle@symbol JSHandle@symbol \"Setting the current frame to 51\" handle was cleared after 0ms"}
{"t":"2026-09-26T07:34:48.581Z","type":"debug","text":"JSHandle@symbol JSHandle@symbol \"Setting the current frame to 52\" handle was cleared after 3ms"}
{"t":"2026-09-26T07:34:48.601Z","type":"debug","text":"JSHandle@symbol JSHandle@symbol \"Setting the current frame to 53\" handle was cleared after 1ms"}
{"t":"2026-09-26T07:34:48.647Z","type":"debug","text":"JSHandle@symbol JSHandle@symbol \"Setting the current frame to 54\" handle was cleared after 3ms"}
{"t":"2026-09-26T07:34:48.666Z","type":"debug","text":"JSHandle@symbol JSHandle@symbol \"Setting the current frame to 55\" handle was cleared after 1ms"}
{"t":"2026-09-26T07:34:48.714Z","type":"debug","text":"JSHandle@symbol JSHandle@symbol \"Setting the current frame to 56\" handle was cleared after 4ms"}
{"t":"2026-09-26T07:34:48.733Z","type":"debug","text":"JSHandle@symbol JSHandle@symbol \"Setting the current frame to 57\" handle was cleared after 1ms"}
{"t":"2026-09-26T07:34:48.782Z","type":"debug","text":"JSHandle@symbol JSHandle@symbol \"Setting the current frame to 58\" handle was cleared after 5ms"}
{"t":"2026-09-26T07:34:48.801Z","type":"debug","text":"JSHandle@symbol JSHandle@symbol \"Setting the current frame to 59\" handle was cleared after 1ms"}
{"t":"2026-09-26T07:34:48.848Z","type":"debug","text":"JSHandle@symbol JSHandle@symbol \"Setting the current frame to 60\" handle was cleared after 4ms"}
{"t":"2026-09-26T07:34:48.867Z","type":"debug","text":"JSHandle@symbol JSHandle@symbol \"Setting the current frame to 61\" handle was cleared after 0ms"}
{"t":"2026-09-26T07:34:48.914Z","type":"debug","text":"JSHandle@symbol JSHandle@symbol \"Setting the current frame to 62\" handle was cleared after 3ms"}
{"t":"2026-09-26T07:34:48.934Z","type":"debug","text":"JSHandle@symbol JSHandle@symbol \"Setting the current frame to 63\" handle was cleared after 0ms"}
{"t":"2026-09-26T07:34:48.981Z","type":"debug","text":"JSHandle@symbol JSHandle@symbol \"Setting the current frame to 64\" handle was cleared after 3ms"}
{"t":"2026-09-26T07:34:49.007Z","type":"debug","text":"JSHandle@symbol JSHandle@symbol \"Setting the current frame to 65\" handle was cleared after 1ms"}
{"t":"2026-09-26T07:34:49.057Z","type":"debug","text":"JSHandle@symbol JSHandle@symbol \"Setting the current frame to 66\" handle was cleared after 3ms"}
{"t":"2026-09-26T07:34:49.080Z","type":"debug","text":"JSHandle@symbol JSHandle@symbol \"Setting the current frame to 67\" handle was cleared after 1ms"}
{"t":"2026-09-26T07:34:49.120Z","type":"debug","text":"JSHandle@symbol JSHandle@symbol \"Setting the current frame to 68\" handle was cleared after 8ms"}
{"t":"2026-09-26T07:34:49.145Z","type":"debug","text":"JSHandle@symbol JSHandle@symbol \"Setting the current frame to 69\" handle was cleared after 0ms"}
{"t":"2026-09-26T07:34:49.188Z","type":"debug","text":"JSHandle@symbol JSHandle@symbol \"Setting the current frame to 70\" handle was cleared after 10ms"}
{"t":"2026-09-26T07:34:49.214Z","type":"debug","text":"JSHandle@symbol JSHandle@symbol \"Setting the current frame to 71\" handle was cleared after 1ms"}
{"t":"2026-09-26T07:34:49.255Z","type":"debug","text":"JSHandle@symbol JSHandle@symbol \"Setting the current frame to 72\" handle was cleared after 8ms"}
{"t":"2026-09-26T07:34:49.279Z","type":"debug","text":"JSHandle@symbol JSHandle@symbol \"Setting the current frame to 73\" handle was cleared after 1ms"}
{"t":"2026-09-26T07:34:49.321Z","type":"debug","text":"JSHandle@symbol JSHandle@symbol \"Setting the current frame to 74\" handle was cleared after 8ms"}
{"t":"2026-09-26T07:34:49.345Z","type":"debug","text":"JSHandle@symbol JSHandle@symbol \"Setting the current frame to 75\" handle was cleared after 0ms"}
{"t":"2026-09-26T07:34:49.388Z","type":"debug","text":"JSHandle@symbol JSHandle@symbol \"Setting the current frame to 76\" handle was cleared after 8ms"}
{"t":"2026-09-26T07:34:49.412Z","type":"debug","text":"JSHandle@symbol JSHandle@symbol \"Setting the current frame to 77\" handle was cleared after 1ms"}
{"t":"2026-09-26T07:34:49.454Z","type":"debug","text":"JSHandle@symbol JSHandle@symbol \"Setting the current frame to 78\" handle was cleared after 8ms"}
{"t":"2026-09-26T07:34:49.479Z","type":"debug","text":"JSHandle@symbol JSHandle@symbol \"Setting the current frame to 79\" handle was cleared after 1ms"}
{"t":"2026-09-26T07:34:49.521Z","type":"debug","text":"JSHandle@symbol JSHandle@symbol \"Setting the current frame to 80\" handle was cleared after 9ms"}
{"t":"2026-09-26T07:34:49.546Z","type":"debug","text":"JSHandle@symbol JSHandle@symbol \"Setting the current frame to 81\" handle was cleared after 1ms"}
{"t":"2026-09-26T07:34:49.588Z","type":"debug","text":"JSHandle@symbol JSHandle@symbol \"Setting the current frame to 82\" handle was cleared after 9ms"}
{"t":"2026-09-26T07:34:49.626Z","type":"debug","text":"JSHandle@symbol JSHandle@symbol \"Setting the current frame to 83\" handle was cleared after 1ms"}
{"t":"2026-09-26T07:34:49.702Z","type":"debug","text":"JSHandle@symbol JSHandle@symbol \"Setting the current frame to 84\" handle was cleared after 8ms"}
{"t":"2026-09-26T07:34:49.706Z","type":"debug","text":"JSHandle@symbol JSHandle@symbol \"Setting the current frame to 85\" handle was cleared after 1ms"}
{"t":"2026-09-26T07:34:49.768Z","type":"debug","text":"JSHandle@symbol JSHandle@symbol \"Setting the current frame to 86\" handle was cleared after 9ms"}
{"t":"2026-09-26T07:34:49.771Z","type":"debug","text":"JSHandle@symbol JSHandle@symbol \"Setting the current frame to 87\" handle was cleared after 1ms"}
{"t":"2026-09-26T07:34:49.821Z","type":"debug","text":"JSHandle@symbol JSHandle@symbol \"Setting the current frame to 88\" handle was cleared after 7ms"}
{"t":"2026-09-26T07:34:49.838Z","type":"debug","text":"JSHandle@symbol JSHandle@symbol \"Setting the current frame to 89\" handle was cleared after 1ms"}
{"t":"2026-09-26T07:34:49.901Z","type":"debug","text":"JSHandle@symbol JSHandle@symbol \"Setting the current frame to 90\" handle was cleared after 8ms"}
{"t":"2026-09-26T07:34:49.904Z","type":"debug","text":"JSHandle@symbol JSHandle@symbol \"Setting the current frame to 91\" handle was cleared after 1ms"}
{"t":"2026-09-26T07:34:49.967Z","type":"debug","text":"JSHandle@symbol JSHandle@symbol \"Setting the current frame to 92\" handle was cleared after 9ms"}
{"t":"2026-09-26T07:34:49.970Z","type":"debug","text":"JSHandle@symbol JSHandle@symbol \"Setting the current frame to 93\" handle was cleared after 1ms"}
{"t":"2026-09-26T07:34:50.020Z","type":"debug","text":"JSHandle@symbol JSHandle@symbol \"Setting the current frame to 94\" handle was cleared after 7ms"}
{"t":"2026-09-26T07:34:50.037Z","type":"debug","text":"JSHandle@symbol JSHandle@symbol \"Setting the current frame to 95\" handle was cleared after 1ms"}
{"t":"2026-09-26T07:34:50.100Z","type":"debug","text":"JSHandle@symbol JSHandle@symbol \"Setting the current frame to 96\" handle was cleared after 10ms"}
{"t":"2026-09-26T07:34:50.104Z","type":"debug","text":"JSHandle@symbol JSHandle@symbol \"Setting the current frame to 97\" handle was cleared after 1ms"}
{"t":"2026-09-26T07:34:50.154Z","type":"debug","text":"JSHandle@symbol JSHandle@symbol \"Setting the current frame to 98\" handle was cleared after 3ms"}
{"t":"2026-09-26T07:34:50.175Z","type":"debug","text":"JSHandle@symbol JSHandle@symbol \"Setting the current frame to 99\" handle was cleared after 1ms"}
{"t":"2026-09-26T07:34:50.221Z","type":"debug","text":"JSHandle@symbol JSHandle@symbol \"Setting the current frame to 100\" handle was cleared after 8ms"}
{"t":"2026-09-26T07:34:50.247Z","type":"debug","text":"JSHandle@symbol JSHandle@symbol \"Setting the current frame to 101\" handle was cleared after 1ms"}
{"t":"2026-09-26T07:34:50.288Z","type":"debug","text":"JSHandle@symbol JSHandle@symbol \"Setting the current frame to 102\" handle was cleared after 6ms"}
{"t":"2026-09-26T07:34:50.314Z","type":"debug","text":"JSHandle@symbol JSHandle@symbol \"Setting the current frame to 103\" handle was cleared after 0ms"}
{"t":"2026-09-26T07:34:50.354Z","type":"debug","text":"JSHandle@symbol JSHandle@symbol \"Setting the current frame to 104\" handle was cleared after 7ms"}
{"t":"2026-09-26T07:34:50.381Z","type":"debug","text":"JSHandle@symbol JSHandle@symbol \"Setting the current frame to 105\" handle was cleared after 0ms"}
{"t":"2026-09-26T07:34:50.421Z","type":"debug","text":"JSHandle@symbol JSHandle@symbol \"Setting the current frame to 106\" handle was cleared after 8ms"}
{"t":"2026-09-26T07:34:50.447Z","type":"debug","text":"JSHandle@symbol JSHandle@symbol \"Setting the current frame to 107\" handle was cleared after 1ms"}
{"t":"2026-09-26T07:34:50.488Z","type":"debug","text":"JSHandle@symbol JSHandle@symbol \"Setting the current frame to 108\" handle was cleared after 8ms"}
{"t":"2026-09-26T07:34:50.514Z","type":"debug","text":"JSHandle@symbol JSHandle@symbol \"Setting the current frame to 109\" handle was cleared after 1ms"}
{"t":"2026-09-26T07:34:50.554Z","type":"debug","text":"JSHandle@symbol JSHandle@symbol \"Setting the current frame to 110\" handle was cleared after 7ms"}
{"t":"2026-09-26T07:34:50.579Z","type":"debug","text":"JSHandle@symbol JSHandle@symbol \"Setting the current frame to 111\" handle was cleared after 1ms"}
{"t":"2026-09-26T07:34:50.623Z","type":"debug","text":"JSHandle@symbol JSHandle@symbol \"Setting the current frame to 112\" handle was cleared after 9ms"}
{"t":"2026-09-26T07:34:50.648Z","type":"debug","text":"JSHandle@symbol JSHandle@symbol \"Setting the current frame to 113\" handle was cleared after 1ms"}
{"t":"2026-09-26T07:34:50.688Z","type":"debug","text":"JSHandle@symbol JSHandle@symbol \"Setting the current frame to 114\" handle was cleared after 8ms"}
{"t":"2026-09-26T07:34:50.715Z","type":"debug","text":"JSHandle@symbol JSHandle@symbol \"Setting the current frame to 115\" handle was cleared after 1ms"}
{"t":"2026-09-26T07:34:50.755Z","type":"debug","text":"JSHandle@symbol JSHandle@symbol \"Setting the current frame to 116\" handle was cleared after 5ms"}
{"t":"2026-09-26T07:34:50.780Z","type":"debug","text":"JSHandle@symbol JSHandle@symbol \"Setting the current frame to 117\" handle was cleared after 0ms"}
{"t":"2026-09-26T07:34:50.821Z","type":"debug","text":"JSHandle@symbol JSHandle@symbol \"Setting the current frame to 118\" handle was cleared after 9ms"}
{"t":"2026-09-26T07:34:50.848Z","type":"debug","text":"JSHandle@symbol JSHandle@symbol \"Setting the current frame to 119\" handle was cleared after 1ms"}
{"t":"2026-09-26T07:34:50.887Z","type":"debug","text":"JSHandle@symbol JSHandle@symbol \"Setting the current frame to 120\" handle was cleared after 7ms"}
{"t":"2026-09-26T07:34:50.912Z","type":"debug","text":"JSHandle@symbol JSHandle@symbol \"Setting the current frame to 121\" handle was cleared after 0ms"}
{"t":"2026-09-26T07:34:50.954Z","type":"debug","text":"JSHandle@symbol JSHandle@symbol \"Setting the current frame to 122\" handle was cleared after 9ms"}
{"t":"2026-09-26T07:34:50.981Z","type":"debug","text":"JSHandle@symbol JSHandle@symbol \"Setting the current frame to 123\" handle was cleared after 1ms"}
{"t":"2026-09-26T07:34:51.022Z","type":"debug","text":"JSHandle@symbol JSHandle@symbol \"Setting the current frame to 124\" handle was cleared after 8ms"}
{"t":"2026-09-26T07:34:51.048Z","type":"debug","text":"JSHandle@symbol JSHandle@symbol \"Setting the current frame to 125\" handle was cleared after 1ms"}
{"t":"2026-09-26T07:34:51.088Z","type":"debug","text":"JSHandle@symbol JSHandle@symbol \"Setting the current frame to 126\" handle was cleared after 8ms"}
{"t":"2026-09-26T07:34:51.114Z","type":"debug","text":"JSHandle@symbol JSHandle@symbol \"Setting the current frame to 127\" handle was cleared after 0ms"}
{"t":"2026-09-26T07:34:51.154Z","type":"debug","text":"JSHandle@symbol JSHandle@symbol \"Setting the current frame to 128\" handle was cleared after 6ms"}
{"t":"2026-09-26T07:34:51.181Z","type":"debug","text":"JSHandle@symbol JSHandle@symbol \"Setting the current frame to 129\" handle was cleared after 1ms"}
{"t":"2026-09-26T07:34:51.221Z","type":"debug","text":"JSHandle@symbol JSHandle@symbol \"Setting the current frame to 130\" handle was cleared after 4ms"}
{"t":"2026-09-26T07:34:51.247Z","type":"debug","text":"JSHandle@symbol JSHandle@symbol \"Setting the current frame to 131\" handle was cleared after 1ms"}
{"t":"2026-09-26T07:34:51.287Z","type":"debug","text":"JSHandle@symbol JSHandle@symbol \"Setting the current frame to 132\" handle was cleared after 8ms"}
{"t":"2026-09-26T07:34:51.313Z","type":"debug","text":"JSHandle@symbol JSHandle@symbol \"Setting the current frame to 133\" handle was cleared after 0ms"}
{"t":"2026-09-26T07:34:51.354Z","type":"debug","text":"JSHandle@symbol JSHandle@symbol \"Setting the current frame to 134\" handle was cleared after 7ms"}
{"t":"2026-09-26T07:34:51.381Z","type":"debug","text":"JSHandle@symbol JSHandle@symbol \"Setting the current frame to 135\" handle was cleared after 1ms"}
{"t":"2026-09-26T07:34:51.421Z","type":"debug","text":"JSHandle@symbol JSHandle@symbol \"Setting the current frame to 136\" handle was cleared after 8ms"}
{"t":"2026-09-26T07:34:51.447Z","type":"debug","text":"JSHandle@symbol JSHandle@symbol \"Setting the current frame to 137\" handle was cleared after 1ms"}
{"t":"2026-09-26T07:34:51.480Z","type":"debug","text":"JSHandle@symbol JSHandle@symbol \"Setting the current frame to 138\" handle was cleared after 1ms"}
{"t":"2026-09-26T07:34:51.513Z","type":"debug","text":"JSHandle@symbol JSHandle@symbol \"Setting the current frame to 139\" handle was cleared after 1ms"}
{"t":"2026-09-26T07:34:51.547Z","type":"debug","text":"JSHandle@symbol JSHandle@symbol \"Setting the current frame to 140\" handle was cleared after 1ms"}
{"t":"2026-09-26T07:34:51.579Z","type":"debug","text":"JSHandle@symbol JSHandle@symbol \"Setting the current frame to 141\" handle was cleared after 1ms"}
{"t":"2026-09-26T07:34:51.622Z","type":"debug","text":"JSHandle@symbol JSHandle@symbol \"Setting the current frame to 142\" handle was cleared after 1ms"}
{"t":"2026-09-26T07:34:51.652Z","type":"debug","text":"JSHandle@symbol JSHandle@symbol \"Setting the current frame to 143\" handle was cleared after 1ms"}
{"t":"2026-09-26T07:34:51.688Z","type":"debug","text":"JSHandle@symbol JSHandle@symbol \"Setting the current frame to 144\" handle was cleared after 6ms"}
{"t":"2026-09-26T07:34:51.722Z","type":"debug","text":"JSHandle@symbol JSHandle@symbol \"Setting the current frame to 145\" handle was cleared after 8ms"}
{"t":"2026-09-26T07:34:51.756Z","type":"debug","text":"JSHandle@symbol JSHandle@symbol \"Setting the current frame to 146\" handle was cleared after 7ms"}
{"t":"2026-09-26T07:34:51.788Z","type":"debug","text":"JSHandle@symbol JSHandle@symbol \"Setting the current frame to 147\" handle was cleared after 8ms"}
{"t":"2026-09-26T07:34:51.820Z","type":"debug","text":"JSHandle@symbol JSHandle@symbol \"Setting the current frame to 148\" handle was cleared after 6ms"}
{"t":"2026-09-26T07:34:51.854Z","type":"debug","text":"JSHandle@symbol JSHandle@symbol \"Setting the current frame to 149\" handle was cleared after 8ms"}
{"t":"2026-09-26T07:34:51.888Z","type":"debug","text":"JSHandle@symbol JSHandle@symbol \"Setting the current frame to 150\" handle was cleared after 8ms"}
{"t":"2026-09-26T07:34:51.921Z","type":"debug","text":"JSHandle@symbol JSHandle@symbol \"Setting the current frame to 151\" handle was cleared after 7ms"}
{"t":"2026-09-26T07:34:51.954Z","type":"debug","text":"JSHandle@symbol JSHandle@symbol \"Setting the current frame to 152\" handle was cleared after 8ms"}
{"t":"2026-09-26T07:34:51.988Z","type":"debug","text":"JSHandle@symbol JSHandle@symbol \"Setting the current frame to 153\" handle was cleared after 8ms"}
{"t":"2026-09-26T07:34:52.021Z","type":"debug","text":"JSHandle@symbol JSHandle@symbol \"Setting the current frame to 154\" handle was cleared after 7ms"}
{"t":"2026-09-26T07:34:52.054Z","type":"debug","text":"JSHandle@symbol JSHandle@symbol \"Setting the current frame to 155\" handle was cleared after 7ms"}
{"t":"2026-09-26T07:34:52.087Z","type":"debug","text":"JSHandle@symbol JSHandle@symbol \"Setting the current frame to 156\" handle was cleared after 6ms"}
{"t":"2026-09-26T07:34:52.120Z","type":"debug","text":"JSHandle@symbol JSHandle@symbol \"Setting the current frame to 157\" handle was cleared after 7ms"}
{"t":"2026-09-26T07:34:52.154Z","type":"debug","text":"JSHandle@symbol JSHandle@symbol \"Setting the current frame to 158\" handle was cleared after 7ms"}
{"t":"2026-09-26T07:34:52.187Z","type":"debug","text":"JSHandle@symbol JSHandle@symbol \"Setting the current frame to 159\" handle was cleared after 1ms"}
{"t":"2026-09-26T07:34:52.222Z","type":"debug","text":"JSHandle@symbol JSHandle@symbol \"Setting the current frame to 160\" handle was cleared after 1ms"}
{"t":"2026-09-26T07:34:52.256Z","type":"debug","text":"JSHandle@symbol JSHandle@symbol \"Setting the current frame to 161\" handle was cleared after 2ms"}
{"t":"2026-09-26T07:34:52.289Z","type":"debug","text":"JSHandle@symbol JSHandle@symbol \"Setting the current frame to 162\" handle was cleared after 1ms"}
{"t":"2026-09-26T07:34:52.320Z","type":"debug","text":"JSHandle@symbol JSHandle@symbol \"Setting the current frame to 163\" handle was cleared after 1ms"}
{"t":"2026-09-26T07:34:52.355Z","type":"debug","text":"JSHandle@symbol JSHandle@symbol \"Setting the current frame to 164\" handle was cleared after 4ms"}
{"t":"2026-09-26T07:34:52.388Z","type":"debug","text":"JSHandle@symbol JSHandle@symbol \"Setting the current frame to 165\" handle was cleared after 7ms"}
{"t":"2026-09-26T07:34:52.421Z","type":"debug","text":"JSHandle@symbol JSHandle@symbol \"Setting the current frame to 166\" handle was cleared after 6ms"}
{"t":"2026-09-26T07:34:52.454Z","type":"debug","text":"JSHandle@symbol JSHandle@symbol \"Setting the current frame to 167\" handle was cleared after 8ms"}
{"t":"2026-09-26T07:34:52.487Z","type":"debug","text":"JSHandle@symbol JSHandle@symbol \"Setting the current frame to 168\" handle was cleared after 7ms"}
{"t":"2026-09-26T07:34:52.520Z","type":"debug","text":"JSHandle@symbol JSHandle@symbol \"Setting the current frame to 169\" handle was cleared after 7ms"}
{"t":"2026-09-26T07:34:52.554Z","type":"debug","text":"JSHandle@symbol JSHandle@symbol \"Setting the current frame to 170\" handle was cleared after 6ms"}
{"t":"2026-09-26T07:34:52.588Z","type":"debug","text":"JSHandle@symbol JSHandle@symbol \"Setting the current frame to 171\" handle was cleared after 9ms"}
{"t":"2026-09-26T07:34:52.621Z","type":"debug","text":"JSHandle@symbol JSHandle@symbol \"Setting the current frame to 172\" handle was cleared after 6ms"}
{"t":"2026-09-26T07:34:52.654Z","type":"debug","text":"JSHandle@symbol JSHandle@symbol \"Setting the current frame to 173\" handle was cleared after 8ms"}
{"t":"2026-09-26T07:34:52.687Z","type":"debug","text":"JSHandle@symbol JSHandle@symbol \"Setting the current frame to 174\" handle was cleared after 7ms"}
{"t":"2026-09-26T07:34:52.720Z","type":"debug","text":"JSHandle@symbol JSHandle@symbol \"Setting the current frame to 175\" handle was cleared after 2ms"}
{"t":"2026-09-26T07:34:52.754Z","type":"debug","text":"JSHandle@symbol JSHandle@symbol \"Setting the current frame to 176\" handle was cleared after 8ms"}
{"t":"2026-09-26T07:34:52.789Z","type":"debug","text":"JSHandle@symbol JSHandle@symbol \"Setting the current frame to 177\" handle was cleared after 9ms"}
{"t":"2026-09-26T07:34:52.821Z","type":"debug","text":"JSHandle@symbol JSHandle@symbol \"Setting the current frame to 178\" handle was cleared after 7ms"}
{"t":"2026-09-26T07:34:52.854Z","type":"debug","text":"JSHandle@symbol JSHandle@symbol \"Setting the current frame to 179\" handle was cleared after 7ms"}
{"t":"2026-09-26T07:34:52.887Z","type":"debug","text":"JSHandle@symbol JSHandle@symbol \"Setting the current frame to 180\" handle was cleared after 7ms"}
{"t":"2026-09-26T07:34:52.921Z","type":"debug","text":"JSHandle@symbol JSHandle@symbol \"Setting the current frame to 181\" handle was cleared after 9ms"}
{"t":"2026-09-26T07:34:52.955Z","type":"debug","text":"JSHandle@symbol JSHandle@symbol \"Setting the current frame to 182\" handle was cleared after 8ms"}
{"t":"2026-09-26T07:34:52.987Z","type":"debug","text":"JSHandle@symbol JSHandle@symbol \"Setting the current frame to 183\" handle was cleared after 8ms"}
{"t":"2026-09-26T07:34:53.022Z","type":"debug","text":"JSHandle@symbol JSHandle@symbol \"Setting the current frame to 184\" handle was cleared after 8ms"}
{"t":"2026-09-26T07:34:53.055Z","type":"debug","text":"JSHandle@symbol JSHandle@symbol \"Setting the current frame to 185\" handle was cleared after 8ms"}
{"t":"2026-09-26T07:34:53.088Z","type":"debug","text":"JSHandle@symbol JSHandle@symbol \"Setting the current frame to 186\" handle was cleared after 6ms"}
{"t":"2026-09-26T07:34:53.121Z","type":"debug","text":"JSHandle@symbol JSHandle@symbol \"Setting the current frame to 187\" handle was cleared after 6ms"}
{"t":"2026-09-26T07:34:53.154Z","type":"debug","text":"JSHandle@symbol JSHandle@symbol \"Setting the current frame to 188\" handle was cleared after 7ms"}
{"t":"2026-09-26T07:34:53.188Z","type":"debug","text":"JSHandle@symbol JSHandle@symbol \"Setting the current frame to 189\" handle was cleared after 7ms"}
{"t":"2026-09-26T07:34:53.221Z","type":"debug","text":"JSHandle@symbol JSHandle@symbol \"Setting the current frame to 190\" handle was cleared after 7ms"}
{"t":"2026-09-26T07:34:53.255Z","type":"debug","text":"JSHandle@symbol JSHandle@symbol \"Setting the current frame to 191\" handle was cleared after 7ms"}
{"t":"2026-09-26T07:34:53.288Z","type":"debug","text":"JSHandle@symbol JSHandle@symbol \"Setting the current frame to 192\" handle was cleared after 8ms"}
{"t":"2026-09-26T07:34:53.320Z","type":"debug","text":"JSHandle@symbol JSHandle@symbol \"Setting the current frame to 193\" handle was cleared after 6ms"}
{"t":"2026-09-26T07:34:53.354Z","type":"debug","text":"JSHandle@symbol JSHandle@symbol \"Setting the current frame to 194\" handle was cleared after 7ms"}
{"t":"2026-09-26T07:34:53.387Z","type":"debug","text":"JSHandle@symbol JSHandle@symbol \"Setting the current frame to 195\" handle was cleared after 6ms"}
{"t":"2026-09-26T07:34:53.421Z","type":"debug","text":"JSHandle@symbol JSHandle@symbol \"Setting the current frame to 196\" handle was cleared after 6ms"}
{"t":"2026-09-26T07:34:53.453Z","type":"debug","text":"JSHandle@symbol JSHandle@symbol \"Setting the current frame to 197\" handle was cleared after 1ms"}
{"t":"2026-09-26T07:34:53.488Z","type":"debug","text":"JSHandle@symbol JSHandle@symbol \"Setting the current frame to 198\" handle was cleared after 8ms"}
{"t":"2026-09-26T07:34:53.520Z","type":"debug","text":"JSHandle@symbol JSHandle@symbol \"Setting the current frame to 199\" handle was cleared after 6ms"}
{"t":"2026-09-26T07:34:53.555Z","type":"debug","text":"JSHandle@symbol JSHandle@symbol \"Setting the current frame to 200\" handle was cleared after 1ms"}
{"t":"2026-09-26T07:34:53.587Z","type":"debug","text":"JSHandle@symbol JSHandle@symbol \"Setting the current frame to 201\" handle was cleared after 5ms"}
{"t":"2026-09-26T07:34:53.620Z","type":"debug","text":"JSHandle@symbol JSHandle@symbol \"Setting the current frame to 202\" handle was cleared after 6ms"}
{"t":"2026-09-26T07:34:53.655Z","type":"debug","text":"JSHandle@symbol JSHandle@symbol \"Setting the current frame to 203\" handle was cleared after 7ms"}
{"t":"2026-09-26T07:34:53.688Z","type":"debug","text":"JSHandle@symbol JSHandle@symbol \"Setting the current frame to 204\" handle was cleared after 7ms"}
{"t":"2026-09-26T07:34:53.722Z","type":"debug","text":"JSHandle@symbol JSHandle@symbol \"Setting the current frame to 205\" handle was cleared after 6ms"}
{"t":"2026-09-26T07:34:53.755Z","type":"debug","text":"JSHandle@symbol JSHandle@symbol \"Setting the current frame to 206\" handle was cleared after 6ms"}
{"t":"2026-09-26T07:34:53.788Z","type":"debug","text":"JSHandle@symbol JSHandle@symbol \"Setting the current frame to 207\" handle was cleared after 10ms"}
{"t":"2026-09-26T07:34:53.821Z","type":"debug","text":"JSHandle@symbol JSHandle@symbol \"Setting the current frame to 208\" handle was cleared after 8ms"}
{"t":"2026-09-26T07:34:53.854Z","type":"debug","text":"JSHandle@symbol JSHandle@symbol \"Setting the current frame to 209\" handle was cleared after 8ms"}
{"t":"2026-09-26T07:34:53.888Z","type":"debug","text":"JSHandle@symbol JSHandle@symbol \"Setting the current frame to 210\" handle was cleared after 9ms"}
{"t":"2026-09-26T07:34:53.920Z","type":"debug","text":"JSHandle@symbol JSHandle@symbol \"Setting the current frame to 211\" handle was cleared after 7ms"}
{"t":"2026-09-26T07:34:53.954Z","type":"debug","text":"JSHandle@symbol JSHandle@symbol \"Setting the current frame to 212\" handle was cleared after 9ms"}
{"t":"2026-09-26T07:34:53.987Z","type":"debug","text":"JSHandle@symbol JSHandle@symbol \"Setting the current frame to 213\" handle was cleared after 7ms"}
{"t":"2026-09-26T07:34:54.022Z","type":"debug","text":"JSHandle@symbol JSHandle@symbol \"Setting the current frame to 214\" handle was cleared after 9ms"}
{"t":"2026-09-26T07:34:54.054Z","type":"debug","text":"JSHandle@symbol JSHandle@symbol \"Setting the current frame to 215\" handle was cleared after 8ms"}
{"t":"2026-09-26T07:34:54.088Z","type":"debug","text":"JSHandle@symbol JSHandle@symbol \"Setting the current frame to 216\" handle was cleared after 8ms"}
{"t":"2026-09-26T07:34:54.121Z","type":"debug","text":"JSHandle@symbol JSHandle@symbol \"Setting the current frame to 217\" handle was cleared after 8ms"}
{"t":"2026-09-26T07:34:54.154Z","type":"debug","text":"JSHandle@symbol JSHandle@symbol \"Setting the current frame to 218\" handle was cleared after 9ms"}
{"t":"2026-09-26T07:34:54.187Z","type":"debug","text":"JSHandle@symbol JSHandle@symbol \"Setting the current frame to 219\" handle was cleared after 6ms"}
{"t":"2026-09-26T07:34:54.221Z","type":"debug","text":"JSHandle@symbol JSHandle@symbol \"Setting the current frame to 220\" handle was cleared after 8ms"}
{"t":"2026-09-26T07:34:54.254Z","type":"debug","text":"JSHandle@symbol JSHandle@symbol \"Setting the current frame to 221\" handle was cleared after 6ms"}
{"t":"2026-09-26T07:34:54.287Z","type":"debug","text":"JSHandle@symbol JSHandle@symbol \"Setting the current frame to 222\" handle was cleared after 8ms"}
{"t":"2026-09-26T07:34:54.321Z","type":"debug","text":"JSHandle@symbol JSHandle@symbol \"Setting the current frame to 223\" handle was cleared after 9ms"}
{"t":"2026-09-26T07:34:54.354Z","type":"debug","text":"JSHandle@symbol JSHandle@symbol \"Setting the current frame to 224\" handle was cleared after 6ms"}
{"t":"2026-09-26T07:34:54.388Z","type":"debug","text":"JSHandle@symbol JSHandle@symbol \"Setting the current frame to 225\" handle was cleared after 9ms"}
{"t":"2026-09-26T07:34:54.421Z","type":"debug","text":"JSHandle@symbol JSHandle@symbol \"Setting the current frame to 226\" handle was cleared after 7ms"}
{"t":"2026-09-26T07:34:54.454Z","type":"debug","text":"JSHandle@symbol JSHandle@symbol \"Setting the current frame to 227\" handle was cleared after 7ms"}
{"t":"2026-09-26T07:34:54.487Z","type":"debug","text":"JSHandle@symbol JSHandle@symbol \"Setting the current frame to 228\" handle was cleared after 8ms"}
{"t":"2026-09-26T07:34:54.520Z","type":"debug","text":"JSHandle@symbol JSHandle@symbol \"Setting the current frame to 229\" handle was cleared after 7ms"}
{"t":"2026-09-26T07:34:54.554Z","type":"debug","text":"JSHandle@symbol JSHandle@symbol \"Setting the current frame to 230\" handle was cleared after 7ms"}
{"t":"2026-09-26T07:34:54.587Z","type":"debug","text":"JSHandle@symbol JSHandle@symbol \"Setting the current frame to 231\" handle was cleared after 8ms"}
{"t":"2026-09-26T07:34:54.621Z","type":"debug","text":"JSHandle@symbol JSHandle@symbol \"Setting the current frame to 232\" handle was cleared after 7ms"}
{"t":"2026-09-26T07:34:54.654Z","type":"debug","text":"JSHandle@symbol JSHandle@symbol \"Setting the current frame to 233\" handle was cleared after 7ms"}
{"t":"2026-09-26T07:34:54.688Z","type":"debug","text":"JSHandle@symbol JSHandle@symbol \"Setting the current frame to 234\" handle was cleared after 8ms"}
{"t":"2026-09-26T07:34:54.721Z","type":"debug","text":"JSHandle@symbol JSHandle@symbol \"Setting the current frame to 235\" handle was cleared after 6ms"}
{"t":"2026-09-26T07:34:54.754Z","type":"debug","text":"JSHandle@symbol JSHandle@symbol \"Setting the current frame to 236\" handle was cleared after 9ms"}
{"t":"2026-09-26T07:34:54.787Z","type":"debug","text":"JSHandle@symbol JSHandle@symbol \"Setting the current frame to 237\" handle was cleared after 7ms"}
{"t":"2026-09-26T07:34:54.820Z","type":"debug","text":"JSHandle@symbol JSHandle@symbol \"Setting the current frame to 238\" handle was cleared after 8ms"}
{"t":"2026-09-26T07:34:54.854Z","type":"debug","text":"JSHandle@symbol JSHandle@symbol \"Setting the current frame to 239\" handle was cleared after 8ms"}
{"t":"2026-09-26T07:34:54.887Z","type":"debug","text":"JSHandle@symbol JSHandle@symbol \"Setting the current frame to 240\" handle was cleared after 8ms"}
{"t":"2026-09-26T07:34:54.921Z","type":"debug","text":"JSHandle@symbol JSHandle@symbol \"Setting the current frame to 241\" handle was cleared after 9ms"}
{"t":"2026-09-26T07:34:54.954Z","type":"debug","text":"JSHandle@symbol JSHandle@symbol \"Setting the current frame to 242\" handle was cleared after 8ms"}
{"t":"2026-09-26T07:34:54.988Z","type":"debug","text":"JSHandle@symbol JSHandle@symbol \"Setting the current frame to 243\" handle was cleared after 9ms"}
{"t":"2026-09-26T07:34:55.021Z","type":"debug","text":"JSHandle@symbol JSHandle@symbol \"Setting the current frame to 244\" handle was cleared after 8ms"}
{"t":"2026-09-26T07:34:55.055Z","type":"debug","text":"JSHandle@symbol JSHandle@symbol \"Setting the current frame to 245\" handle was cleared after 8ms"}
{"t":"2026-09-26T07:34:55.088Z","type":"debug","text":"JSHandle@symbol JSHandle@symbol \"Setting the current frame to 246\" handle was cleared after 8ms"}
{"t":"2026-09-26T07:34:55.121Z","type":"debug","text":"JSHandle@symbol JSHandle@symbol \"Setting the current frame to 247\" handle was cleared after 7ms"}
{"t":"2026-09-26T07:34:55.154Z","type":"debug","text":"JSHandle@symbol JSHandle@symbol \"Setting the current frame to 248\" handle was cleared after 9ms"}
{"t":"2026-09-26T07:34:55.187Z","type":"debug","text":"JSHandle@symbol JSHandle@symbol \"Setting the current frame to 249\" handle was cleared after 7ms"}
{"t":"2026-09-26T07:34:55.222Z","type":"debug","text":"JSHandle@symbol JSHandle@symbol \"Setting the current frame to 250\" handle was cleared after 10ms"}
{"t":"2026-09-26T07:34:55.255Z","type":"debug","text":"JSHandle@symbol JSHandle@symbol \"Setting the current frame to 251\" handle was cleared after 8ms"}
{"t":"2026-09-26T07:34:55.287Z","type":"debug","text":"JSHandle@symbol JSHandle@symbol \"Setting the current frame to 252\" handle was cleared after 2ms"}
{"t":"2026-09-26T07:34:55.321Z","type":"debug","text":"JSHandle@symbol JSHandle@symbol \"Setting the current frame to 253\" handle was cleared after 5ms"}
{"t":"2026-09-26T07:34:55.354Z","type":"debug","text":"JSHandle@symbol JSHandle@symbol \"Setting the current frame to 254\" handle was cleared after 8ms"}
{"t":"2026-09-26T07:34:55.387Z","type":"debug","text":"JSHandle@symbol JSHandle@symbol \"Setting the current frame to 255\" handle was cleared after 7ms"}
{"t":"2026-09-26T07:34:55.422Z","type":"debug","text":"JSHandle@symbol JSHandle@symbol \"Setting the current frame to 256\" handle was cleared after 9ms"}
{"t":"2026-09-26T07:34:55.455Z","type":"debug","text":"JSHandle@symbol JSHandle@symbol \"Setting the current frame to 257\" handle was cleared after 8ms"}
{"t":"2026-09-26T07:34:55.487Z","type":"debug","text":"JSHandle@symbol JSHandle@symbol \"Setting the current frame to 258\" handle was cleared after 7ms"}
{"t":"2026-09-26T07:34:55.521Z","type":"debug","text":"JSHandle@symbol JSHandle@symbol \"Setting the current frame to 259\" handle was cleared after 8ms"}
{"t":"2026-09-26T07:34:55.554Z","type":"debug","text":"JSHandle@symbol JSHandle@symbol \"Setting the current frame to 260\" handle was cleared after 5ms"}
{"t":"2026-09-26T07:34:55.588Z","type":"debug","text":"JSHandle@symbol JSHandle@symbol \"Setting the current frame to 261\" handle was cleared after 10ms"}
{"t":"2026-09-26T07:34:55.620Z","type":"debug","text":"JSHandle@symbol JSHandle@symbol \"Setting the current frame to 262\" handle was cleared after 7ms"}
{"t":"2026-09-26T07:34:55.654Z","type":"debug","text":"JSHandle@symbol JSHandle@symbol \"Setting the current frame to 263\" handle was cleared after 7ms"}
{"t":"2026-09-26T07:34:55.688Z","type":"debug","text":"JSHandle@symbol JSHandle@symbol \"Setting the current frame to 264\" handle was cleared after 9ms"}
{"t":"2026-09-26T07:34:55.720Z","type":"debug","text":"JSHandle@symbol JSHandle@symbol \"Setting the current frame to 265\" handle was cleared after 5ms"}
{"t":"2026-09-26T07:34:55.755Z","type":"debug","text":"JSHandle@symbol JSHandle@symbol \"Setting the current frame to 266\" handle was cleared after 10ms"}
{"t":"2026-09-26T07:34:55.788Z","type":"debug","text":"JSHandle@symbol JSHandle@symbol \"Setting the current frame to 267\" handle was cleared after 8ms"}
{"t":"2026-09-26T07:34:55.821Z","type":"debug","text":"JSHandle@symbol JSHandle@symbol \"Setting the current frame to 268\" handle was cleared after 8ms"}
{"t":"2026-09-26T07:34:55.854Z","type":"debug","text":"JSHandle@symbol JSHandle@symbol \"Setting the current frame to 269\" handle was cleared after 8ms"}
{"t":"2026-09-26T07:34:55.887Z","type":"debug","text":"JSHandle@symbol JSHandle@symbol \"Setting the current frame to 270\" handle was cleared after 9ms"}
{"t":"2026-09-26T07:34:55.921Z","type":"debug","text":"JSHandle@symbol JSHandle@symbol \"Setting the current frame to 271\" handle was cleared after 8ms"}
{"t":"2026-09-26T07:34:55.954Z","type":"debug","text":"JSHandle@symbol JSHandle@symbol \"Setting the current frame to 272\" handle was cleared after 8ms"}
{"t":"2026-09-26T07:34:55.988Z","type":"debug","text":"JSHandle@symbol JSHandle@symbol \"Setting the current frame to 273\" handle was cleared after 8ms"}
{"t":"2026-09-26T07:34:56.021Z","type":"debug","text":"JSHandle@symbol JSHandle@symbol \"Setting the current frame to 274\" handle was cleared after 7ms"}
{"t":"2026-09-26T07:34:56.055Z","type":"debug","text":"JSHandle@symbol JSHandle@symbol \"Setting the current frame to 275\" handle was cleared after 8ms"}
{"t":"2026-09-26T07:34:56.088Z","type":"debug","text":"JSHandle@symbol JSHandle@symbol \"Setting the current frame to 276\" handle was cleared after 6ms"}
{"t":"2026-09-26T07:34:56.120Z","type":"debug","text":"JSHandle@symbol JSHandle@symbol \"Setting the current frame to 277\" handle was cleared after 7ms"}
{"t":"2026-09-26T07:34:56.154Z","type":"debug","text":"JSHandle@symbol JSHandle@symbol \"Setting the current frame to 278\" handle was cleared after 8ms"}
{"t":"2026-09-26T07:34:56.188Z","type":"debug","text":"JSHandle@symbol JSHandle@symbol \"Setting the current frame to 279\" handle was cleared after 9ms"}
{"t":"2026-09-26T07:34:56.220Z","type":"debug","text":"JSHandle@symbol JSHandle@symbol \"Setting the current frame to 280\" handle was cleared after 5ms"}
{"t":"2026-09-26T07:34:56.254Z","type":"debug","text":"JSHandle@symbol JSHandle@symbol \"Setting the current frame to 281\" handle was cleared after 7ms"}
{"t":"2026-09-26T07:34:56.288Z","type":"debug","text":"JSHandle@symbol JSHandle@symbol \"Setting the current frame to 282\" handle was cleared after 7ms"}
{"t":"2026-09-26T07:34:56.322Z","type":"debug","text":"JSHandle@symbol JSHandle@symbol \"Setting the current frame to 283\" handle was cleared after 2ms"}
{"t":"2026-09-26T07:34:56.355Z","type":"debug","text":"JSHandle@symbol JSHandle@symbol \"Setting the current frame to 284\" handle was cleared after 6ms"}
{"t":"2026-09-26T07:34:56.387Z","type":"debug","text":"JSHandle@symbol JSHandle@symbol \"Setting the current frame to 285\" handle was cleared after 5ms"}
{"t":"2026-09-26T07:34:56.421Z","type":"debug","text":"JSHandle@symbol JSHandle@symbol \"Setting the current frame to 286\" handle was cleared after 8ms"}
{"t":"2026-09-26T07:34:56.454Z","type":"debug","text":"JSHandle@symbol JSHandle@symbol \"Setting the current frame to 287\" handle was cleared after 8ms"}
{"t":"2026-09-26T07:34:56.488Z","type":"debug","text":"JSHandle@symbol JSHandle@symbol \"Setting the current frame to 288\" handle was cleared after 8ms"}
{"t":"2026-09-26T07:34:56.522Z","type":"debug","text":"JSHandle@symbol JSHandle@symbol \"Setting the current frame to 289\" handle was cleared after 7ms"}
{"t":"2026-09-26T07:34:56.554Z","type":"debug","text":"JSHandle@symbol JSHandle@symbol \"Setting the current frame to 290\" handle was cleared after 7ms"}
{"t":"2026-09-26T07:34:56.587Z","type":"debug","text":"JSHandle@symbol JSHandle@symbol \"Setting the current frame to 291\" handle was cleared after 7ms"}
{"t":"2026-09-26T07:34:56.620Z","type":"debug","text":"JSHandle@symbol JSHandle@symbol \"Setting the current frame to 292\" handle was cleared after 8ms"}
{"t":"2026-09-26T07:34:56.654Z","type":"debug","text":"JSHandle@symbol JSHandle@symbol \"Setting the current frame to 293\" handle was cleared after 6ms"}
{"t":"2026-09-26T07:34:56.688Z","type":"debug","text":"JSHandle@symbol JSHandle@symbol \"Setting the current frame to 294\" handle was cleared after 8ms"}
{"t":"2026-09-26T07:34:56.721Z","type":"debug","text":"JSHandle@symbol JSHandle@symbol \"Setting the current frame to 295\" handle was cleared after 7ms"}
{"t":"2026-09-26T07:34:56.754Z","type":"debug","text":"JSHandle@symbol JSHandle@symbol \"Setting the current frame to 296\" handle was cleared after 5ms"}
{"t":"2026-09-26T07:34:56.787Z","type":"debug","text":"JSHandle@symbol JSHandle@symbol \"Setting the current frame to 297\" handle was cleared after 7ms"}
{"t":"2026-09-26T07:34:56.822Z","type":"debug","text":"JSHandle@symbol JSHandle@symbol \"Setting the current frame to 298\" handle was cleared after 10ms"}
{"t":"2026-09-26T07:34:56.855Z","type":"debug","text":"JSHandle@symbol JSHandle@symbol \"Setting the current frame to 299\" handle was cleared after 8ms"}
{"t":"2026-09-26T07:34:56.888Z","type":"debug","text":"JSHandle@symbol JSHandle@symbol \"Setting the current frame to 300\" handle was cleared after 7ms"}
{"t":"2026-09-26T07:34:56.921Z","type":"debug","text":"JSHandle@symbol JSHandle@symbol \"Setting the current frame to 301\" handle was cleared after 7ms"}
{"t":"2026-09-26T07:34:56.954Z","type":"debug","text":"JSHandle@symbol JSHandle@symbol \"Setting the current frame to 302\" handle was cleared after 8ms"}
{"t":"2026-09-26T07:34:56.987Z","type":"debug","text":"JSHandle@symbol JSHandle@symbol \"Setting the current frame to 303\" handle was cleared after 7ms"}
{"t":"2026-09-26T07:34:57.020Z","type":"debug","text":"JSHandle@symbol JSHandle@symbol \"Setting the current frame to 304\" handle was cleared after 7ms"}
{"t":"2026-09-26T07:34:57.054Z","type":"debug","text":"JSHandle@symbol JSHandle@symbol \"Setting the current frame to 305\" handle was cleared after 8ms"}
{"t":"2026-09-26T07:34:57.088Z","type":"debug","text":"JSHandle@symbol JSHandle@symbol \"Setting the current frame to 306\" handle was cleared after 8ms"}
{"t":"2026-09-26T07:34:57.120Z","type":"debug","text":"JSHandle@symbol JSHandle@symbol \"Setting the current frame to 307\" handle was cleared after 7ms"}
{"t":"2026-09-26T07:34:57.154Z","type":"debug","text":"JSHandle@symbol JSHandle@symbol \"Setting the current frame to 308\" handle was cleared after 8ms"}
{"t":"2026-09-26T07:34:57.187Z","type":"debug","text":"JSHandle@symbol JSHandle@symbol \"Setting the current frame to 309\" handle was cleared after 7ms"}
{"t":"2026-09-26T07:34:57.220Z","type":"debug","text":"JSHandle@symbol JSHandle@symbol \"Setting the current frame to 310\" handle was cleared after 7ms"}
{"t":"2026-09-26T07:34:57.254Z","type":"debug","text":"JSHandle@symbol JSHandle@symbol \"Setting the current frame to 311\" handle was cleared after 9ms"}
{"t":"2026-09-26T07:34:57.287Z","type":"debug","text":"JSHandle@symbol JSHandle@symbol \"Setting the current frame to 312\" handle was cleared after 7ms"}
{"t":"2026-09-26T07:34:57.320Z","type":"debug","text":"JSHandle@symbol JSHandle@symbol \"Setting the current frame to 313\" handle was cleared after 8ms"}
{"t":"2026-09-26T07:34:57.354Z","type":"debug","text":"JSHandle@symbol JSHandle@symbol \"Setting the current frame to 314\" handle was cleared after 6ms"}
{"t":"2026-09-26T07:34:57.388Z","type":"debug","text":"JSHandle@symbol JSHandle@symbol \"Setting the current frame to 315\" handle was cleared after 9ms"}
{"t":"2026-09-26T07:34:57.421Z","type":"debug","text":"JSHandle@symbol JSHandle@symbol \"Setting the current frame to 316\" handle was cleared after 5ms"}
{"t":"2026-09-26T07:34:57.454Z","type":"debug","text":"JSHandle@symbol JSHandle@symbol \"Setting the current frame to 317\" handle was cleared after 7ms"}
{"t":"2026-09-26T07:34:57.487Z","type":"debug","text":"JSHandle@symbol JSHandle@symbol \"Setting the current frame to 318\" handle was cleared after 8ms"}
{"t":"2026-09-26T07:34:57.521Z","type":"debug","text":"JSHandle@symbol JSHandle@symbol \"Setting the current frame to 319\" handle was cleared after 8ms"}
{"t":"2026-09-26T07:34:57.554Z","type":"debug","text":"JSHandle@symbol JSHandle@symbol \"Setting the current frame to 320\" handle was cleared after 5ms"}
{"t":"2026-09-26T07:34:57.588Z","type":"debug","text":"JSHandle@symbol JSHandle@symbol \"Setting the current frame to 321\" handle was cleared after 9ms"}
{"t":"2026-09-26T07:34:57.621Z","type":"debug","text":"JSHandle@symbol JSHandle@symbol \"Setting the current frame to 322\" handle was cleared after 8ms"}
{"t":"2026-09-26T07:34:57.654Z","type":"debug","text":"JSHandle@symbol JSHandle@symbol \"Setting the current frame to 323\" handle was cleared after 8ms"}
{"t":"2026-09-26T07:34:57.688Z","type":"debug","text":"JSHandle@symbol JSHandle@symbol \"Setting the current frame to 324\" handle was cleared after 9ms"}
{"t":"2026-09-26T07:34:57.720Z","type":"debug","text":"JSHandle@symbol JSHandle@symbol \"Setting the current frame to 325\" handle was cleared after 7ms"}
{"t":"2026-09-26T07:34:57.754Z","type":"debug","text":"JSHandle@symbol JSHandle@symbol \"Setting the current frame to 326\" handle was cleared after 8ms"}
{"t":"2026-09-26T07:34:57.788Z","type":"debug","text":"JSHandle@symbol JSHandle@symbol \"Setting the current frame to 327\" handle was cleared after 9ms"}
{"t":"2026-09-26T07:34:57.820Z","type":"debug","text":"JSHandle@symbol JSHandle@symbol \"Setting the current frame to 328\" handle was cleared after 7ms"}
{"t":"2026-09-26T07:34:57.854Z","type":"debug","text":"JSHandle@symbol JSHandle@symbol \"Setting the current frame to 329\" handle was cleared after 3ms"}
{"t":"2026-09-26T07:34:57.887Z","type":"debug","text":"JSHandle@symbol JSHandle@symbol \"Setting the current frame to 330\" handle was cleared after 6ms"}
{"t":"2026-09-26T07:34:57.920Z","type":"debug","text":"JSHandle@symbol JSHandle@symbol \"Setting the current frame to 331\" handle was cleared after 8ms"}
{"t":"2026-09-26T07:34:57.954Z","type":"debug","text":"JSHandle@symbol JSHandle@symbol \"Setting the current frame to 332\" handle was cleared after 9ms"}
{"t":"2026-09-26T07:34:57.987Z","type":"debug","text":"JSHandle@symbol JSHandle@symbol \"Setting the current frame to 333\" handle was cleared after 7ms"}
{"t":"2026-09-26T07:34:58.020Z","type":"debug","text":"JSHandle@symbol JSHandle@symbol \"Setting the current frame to 334\" handle was cleared after 7ms"}
{"t":"2026-09-26T07:34:58.053Z","type":"debug","text":"JSHandle@symbol JSHandle@symbol \"Setting the current frame to 335\" handle was cleared after 7ms"}
{"t":"2026-09-26T07:34:58.087Z","type":"debug","text":"JSHandle@symbol JSHandle@symbol \"Setting the current frame to 336\" handle was cleared after 7ms"}
{"t":"2026-09-26T07:34:58.120Z","type":"debug","text":"JSHandle@symbol JSHandle@symbol \"Setting the current frame to 337\" handle was cleared after 8ms"}
{"t":"2026-09-26T07:34:58.153Z","type":"debug","text":"JSHandle@symbol JSHandle@symbol \"Setting the current frame to 338\" handle was cleared after 8ms"}
{"t":"2026-09-26T07:34:58.188Z","type":"debug","text":"JSHandle@symbol JSHandle@symbol \"Setting the current frame to 339\" handle was cleared after 9ms"}
{"t":"2026-09-26T07:34:58.221Z","type":"debug","text":"JSHandle@symbol JSHandle@symbol \"Setting the current frame to 340\" handle was cleared after 7ms"}
{"t":"2026-09-26T07:34:58.255Z","type":"debug","text":"JSHandle@symbol JSHandle@symbol \"Setting the current frame to 341\" handle was cleared after 9ms"}
{"t":"2026-09-26T07:34:58.287Z","type":"debug","text":"JSHandle@symbol JSHandle@symbol \"Setting the current frame to 342\" handle was cleared after 7ms"}
{"t":"2026-09-26T07:34:58.320Z","type":"debug","text":"JSHandle@symbol JSHandle@symbol \"Setting the current frame to 343\" handle was cleared after 7ms"}
{"t":"2026-09-26T07:34:58.354Z","type":"debug","text":"JSHandle@symbol JSHandle@symbol \"Setting the current frame to 344\" handle was cleared after 9ms"}
{"t":"2026-09-26T07:34:58.387Z","type":"debug","text":"JSHandle@symbol JSHandle@symbol \"Setting the current frame to 345\" handle was cleared after 8ms"}
{"t":"2026-09-26T07:34:58.421Z","type":"debug","text":"JSHandle@symbol JSHandle@symbol \"Setting the current frame to 346\" handle was cleared after 9ms"}
{"t":"2026-09-26T07:34:58.454Z","type":"debug","text":"JSHandle@symbol JSHandle@symbol \"Setting the current frame to 347\" handle was cleared after 7ms"}
{"t":"2026-09-26T07:34:58.487Z","type":"debug","text":"JSHandle@symbol JSHandle@symbol \"Setting the current frame to 348\" handle was cleared after 8ms"}
{"t":"2026-09-26T07:34:58.520Z","type":"debug","text":"JSHandle@symbol JSHandle@symbol \"Setting the current frame to 349\" handle was cleared after 7ms"}
{"t":"2026-09-26T07:34:58.554Z","type":"debug","text":"JSHandle@symbol JSHandle@symbol \"Setting the current frame to 350\" handle was cleared after 7ms"}
{"t":"2026-09-26T07:34:58.588Z","type":"debug","text":"JSHandle@symbol JSHandle@symbol \"Setting the current frame to 351\" handle was cleared after 9ms"}
{"t":"2026-09-26T07:34:58.621Z","type":"debug","text":"JSHandle@symbol JSHandle@symbol \"Setting the current frame to 352\" handle was cleared after 8ms"}
{"t":"2026-09-26T07:34:58.654Z","type":"debug","text":"JSHandle@symbol JSHandle@symbol \"Setting the current frame to 353\" handle was cleared after 6ms"}
{"t":"2026-09-26T07:34:58.687Z","type":"debug","text":"JSHandle@symbol JSHandle@symbol \"Setting the current frame to 354\" handle was cleared after 8ms"}
{"t":"2026-09-26T07:34:58.721Z","type":"debug","text":"JSHandle@symbol JSHandle@symbol \"Setting the current frame to 355\" handle was cleared after 8ms"}
{"t":"2026-09-26T07:34:58.754Z","type":"debug","text":"JSHandle@symbol JSHandle@symbol \"Setting the current frame to 356\" handle was cleared after 6ms"}
{"t":"2026-09-26T07:34:58.787Z","type":"debug","text":"JSHandle@symbol JSHandle@symbol \"Setting the current frame to 357\" handle was cleared after 7ms"}
{"t":"2026-09-26T07:34:58.820Z","type":"debug","text":"JSHandle@symbol JSHandle@symbol \"Setting the current frame to 358\" handle was cleared after 8ms"}
{"t":"2026-09-26T07:34:58.854Z","type":"debug","text":"JSHandle@symbol JSHandle@symbol \"Setting the current frame to 359\" handle was cleared after 8ms"}
{"t":"2026-09-26T07:34:58.887Z","type":"debug","text":"JSHandle@symbol JSHandle@symbol \"Setting the current frame to 360\" handle was cleared after 7ms"}
{"t":"2026-09-26T07:34:58.922Z","type":"debug","text":"JSHandle@symbol JSHandle@symbol \"Setting the current frame to 361\" handle was cleared after 10ms"}
{"t":"2026-09-26T07:34:58.953Z","type":"debug","text":"JSHandle@symbol JSHandle@symbol \"Setting the current frame to 362\" handle was cleared after 6ms"}
{"t":"2026-09-26T07:34:58.987Z","type":"debug","text":"JSHandle@symbol JSHandle@symbol \"Setting the current frame to 363\" handle was cleared after 8ms"}
{"t":"2026-09-26T07:34:59.020Z","type":"debug","text":"JSHandle@symbol JSHandle@symbol \"Setting the current frame to 364\" handle was cleared after 7ms"}
{"t":"2026-09-26T07:34:59.054Z","type":"debug","text":"JSHandle@symbol JSHandle@symbol \"Setting the current frame to 365\" handle was cleared after 8ms"}
{"t":"2026-09-26T07:34:59.088Z","type":"debug","text":"JSHandle@symbol JSHandle@symbol \"Setting the current frame to 366\" handle was cleared after 8ms"}
{"t":"2026-09-26T07:34:59.121Z","type":"debug","text":"JSHandle@symbol JSHandle@symbol \"Setting the current frame to 367\" handle was cleared after 6ms"}
{"t":"2026-09-26T07:34:59.154Z","type":"debug","text":"JSHandle@symbol JSHandle@symbol \"Setting the current frame to 368\" handle was cleared after 7ms"}
{"t":"2026-09-26T07:34:59.188Z","type":"debug","text":"JSHandle@symbol JSHandle@symbol \"Setting the current frame to 369\" handle was cleared after 9ms"}
{"t":"2026-09-26T07:34:59.221Z","type":"debug","text":"JSHandle@symbol JSHandle@symbol \"Setting the current frame to 370\" handle was cleared after 7ms"}
{"t":"2026-09-26T07:34:59.254Z","type":"debug","text":"JSHandle@symbol JSHandle@symbol \"Setting the current frame to 371\" handle was cleared after 9ms"}
{"t":"2026-09-26T07:34:59.288Z","type":"debug","text":"JSHandle@symbol JSHandle@symbol \"Setting the current frame to 372\" handle was cleared after 9ms"}
{"t":"2026-09-26T07:34:59.321Z","type":"debug","text":"JSHandle@symbol JSHandle@symbol \"Setting the current frame to 373\" handle was cleared after 8ms"}
{"t":"2026-09-26T07:34:59.354Z","type":"debug","text":"JSHandle@symbol JSHandle@symbol \"Setting the current frame to 374\" handle was cleared after 7ms"}
{"t":"2026-09-26T07:34:59.388Z","type":"debug","text":"JSHandle@symbol JSHandle@symbol \"Setting the current frame to 375\" handle was cleared after 8ms"}
{"t":"2026-09-26T07:34:59.421Z","type":"debug","text":"JSHandle@symbol JSHandle@symbol \"Setting the current frame to 376\" handle was cleared after 7ms"}
{"t":"2026-09-26T07:34:59.454Z","type":"debug","text":"JSHandle@symbol JSHandle@symbol \"Setting the current frame to 377\" handle was cleared after 8ms"}
{"t":"2026-09-26T07:34:59.487Z","type":"debug","text":"JSHandle@symbol JSHandle@symbol \"Setting the current frame to 378\" handle was cleared after 8ms"}
{"t":"2026-09-26T07:34:59.522Z","type":"debug","text":"JSHandle@symbol JSHandle@symbol \"Setting the current frame to 379\" handle was cleared after 1ms"}
{"t":"2026-09-26T07:34:59.554Z","type":"debug","text":"JSHandle@symbol JSHandle@symbol \"Setting the current frame to 380\" handle was cleared after 2ms"}
{"t":"2026-09-26T07:34:59.587Z","type":"debug","text":"JSHandle@symbol JSHandle@symbol \"Setting the current frame to 381\" handle was cleared after 8ms"}
{"t":"2026-09-26T07:34:59.621Z","type":"debug","text":"JSHandle@symbol JSHandle@symbol \"Setting the current frame to 382\" handle was cleared after 8ms"}
{"t":"2026-09-26T07:34:59.654Z","type":"debug","text":"JSHandle@symbol JSHandle@symbol \"Setting the current frame to 383\" handle was cleared after 7ms"}
{"t":"2026-09-26T07:34:59.688Z","type":"debug","text":"JSHandle@symbol JSHandle@symbol \"Setting the current frame to 384\" handle was cleared after 9ms"}
{"t":"2026-09-26T07:34:59.720Z","type":"debug","text":"JSHandle@symbol JSHandle@symbol \"Setting the current frame to 385\" handle was cleared after 6ms"}
{"t":"2026-09-26T07:34:59.754Z","type":"debug","text":"JSHandle@symbol JSHandle@symbol \"Setting the current frame to 386\" handle was cleared after 8ms"}
{"t":"2026-09-26T07:34:59.788Z","type":"debug","text":"JSHandle@symbol JSHandle@symbol \"Setting the current frame to 387\" handle was cleared after 9ms"}
{"t":"2026-09-26T07:34:59.822Z","type":"debug","text":"JSHandle@symbol JSHandle@symbol \"Setting the current frame to 388\" handle was cleared after 8ms"}
{"t":"2026-09-26T07:34:59.854Z","type":"debug","text":"JSHandle@symbol JSHandle@symbol \"Setting the current frame to 389\" handle was cleared after 7ms"}
{"t":"2026-09-26T07:34:59.887Z","type":"debug","text":"JSHandle@symbol JSHandle@symbol \"Setting the current frame to 390\" handle was cleared after 7ms"}
{"t":"2026-09-26T07:34:59.920Z","type":"debug","text":"JSHandle@symbol JSHandle@symbol \"Setting the current frame to 391\" handle was cleared after 8ms"}
{"t":"2026-09-26T07:34:59.954Z","type":"debug","text":"JSHandle@symbol JSHandle@symbol \"Setting the current frame to 392\" handle was cleared after 9ms"}
{"t":"2026-09-26T07:34:59.987Z","type":"debug","text":"JSHandle@symbol JSHandle@symbol \"Setting the current frame to 393\" handle was cleared after 6ms"}
{"t":"2026-09-26T07:35:00.021Z","type":"debug","text":"JSHandle@symbol JSHandle@symbol \"Setting the current frame to 394\" handle was cleared after 6ms"}
{"t":"2026-09-26T07:35:00.053Z","type":"debug","text":"JSHandle@symbol JSHandle@symbol \"Setting the current frame to 395\" handle was cleared after 7ms"}
{"t":"2026-09-26T07:35:00.087Z","type":"debug","text":"JSHandle@symbol JSHandle@symbol \"Setting the current frame to 396\" handle was cleared after 8ms"}
{"t":"2026-09-26T07:35:00.121Z","type":"debug","text":"JSHandle@symbol JSHandle@symbol \"Setting the current frame to 397\" handle was cleared after 8ms"}
{"t":"2026-09-26T07:35:00.154Z","type":"debug","text":"JSHandle@symbol JSHandle@symbol \"Setting the current frame to 398\" handle was cleared after 8ms"}
{"t":"2026-09-26T07:35:00.187Z","type":"debug","text":"JSHandle@symbol JSHandle@symbol \"Setting the current frame to 399\" handle was cleared after 7ms"}
{"t":"2026-09-26T07:35:00.222Z","type":"debug","text":"JSHandle@symbol JSHandle@symbol \"Setting the current frame to 400\" handle was cleared after 7ms"}
{"t":"2026-09-26T07:35:00.254Z","type":"debug","text":"JSHandle@symbol JSHandle@symbol \"Setting the current frame to 401\" handle was cleared after 5ms"}
{"t":"2026-09-26T07:35:00.288Z","type":"debug","text":"JSHandle@symbol JSHandle@symbol \"Setting the current frame to 402\" handle was cleared after 9ms"}
{"t":"2026-09-26T07:35:00.320Z","type":"debug","text":"JSHandle@symbol JSHandle@symbol \"Setting the current frame to 403\" handle was cleared after 7ms"}
{"t":"2026-09-26T07:35:00.354Z","type":"debug","text":"JSHandle@symbol JSHandle@symbol \"Setting the current frame to 404\" handle was cleared after 8ms"}
{"t":"2026-09-26T07:35:00.387Z","type":"debug","text":"JSHandle@symbol JSHandle@symbol \"Setting the current frame to 405\" handle was cleared after 7ms"}
{"t":"2026-09-26T07:35:00.420Z","type":"debug","text":"JSHandle@symbol JSHandle@symbol \"Setting the current frame to 406\" handle was cleared after 8ms"}
{"t":"2026-09-26T07:35:00.454Z","type":"debug","text":"JSHandle@symbol JSHandle@symbol \"Setting the current frame to 407\" handle was cleared after 7ms"}
{"t":"2026-09-26T07:35:00.488Z","type":"debug","text":"JSHandle@symbol JSHandle@symbol \"Setting the current frame to 408\" handle was cleared after 8ms"}
{"t":"2026-09-26T07:35:00.521Z","type":"debug","text":"JSHandle@symbol JSHandle@symbol \"Setting the current frame to 409\" handle was cleared after 6ms"}
{"t":"2026-09-26T07:35:00.553Z","type":"debug","text":"JSHandle@symbol JSHandle@symbol \"Setting the current frame to 410\" handle was cleared after 6ms"}
{"t":"2026-09-26T07:35:00.591Z","type":"debug","text":"JSHandle@symbol JSHandle@symbol \"Setting the current frame to 411\" handle was cleared after 7ms"}
{"t":"2026-09-26T07:35:00.620Z","type":"debug","text":"JSHandle@symbol JSHandle@symbol \"Setting the current frame to 412\" handle was cleared after 5ms"}
{"t":"2026-09-26T07:35:00.654Z","type":"debug","text":"JSHandle@symbol JSHandle@symbol \"Setting the current frame to 413\" handle was cleared after 8ms"}
{"t":"2026-09-26T07:35:00.688Z","type":"debug","text":"JSHandle@symbol JSHandle@symbol \"Setting the current frame to 414\" handle was cleared after 9ms"}
{"t":"2026-09-26T07:35:00.720Z","type":"debug","text":"JSHandle@symbol JSHandle@symbol \"Setting the current frame to 415\" handle was cleared after 6ms"}
{"t":"2026-09-26T07:35:00.754Z","type":"debug","text":"JSHandle@symbol JSHandle@symbol \"Setting the current frame to 416\" handle was cleared after 9ms"}
{"t":"2026-09-26T07:35:00.787Z","type":"debug","text":"JSHandle@symbol JSHandle@symbol \"Setting the current frame to 417\" handle was cleared after 9ms"}
{"t":"2026-09-26T07:35:00.820Z","type":"debug","text":"JSHandle@symbol JSHandle@symbol \"Setting the current frame to 418\" handle was cleared after 7ms"}
{"t":"2026-09-26T07:35:00.853Z","type":"debug","text":"JSHandle@symbol JSHandle@symbol \"Setting the current frame to 419\" handle was cleared after 7ms"}
{"t":"2026-09-26T07:35:00.887Z","type":"debug","text":"JSHandle@symbol JSHandle@symbol \"Setting the current frame to 420\" handle was cleared after 7ms"}
{"t":"2026-09-26T07:35:00.921Z","type":"debug","text":"JSHandle@symbol JSHandle@symbol \"Setting the current frame to 421\" handle was cleared after 8ms"}
{"t":"2026-09-26T07:35:00.953Z","type":"debug","text":"JSHandle@symbol JSHandle@symbol \"Setting the current frame to 422\" handle was cleared after 8ms"}
{"t":"2026-09-26T07:35:00.987Z","type":"debug","text":"JSHandle@symbol JSHandle@symbol \"Setting the current frame to 423\" handle was cleared after 8ms"}
{"t":"2026-09-26T07:35:01.021Z","type":"debug","text":"JSHandle@symbol JSHandle@symbol \"Setting the current frame to 424\" handle was cleared after 9ms"}
{"t":"2026-09-26T07:35:01.053Z","type":"debug","text":"JSHandle@symbol JSHandle@symbol \"Setting the current frame to 425\" handle was cleared after 6ms"}
{"t":"2026-09-26T07:35:01.088Z","type":"debug","text":"JSHandle@symbol JSHandle@symbol \"Setting the current frame to 426\" handle was cleared after 10ms"}
{"t":"2026-09-26T07:35:01.121Z","type":"debug","text":"JSHandle@symbol JSHandle@symbol \"Setting the current frame to 427\" handle was cleared after 6ms"}
{"t":"2026-09-26T07:35:01.153Z","type":"debug","text":"JSHandle@symbol JSHandle@symbol \"Setting the current frame to 428\" handle was cleared after 7ms"}
{"t":"2026-09-26T07:35:01.187Z","type":"debug","text":"JSHandle@symbol JSHandle@symbol \"Setting the current frame to 429\" handle was cleared after 7ms"}
{"t":"2026-09-26T07:35:01.220Z","type":"debug","text":"JSHandle@symbol JSHandle@symbol \"Setting the current frame to 430\" handle was cleared after 8ms"}
{"t":"2026-09-26T07:35:01.254Z","type":"debug","text":"JSHandle@symbol JSHandle@symbol \"Setting the current frame to 431\" handle was cleared after 8ms"}
{"t":"2026-09-26T07:35:01.287Z","type":"debug","text":"JSHandle@symbol JSHandle@symbol \"Setting the current frame to 432\" handle was cleared after 8ms"}
{"t":"2026-09-26T07:35:01.320Z","type":"debug","text":"JSHandle@symbol JSHandle@symbol \"Setting the current frame to 433\" handle was cleared after 7ms"}
{"t":"2026-09-26T07:35:01.354Z","type":"debug","text":"JSHandle@symbol JSHandle@symbol \"Setting the current frame to 434\" handle was cleared after 8ms"}
{"t":"2026-09-26T07:35:01.388Z","type":"debug","text":"JSHandle@symbol JSHandle@symbol \"Setting the current frame to 435\" handle was cleared after 7ms"}
{"t":"2026-09-26T07:35:01.421Z","type":"debug","text":"JSHandle@symbol JSHandle@symbol \"Setting the current frame to 436\" handle was cleared after 7ms"}
{"t":"2026-09-26T07:35:01.454Z","type":"debug","text":"JSHandle@symbol JSHandle@symbol \"Setting the current frame to 437\" handle was cleared after 7ms"}
{"t":"2026-09-26T07:35:01.487Z","type":"debug","text":"JSHandle@symbol JSHandle@symbol \"Setting the current frame to 438\" handle was cleared after 7ms"}
{"t":"2026-09-26T07:35:01.520Z","type":"debug","text":"JSHandle@symbol JSHandle@symbol \"Setting the current frame to 439\" handle was cleared after 8ms"}
{"t":"2026-09-26T07:35:01.553Z","type":"debug","text":"JSHandle@symbol JSHandle@symbol \"Setting the current frame to 440\" handle was cleared after 6ms"}
{"t":"2026-09-26T07:35:01.587Z","type":"debug","text":"JSHandle@symbol JSHandle@symbol \"Setting the current frame to 441\" handle was cleared after 8ms"}
{"t":"2026-09-26T07:35:01.620Z","type":"debug","text":"JSHandle@symbol JSHandle@symbol \"Setting the current frame to 442\" handle was cleared after 8ms"}
{"t":"2026-09-26T07:35:01.654Z","type":"debug","text":"JSHandle@symbol JSHandle@symbol \"Setting the current frame to 443\" handle was cleared after 9ms"}
{"t":"2026-09-26T07:35:01.687Z","type":"debug","text":"JSHandle@symbol JSHandle@symbol \"Setting the current frame to 444\" handle was cleared after 1ms"}
{"t":"2026-09-26T07:35:01.722Z","type":"debug","text":"JSHandle@symbol JSHandle@symbol \"Setting the current frame to 445\" handle was cleared after 6ms"}
{"t":"2026-09-26T07:35:01.755Z","type":"debug","text":"JSHandle@symbol JSHandle@symbol \"Setting the current frame to 446\" handle was cleared after 7ms"}
{"t":"2026-09-26T07:35:01.788Z","type":"debug","text":"JSHandle@symbol JSHandle@symbol \"Setting the current frame to 447\" handle was cleared after 9ms"}
{"t":"2026-09-26T07:35:01.821Z","type":"debug","text":"JSHandle@symbol JSHandle@symbol \"Setting the current frame to 448\" handle was cleared after 7ms"}
{"t":"2026-09-26T07:35:01.854Z","type":"debug","text":"JSHandle@symbol JSHandle@symbol \"Setting the current frame to 449\" handle was cleared after 8ms"}
{"t":"2026-09-26T07:35:01.886Z","type":"debug","text":"JSHandle@symbol JSHandle@symbol \"Setting the current frame to 450\" handle was cleared after 7ms"}
{"t":"2026-09-26T07:35:01.920Z","type":"debug","text":"JSHandle@symbol JSHandle@symbol \"Setting the current frame to 451\" handle was cleared after 8ms"}
{"t":"2026-09-26T07:35:01.953Z","type":"debug","text":"JSHandle@symbol JSHandle@symbol \"Setting the current frame to 452\" handle was cleared after 7ms"}
{"t":"2026-09-26T07:35:01.987Z","type":"debug","text":"JSHandle@symbol JSHandle@symbol \"Setting the current frame to 453\" handle was cleared after 8ms"}
{"t":"2026-09-26T07:35:02.020Z","type":"debug","text":"JSHandle@symbol JSHandle@symbol \"Setting the current frame to 454\" handle was cleared after 8ms"}
{"t":"2026-09-26T07:35:02.053Z","type":"debug","text":"JSHandle@symbol JSHandle@symbol \"Setting the current frame to 455\" handle was cleared after 7ms"}
{"t":"2026-09-26T07:35:02.088Z","type":"debug","text":"JSHandle@symbol JSHandle@symbol \"Setting the current frame to 456\" handle was cleared after 9ms"}
{"t":"2026-09-26T07:35:02.121Z","type":"debug","text":"JSHandle@symbol JSHandle@symbol \"Setting the current frame to 457\" handle was cleared after 7ms"}
{"t":"2026-09-26T07:35:02.154Z","type":"debug","text":"JSHandle@symbol JSHandle@symbol \"Setting the current frame to 458\" handle was cleared after 7ms"}
{"t":"2026-09-26T07:35:02.188Z","type":"debug","text":"JSHandle@symbol JSHandle@symbol \"Setting the current frame to 459\" handle was cleared after 8ms"}
{"t":"2026-09-26T07:35:02.220Z","type":"debug","text":"JSHandle@symbol JSHandle@symbol \"Setting the current frame to 460\" handle was cleared after 6ms"}
{"t":"2026-09-26T07:35:02.253Z","type":"debug","text":"JSHandle@symbol JSHandle@symbol \"Setting the current frame to 461\" handle was cleared after 7ms"}
{"t":"2026-09-26T07:35:02.288Z","type":"debug","text":"JSHandle@symbol JSHandle@symbol \"Setting the current frame to 462\" handle was cleared after 9ms"}
{"t":"2026-09-26T07:35:02.320Z","type":"debug","text":"JSHandle@symbol JSHandle@symbol \"Setting the current frame to 463\" handle was cleared after 7ms"}
{"t":"2026-09-26T07:35:02.354Z","type":"debug","text":"JSHandle@symbol JSHandle@symbol \"Setting the current frame to 464\" handle was cleared after 7ms"}
{"t":"2026-09-26T07:35:02.388Z","type":"debug","text":"JSHandle@symbol JSHandle@symbol \"Setting the current frame to 465\" handle was cleared after 8ms"}
{"t":"2026-09-26T07:35:02.421Z","type":"debug","text":"JSHandle@symbol JSHandle@symbol \"Setting the current frame to 466\" handle was cleared after 7ms"}
{"t":"2026-09-26T07:35:02.454Z","type":"debug","text":"JSHandle@symbol JSHandle@symbol \"Setting the current frame to 467\" handle was cleared after 7ms"}
{"t":"2026-09-26T07:35:02.488Z","type":"debug","text":"JSHandle@symbol JSHandle@symbol \"Setting the current frame to 468\" handle was cleared after 7ms"}
{"t":"2026-09-26T07:35:02.521Z","type":"debug","text":"JSHandle@symbol JSHandle@symbol \"Setting the current frame to 469\" handle was cleared after 8ms"}
{"t":"2026-09-26T07:35:02.553Z","type":"debug","text":"JSHandle@symbol JSHandle@symbol \"Setting the current frame to 470\" handle was cleared after 6ms"}
{"t":"2026-09-26T07:35:02.587Z","type":"debug","text":"JSHandle@symbol JSHandle@symbol \"Setting the current frame to 471\" handle was cleared after 9ms"}
{"t":"2026-09-26T07:35:02.621Z","type":"debug","text":"JSHandle@symbol JSHandle@symbol \"Setting the current frame to 472\" handle was cleared after 9ms"}
{"t":"2026-09-26T07:35:02.653Z","type":"debug","text":"JSHandle@symbol JSHandle@symbol \"Setting the current frame to 473\" handle was cleared after 7ms"}
{"t":"2026-09-26T07:35:02.687Z","type":"debug","text":"JSHandle@symbol JSHandle@symbol \"Setting the current frame to 474\" handle was cleared after 6ms"}
{"t":"2026-09-26T07:35:02.720Z","type":"debug","text":"JSHandle@symbol JSHandle@symbol \"Setting the current frame to 475\" handle was cleared after 7ms"}
{"t":"2026-09-26T07:35:02.753Z","type":"debug","text":"JSHandle@symbol JSHandle@symbol \"Setting the current frame to 476\" handle was cleared after 7ms"}
{"t":"2026-09-26T07:35:02.788Z","type":"debug","text":"JSHandle@symbol JSHandle@symbol \"Setting the current frame to 477\" handle was cleared after 9ms"}
{"t":"2026-09-26T07:35:02.821Z","type":"debug","text":"JSHandle@symbol JSHandle@symbol \"Setting the current frame to 478\" handle was cleared after 8ms"}
{"t":"2026-09-26T07:35:02.854Z","type":"debug","text":"JSHandle@symbol JSHandle@symbol \"Setting the current frame to 479\" handle was cleared after 7ms"}
{"t":"2026-09-26T07:35:02.887Z","type":"debug","text":"JSHandle@symbol JSHandle@symbol \"Setting the current frame to 480\" handle was cleared after 6ms"}
{"t":"2026-09-26T07:35:02.920Z","type":"debug","text":"JSHandle@symbol JSHandle@symbol \"Setting the current frame to 481\" handle was cleared after 8ms"}
{"t":"2026-09-26T07:35:02.954Z","type":"debug","text":"JSHandle@symbol JSHandle@symbol \"Setting the current frame to 482\" handle was cleared after 7ms"}
{"t":"2026-09-26T07:35:02.987Z","type":"debug","text":"JSHandle@symbol JSHandle@symbol \"Setting the current frame to 483\" handle was cleared after 8ms"}
{"t":"2026-09-26T07:35:03.021Z","type":"debug","text":"JSHandle@symbol JSHandle@symbol \"Setting the current frame to 484\" handle was cleared after 5ms"}
{"t":"2026-09-26T07:35:03.053Z","type":"debug","text":"JSHandle@symbol JSHandle@symbol \"Setting the current frame to 485\" handle was cleared after 6ms"}
{"t":"2026-09-26T07:35:03.088Z","type":"debug","text":"JSHandle@symbol JSHandle@symbol \"Setting the current frame to 486\" handle was cleared after 10ms"}
{"t":"2026-09-26T07:35:03.121Z","type":"debug","text":"JSHandle@symbol JSHandle@symbol \"Setting the current frame to 487\" handle was cleared after 7ms"}
{"t":"2026-09-26T07:35:03.154Z","type":"debug","text":"JSHandle@symbol JSHandle@symbol \"Setting the current frame to 488\" handle was cleared after 8ms"}
{"t":"2026-09-26T07:35:03.188Z","type":"debug","text":"JSHandle@symbol JSHandle@symbol \"Setting the current frame to 489\" handle was cleared after 9ms"}
{"t":"2026-09-26T07:35:03.220Z","type":"debug","text":"JSHandle@symbol JSHandle@symbol \"Setting the current frame to 490\" handle was cleared after 6ms"}
{"t":"2026-09-26T07:35:03.255Z","type":"debug","text":"JSHandle@symbol JSHandle@symbol \"Setting the current frame to 491\" handle was cleared after 9ms"}
{"t":"2026-09-26T07:35:03.288Z","type":"debug","text":"JSHandle@symbol JSHandle@symbol \"Setting the current frame to 492\" handle was cleared after 9ms"}
{"t":"2026-09-26T07:35:03.320Z","type":"debug","text":"JSHandle@symbol JSHandle@symbol \"Setting the current frame to 493\" handle was cleared after 8ms"}
{"t":"2026-09-26T07:35:03.354Z","type":"debug","text":"JSHandle@symbol JSHandle@symbol \"Setting the current frame to 494\" handle was cleared after 8ms"}
{"t":"2026-09-26T07:35:03.388Z","type":"debug","text":"JSHandle@symbol JSHandle@symbol \"Setting the current frame to 495\" handle was cleared after 9ms"}
{"t":"2026-09-26T07:35:03.421Z","type":"debug","text":"JSHandle@symbol JSHandle@symbol \"Setting the current frame to 496\" handle was cleared after 6ms"}
{"t":"2026-09-26T07:35:03.453Z","type":"debug","text":"JSHandle@symbol JSHandle@symbol \"Setting the current frame to 497\" handle was cleared after 6ms"}
{"t":"2026-09-26T07:35:03.487Z","type":"debug","text":"JSHandle@symbol JSHandle@symbol \"Setting the current frame to 498\" handle was cleared after 8ms"}
{"t":"2026-09-26T07:35:03.521Z","type":"debug","text":"JSHandle@symbol JSHandle@symbol \"Setting the current frame to 499\" handle was cleared after 8ms"}
{"t":"2026-09-26T07:35:03.554Z","type":"debug","text":"JSHandle@symbol JSHandle@symbol \"Setting the current frame to 500\" handle was cleared after 8ms"}
{"t":"2026-09-26T07:35:03.587Z","type":"debug","text":"JSHandle@symbol JSHandle@symbol \"Setting the current frame to 501\" handle was cleared after 7ms"}
{"t":"2026-09-26T07:35:03.620Z","type":"debug","text":"JSHandle@symbol JSHandle@symbol \"Setting the current frame to 502\" handle was cleared after 8ms"}
{"t":"2026-09-26T07:35:03.654Z","type":"debug","text":"JSHandle@symbol JSHandle@symbol \"Setting the current frame to 503\" handle was cleared after 3ms"}
{"t":"2026-09-26T07:35:03.688Z","type":"debug","text":"JSHandle@symbol JSHandle@symbol \"Setting the current frame to 504\" handle was cleared after 8ms"}
{"t":"2026-09-26T07:35:03.721Z","type":"debug","text":"JSHandle@symbol JSHandle@symbol \"Setting the current frame to 505\" handle was cleared after 6ms"}
{"t":"2026-09-26T07:35:03.754Z","type":"debug","text":"JSHandle@symbol JSHandle@symbol \"Setting the current frame to 506\" handle was cleared after 7ms"}
{"t":"2026-09-26T07:35:03.786Z","type":"debug","text":"JSHandle@symbol JSHandle@symbol \"Setting the current frame to 507\" handle was cleared after 8ms"}
{"t":"2026-09-26T07:35:03.822Z","type":"debug","text":"JSHandle@symbol JSHandle@symbol \"Setting the current frame to 508\" handle was cleared after 9ms"}
{"t":"2026-09-26T07:35:03.853Z","type":"debug","text":"JSHandle@symbol JSHandle@symbol \"Setting the current frame to 509\" handle was cleared after 6ms"}
{"t":"2026-09-26T07:35:03.887Z","type":"debug","text":"JSHandle@symbol JSHandle@symbol \"Setting the current frame to 510\" handle was cleared after 8ms"}
{"t":"2026-09-26T07:35:03.920Z","type":"debug","text":"JSHandle@symbol JSHandle@symbol \"Setting the current frame to 511\" handle was cleared after 8ms"}
{"t":"2026-09-26T07:35:03.954Z","type":"debug","text":"JSHandle@symbol JSHandle@symbol \"Setting the current frame to 512\" handle was cleared after 8ms"}
{"t":"2026-09-26T07:35:03.988Z","type":"debug","text":"JSHandle@symbol JSHandle@symbol \"Setting the current frame to 513\" handle was cleared after 9ms"}
{"t":"2026-09-26T07:35:04.020Z","type":"debug","text":"JSHandle@symbol JSHandle@symbol \"Setting the current frame to 514\" handle was cleared after 7ms"}
{"t":"2026-09-26T07:35:04.053Z","type":"debug","text":"JSHandle@symbol JSHandle@symbol \"Setting the current frame to 515\" handle was cleared after 9ms"}
{"t":"2026-09-26T07:35:04.088Z","type":"debug","text":"JSHandle@symbol JSHandle@symbol \"Setting the current frame to 516\" handle was cleared after 11ms"}
{"t":"2026-09-26T07:35:04.121Z","type":"debug","text":"JSHandle@symbol JSHandle@symbol \"Setting the current frame to 517\" handle was cleared after 7ms"}
{"t":"2026-09-26T07:35:04.153Z","type":"debug","text":"JSHandle@symbol JSHandle@symbol \"Setting the current frame to 518\" handle was cleared after 7ms"}
{"t":"2026-09-26T07:35:04.188Z","type":"debug","text":"JSHandle@symbol JSHandle@symbol \"Setting the current frame to 519\" handle was cleared after 10ms"}
{"t":"2026-09-26T07:35:04.220Z","type":"debug","text":"JSHandle@symbol JSHandle@symbol \"Setting the current frame to 520\" handle was cleared after 6ms"}
{"t":"2026-09-26T07:35:04.253Z","type":"debug","text":"JSHandle@symbol JSHandle@symbol \"Setting the current frame to 521\" handle was cleared after 8ms"}
{"t":"2026-09-26T07:35:04.288Z","type":"debug","text":"JSHandle@symbol JSHandle@symbol \"Setting the current frame to 522\" handle was cleared after 10ms"}
{"t":"2026-09-26T07:35:04.322Z","type":"debug","text":"JSHandle@symbol JSHandle@symbol \"Setting the current frame to 523\" handle was cleared after 8ms"}
{"t":"2026-09-26T07:35:04.354Z","type":"debug","text":"JSHandle@symbol JSHandle@symbol \"Setting the current frame to 524\" handle was cleared after 7ms"}
{"t":"2026-09-26T07:35:04.386Z","type":"debug","text":"JSHandle@symbol JSHandle@symbol \"Setting the current frame to 525\" handle was cleared after 7ms"}
{"t":"2026-09-26T07:35:04.420Z","type":"debug","text":"JSHandle@symbol JSHandle@symbol \"Setting the current frame to 526\" handle was cleared after 9ms"}
{"t":"2026-09-26T07:35:04.454Z","type":"debug","text":"JSHandle@symbol JSHandle@symbol \"Setting the current frame to 527\" handle was cleared after 10ms"}
{"t":"2026-09-26T07:35:04.488Z","type":"debug","text":"JSHandle@symbol JSHandle@symbol \"Setting the current frame to 528\" handle was cleared after 10ms"}
{"t":"2026-09-26T07:35:04.520Z","type":"debug","text":"JSHandle@symbol JSHandle@symbol \"Setting the current frame to 529\" handle was cleared after 5ms"}
{"t":"2026-09-26T07:35:04.554Z","type":"debug","text":"JSHandle@symbol JSHandle@symbol \"Setting the current frame to 530\" handle was cleared after 8ms"}
{"t":"2026-09-26T07:35:04.587Z","type":"debug","text":"JSHandle@symbol JSHandle@symbol \"Setting the current frame to 531\" handle was cleared after 8ms"}
{"t":"2026-09-26T07:35:04.621Z","type":"debug","text":"JSHandle@symbol JSHandle@symbol \"Setting the current frame to 532\" handle was cleared after 9ms"}
{"t":"2026-09-26T07:35:04.654Z","type":"debug","text":"JSHandle@symbol JSHandle@symbol \"Setting the current frame to 533\" handle was cleared after 7ms"}
{"t":"2026-09-26T07:35:04.688Z","type":"debug","text":"JSHandle@symbol JSHandle@symbol \"Setting the current frame to 534\" handle was cleared after 8ms"}
{"t":"2026-09-26T07:35:04.721Z","type":"debug","text":"JSHandle@symbol JSHandle@symbol \"Setting the current frame to 535\" handle was cleared after 7ms"}
{"t":"2026-09-26T07:35:04.753Z","type":"debug","text":"JSHandle@symbol JSHandle@symbol \"Setting the current frame to 536\" handle was cleared after 5ms"}
{"t":"2026-09-26T07:35:04.788Z","type":"debug","text":"JSHandle@symbol JSHandle@symbol \"Setting the current frame to 537\" handle was cleared after 10ms"}
{"t":"2026-09-26T07:35:04.820Z","type":"debug","text":"JSHandle@symbol JSHandle@symbol \"Setting the current frame to 538\" handle was cleared after 7ms"}
{"t":"2026-09-26T07:35:04.854Z","type":"debug","text":"JSHandle@symbol JSHandle@symbol \"Setting the current frame to 539\" handle was cleared after 9ms"}
{"t":"2026-09-26T07:35:04.887Z","type":"debug","text":"JSHandle@symbol JSHandle@symbol \"Setting the current frame to 540\" handle was cleared after 8ms"}
{"t":"2026-09-26T07:35:04.920Z","type":"debug","text":"JSHandle@symbol JSHandle@symbol \"Setting the current frame to 541\" handle was cleared after 6ms"}
{"t":"2026-09-26T07:35:04.954Z","type":"debug","text":"JSHandle@symbol JSHandle@symbol \"Setting the current frame to 542\" handle was cleared after 10ms"}
{"t":"2026-09-26T07:35:04.987Z","type":"debug","text":"JSHandle@symbol JSHandle@symbol \"Setting the current frame to 543\" handle was cleared after 8ms"}
{"t":"2026-09-26T07:35:05.020Z","type":"debug","text":"JSHandle@symbol JSHandle@symbol \"Setting the current frame to 544\" handle was cleared after 7ms"}
{"t":"2026-09-26T07:35:05.054Z","type":"debug","text":"JSHandle@symbol JSHandle@symbol \"Setting the current frame to 545\" handle was cleared after 4ms"}
{"t":"2026-09-26T07:35:05.087Z","type":"debug","text":"JSHandle@symbol JSHandle@symbol \"Setting the current frame to 546\" handle was cleared after 2ms"}
{"t":"2026-09-26T07:35:05.120Z","type":"debug","text":"JSHandle@symbol JSHandle@symbol \"Setting the current frame to 547\" handle was cleared after 6ms"}
{"t":"2026-09-26T07:35:05.154Z","type":"debug","text":"JSHandle@symbol JSHandle@symbol \"Setting the current frame to 548\" handle was cleared after 9ms"}
{"t":"2026-09-26T07:35:05.187Z","type":"debug","text":"JSHandle@symbol JSHandle@symbol \"Setting the current frame to 549\" handle was cleared after 7ms"}
{"t":"2026-09-26T07:35:05.220Z","type":"debug","text":"JSHandle@symbol JSHandle@symbol \"Setting the current frame to 550\" handle was cleared after 6ms"}
{"t":"2026-09-26T07:35:05.253Z","type":"debug","text":"JSHandle@symbol JSHandle@symbol \"Setting the current frame to 551\" handle was cleared after 6ms"}
{"t":"2026-09-26T07:35:05.288Z","type":"debug","text":"JSHandle@symbol JSHandle@symbol \"Setting the current frame to 552\" handle was cleared after 9ms"}
{"t":"2026-09-26T07:35:05.321Z","type":"debug","text":"JSHandle@symbol JSHandle@symbol \"Setting the current frame to 553\" handle was cleared after 7ms"}
{"t":"2026-09-26T07:35:05.354Z","type":"debug","text":"JSHandle@symbol JSHandle@symbol \"Setting the current frame to 554\" handle was cleared after 7ms"}
{"t":"2026-09-26T07:35:05.387Z","type":"debug","text":"JSHandle@symbol JSHandle@symbol \"Setting the current frame to 555\" handle was cleared after 8ms"}
{"t":"2026-09-26T07:35:05.420Z","type":"debug","text":"JSHandle@symbol JSHandle@symbol \"Setting the current frame to 556\" handle was cleared after 7ms"}
{"t":"2026-09-26T07:35:05.454Z","type":"debug","text":"JSHandle@symbol JSHandle@symbol \"Setting the current frame to 557\" handle was cleared after 7ms"}
{"t":"2026-09-26T07:35:05.487Z","type":"debug","text":"JSHandle@symbol JSHandle@symbol \"Setting the current frame to 558\" handle was cleared after 8ms"}
{"t":"2026-09-26T07:35:05.521Z","type":"debug","text":"JSHandle@symbol JSHandle@symbol \"Setting the current frame to 559\" handle was cleared after 7ms"}
{"t":"2026-09-26T07:35:05.554Z","type":"debug","text":"JSHandle@symbol JSHandle@symbol \"Setting the current frame to 560\" handle was cleared after 7ms"}
{"t":"2026-09-26T07:35:05.587Z","type":"debug","text":"JSHandle@symbol JSHandle@symbol \"Setting the current frame to 561\" handle was cleared after 7ms"}
{"t":"2026-09-26T07:35:05.621Z","type":"debug","text":"JSHandle@symbol JSHandle@symbol \"Setting the current frame to 562\" handle was cleared after 8ms"}
{"t":"2026-09-26T07:35:05.654Z","type":"debug","text":"JSHandle@symbol JSHandle@symbol \"Setting the current frame to 563\" handle was cleared after 7ms"}
{"t":"2026-09-26T07:35:05.688Z","type":"debug","text":"JSHandle@symbol JSHandle@symbol \"Setting the current frame to 564\" handle was cleared after 7ms"}
{"t":"2026-09-26T07:35:05.720Z","type":"debug","text":"JSHandle@symbol JSHandle@symbol \"Setting the current frame to 565\" handle was cleared after 6ms"}
{"t":"2026-09-26T07:35:05.753Z","type":"debug","text":"JSHandle@symbol JSHandle@symbol \"Setting the current frame to 566\" handle was cleared after 8ms"}
{"t":"2026-09-26T07:35:05.787Z","type":"debug","text":"JSHandle@symbol JSHandle@symbol \"Setting the current frame to 567\" handle was cleared after 8ms"}
{"t":"2026-09-26T07:35:05.820Z","type":"debug","text":"JSHandle@symbol JSHandle@symbol \"Setting the current frame to 568\" handle was cleared after 7ms"}
{"t":"2026-09-26T07:35:05.854Z","type":"debug","text":"JSHandle@symbol JSHandle@symbol \"Setting the current frame to 569\" handle was cleared after 9ms"}
{"t":"2026-09-26T07:35:05.888Z","type":"debug","text":"JSHandle@symbol JSHandle@symbol \"Setting the current frame to 570\" handle was cleared after 9ms"}
{"t":"2026-09-26T07:35:05.920Z","type":"debug","text":"JSHandle@symbol JSHandle@symbol \"Setting the current frame to 571\" handle was cleared after 6ms"}
{"t":"2026-09-26T07:35:05.953Z","type":"debug","text":"JSHandle@symbol JSHandle@symbol \"Setting the current frame to 572\" handle was cleared after 8ms"}
{"t":"2026-09-26T07:35:05.987Z","type":"debug","text":"JSHandle@symbol JSHandle@symbol \"Setting the current frame to 573\" handle was cleared after 8ms"}
{"t":"2026-09-26T07:35:06.021Z","type":"debug","text":"JSHandle@symbol JSHandle@symbol \"Setting the current frame to 574\" handle was cleared after 9ms"}
{"t":"2026-09-26T07:35:06.054Z","type":"debug","text":"JSHandle@symbol JSHandle@symbol \"Setting the current frame to 575\" handle was cleared after 8ms"}
{"t":"2026-09-26T07:35:06.087Z","type":"debug","text":"JSHandle@symbol JSHandle@symbol \"Setting the current frame to 576\" handle was cleared after 6ms"}
{"t":"2026-09-26T07:35:06.120Z","type":"debug","text":"JSHandle@symbol JSHandle@symbol \"Setting the current frame to 577\" handle was cleared after 8ms"}
{"t":"2026-09-26T07:35:06.154Z","type":"debug","text":"JSHandle@symbol JSHandle@symbol \"Setting the current frame to 578\" handle was cleared after 8ms"}
{"t":"2026-09-26T07:35:06.186Z","type":"debug","text":"JSHandle@symbol JSHandle@symbol \"Setting the current frame to 579\" handle was cleared after 6ms"}
{"t":"2026-09-26T07:35:06.221Z","type":"debug","text":"JSHandle@symbol JSHandle@symbol \"Setting the current frame to 580\" handle was cleared after 8ms"}
{"t":"2026-09-26T07:35:06.254Z","type":"debug","text":"JSHandle@symbol JSHandle@symbol \"Setting the current frame to 581\" handle was cleared after 7ms"}
{"t":"2026-09-26T07:35:06.288Z","type":"debug","text":"JSHandle@symbol JSHandle@symbol \"Setting the current frame to 582\" handle was cleared after 9ms"}
{"t":"2026-09-26T07:35:06.320Z","type":"debug","text":"JSHandle@symbol JSHandle@symbol \"Setting the current frame to 583\" handle was cleared after 7ms"}
{"t":"2026-09-26T07:35:06.353Z","type":"debug","text":"JSHandle@symbol JSHandle@symbol \"Setting the current frame to 584\" handle was cleared after 6ms"}
{"t":"2026-09-26T07:35:06.386Z","type":"debug","text":"JSHandle@symbol JSHandle@symbol \"Setting the current frame to 585\" handle was cleared after 7ms"}
{"t":"2026-09-26T07:35:06.421Z","type":"debug","text":"JSHandle@symbol JSHandle@symbol \"Setting the current frame to 586\" handle was cleared after 8ms"}
{"t":"2026-09-26T07:35:06.455Z","type":"debug","text":"JSHandle@symbol JSHandle@symbol \"Setting the current frame to 587\" handle was cleared after 8ms"}
{"t":"2026-09-26T07:35:06.487Z","type":"debug","text":"JSHandle@symbol JSHandle@symbol \"Setting the current frame to 588\" handle was cleared after 5ms"}
{"t":"2026-09-26T07:35:06.520Z","type":"debug","text":"JSHandle@symbol JSHandle@symbol \"Setting the current frame to 589\" handle was cleared after 7ms"}
{"t":"2026-09-26T07:35:06.554Z","type":"debug","text":"JSHandle@symbol JSHandle@symbol \"Setting the current frame to 590\" handle was cleared after 6ms"}
{"t":"2026-09-26T07:35:06.588Z","type":"debug","text":"JSHandle@symbol JSHandle@symbol \"Setting the current frame to 591\" handle was cleared after 6ms"}
{"t":"2026-09-26T07:35:06.620Z","type":"debug","text":"JSHandle@symbol JSHandle@symbol \"Setting the current frame to 592\" handle was cleared after 3ms"}
{"t":"2026-09-26T07:35:06.653Z","type":"debug","text":"JSHandle@symbol JSHandle@symbol \"Setting the current frame to 593\" handle was cleared after 6ms"}
{"t":"2026-09-26T07:35:06.687Z","type":"debug","text":"JSHandle@symbol JSHandle@symbol \"Setting the current frame to 594\" handle was cleared after 8ms"}
{"t":"2026-09-26T07:35:06.721Z","type":"debug","text":"JSHandle@symbol JSHandle@symbol \"Setting the current frame to 595\" handle was cleared after 5ms"}
{"t":"2026-09-26T07:35:06.754Z","type":"debug","text":"JSHandle@symbol JSHandle@symbol \"Setting the current frame to 596\" handle was cleared after 7ms"}
{"t":"2026-09-26T07:35:06.787Z","type":"debug","text":"JSHandle@symbol JSHandle@symbol \"Setting the current frame to 597\" handle was cleared after 5ms"}
{"t":"2026-09-26T07:35:06.820Z","type":"debug","text":"JSHandle@symbol JSHandle@symbol \"Setting the current frame to 598\" handle was cleared after 8ms"}
{"t":"2026-09-26T07:35:06.853Z","type":"debug","text":"JSHandle@symbol JSHandle@symbol \"Setting the current frame to 599\" handle was cleared after 7ms"}
{"t":"2026-09-26T07:35:06.888Z","type":"debug","text":"JSHandle@symbol JSHandle@symbol \"Setting the current frame to 600\" handle was cleared after 8ms"}
{"t":"2026-09-26T07:35:06.921Z","type":"debug","text":"JSHandle@symbol JSHandle@symbol \"Setting the current frame to 601\" handle was cleared after 6ms"}
{"t":"2026-09-26T07:35:06.954Z","type":"debug","text":"JSHandle@symbol JSHandle@symbol \"Setting the current frame to 602\" handle was cleared after 7ms"}
{"t":"2026-09-26T07:35:06.987Z","type":"debug","text":"JSHandle@symbol JSHandle@symbol \"Setting the current frame to 603\" handle was cleared after 8ms"}
{"t":"2026-09-26T07:35:07.020Z","type":"debug","text":"JSHandle@symbol JSHandle@symbol \"Setting the current frame to 604\" handle was cleared after 8ms"}
{"t":"2026-09-26T07:35:07.054Z","type":"debug","text":"JSHandle@symbol JSHandle@symbol \"Setting the current frame to 605\" handle was cleared after 9ms"}
{"t":"2026-09-26T07:35:07.087Z","type":"debug","text":"JSHandle@symbol JSHandle@symbol \"Setting the current frame to 606\" handle was cleared after 7ms"}
{"t":"2026-09-26T07:35:07.120Z","type":"debug","text":"JSHandle@symbol JSHandle@symbol \"Setting the current frame to 607\" handle was cleared after 8ms"}
{"t":"2026-09-26T07:35:07.153Z","type":"debug","text":"JSHandle@symbol JSHandle@symbol \"Setting the current frame to 608\" handle was cleared after 8ms"}
{"t":"2026-09-26T07:35:07.187Z","type":"debug","text":"JSHandle@symbol JSHandle@symbol \"Setting the current frame to 609\" handle was cleared after 8ms"}
{"t":"2026-09-26T07:35:07.221Z","type":"debug","text":"JSHandle@symbol JSHandle@symbol \"Setting the current frame to 610\" handle was cleared after 8ms"}
{"t":"2026-09-26T07:35:07.255Z","type":"debug","text":"JSHandle@symbol JSHandle@symbol \"Setting the current frame to 611\" handle was cleared after 8ms"}
{"t":"2026-09-26T07:35:07.287Z","type":"debug","text":"JSHandle@symbol JSHandle@symbol \"Setting the current frame to 612\" handle was cleared after 6ms"}
{"t":"2026-09-26T07:35:07.321Z","type":"debug","text":"JSHandle@symbol JSHandle@symbol \"Setting the current frame to 613\" handle was cleared after 9ms"}
{"t":"2026-09-26T07:35:07.353Z","type":"debug","text":"JSHandle@symbol JSHandle@symbol \"Setting the current frame to 614\" handle was cleared after 6ms"}
{"t":"2026-09-26T07:35:07.388Z","type":"debug","text":"JSHandle@symbol JSHandle@symbol \"Setting the current frame to 615\" handle was cleared after 9ms"}
{"t":"2026-09-26T07:35:07.421Z","type":"debug","text":"JSHandle@symbol JSHandle@symbol \"Setting the current frame to 616\" handle was cleared after 6ms"}
{"t":"2026-09-26T07:35:07.453Z","type":"debug","text":"JSHandle@symbol JSHandle@symbol \"Setting the current frame to 617\" handle was cleared after 7ms"}
{"t":"2026-09-26T07:35:07.487Z","type":"debug","text":"JSHandle@symbol JSHandle@symbol \"Setting the current frame to 618\" handle was cleared after 7ms"}
{"t":"2026-09-26T07:35:07.521Z","type":"debug","text":"JSHandle@symbol JSHandle@symbol \"Setting the current frame to 619\" handle was cleared after 7ms"}
{"t":"2026-09-26T07:35:07.553Z","type":"debug","text":"JSHandle@symbol JSHandle@symbol \"Setting the current frame to 620\" handle was cleared after 6ms"}
{"t":"2026-09-26T07:35:07.588Z","type":"debug","text":"JSHandle@symbol JSHandle@symbol \"Setting the current frame to 621\" handle was cleared after 4ms"}
{"t":"2026-09-26T07:35:07.620Z","type":"debug","text":"JSHandle@symbol JSHandle@symbol \"Setting the current frame to 622\" handle was cleared after 7ms"}
{"t":"2026-09-26T07:35:07.654Z","type":"debug","text":"JSHandle@symbol JSHandle@symbol \"Setting the current frame to 623\" handle was cleared after 8ms"}
{"t":"2026-09-26T07:35:07.686Z","type":"debug","text":"JSHandle@symbol JSHandle@symbol \"Setting the current frame to 624\" handle was cleared after 7ms"}
{"t":"2026-09-26T07:35:07.721Z","type":"debug","text":"JSHandle@symbol JSHandle@symbol \"Setting the current frame to 625\" handle was cleared after 8ms"}
{"t":"2026-09-26T07:35:07.753Z","type":"debug","text":"JSHandle@symbol JSHandle@symbol \"Setting the current frame to 626\" handle was cleared after 7ms"}
{"t":"2026-09-26T07:35:07.788Z","type":"debug","text":"JSHandle@symbol JSHandle@symbol \"Setting the current frame to 627\" handle was cleared after 8ms"}
{"t":"2026-09-26T07:35:07.820Z","type":"debug","text":"JSHandle@symbol JSHandle@symbol \"Setting the current frame to 628\" handle was cleared after 7ms"}
{"t":"2026-09-26T07:35:07.853Z","type":"debug","text":"JSHandle@symbol JSHandle@symbol \"Setting the current frame to 629\" handle was cleared after 7ms"}
{"t":"2026-09-26T07:35:07.887Z","type":"debug","text":"JSHandle@symbol JSHandle@symbol \"Setting the current frame to 630\" handle was cleared after 8ms"}
{"t":"2026-09-26T07:35:07.921Z","type":"debug","text":"JSHandle@symbol JSHandle@symbol \"Setting the current frame to 631\" handle was cleared after 6ms"}
{"t":"2026-09-26T07:35:07.954Z","type":"debug","text":"JSHandle@symbol JSHandle@symbol \"Setting the current frame to 632\" handle was cleared after 6ms"}
{"t":"2026-09-26T07:35:07.987Z","type":"debug","text":"JSHandle@symbol JSHandle@symbol \"Setting the current frame to 633\" handle was cleared after 7ms"}
{"t":"2026-09-26T07:35:08.019Z","type":"debug","text":"JSHandle@symbol JSHandle@symbol \"Setting the current frame to 634\" handle was cleared after 7ms"}
{"t":"2026-09-26T07:35:08.054Z","type":"debug","text":"JSHandle@symbol JSHandle@symbol \"Setting the current frame to 635\" handle was cleared after 8ms"}
{"t":"2026-09-26T07:35:08.087Z","type":"debug","text":"JSHandle@symbol JSHandle@symbol \"Setting the current frame to 636\" handle was cleared after 8ms"}
{"t":"2026-09-26T07:35:08.120Z","type":"debug","text":"JSHandle@symbol JSHandle@symbol \"Setting the current frame to 637\" handle was cleared after 7ms"}
{"t":"2026-09-26T07:35:08.153Z","type":"debug","text":"JSHandle@symbol JSHandle@symbol \"Setting the current frame to 638\" handle was cleared after 7ms"}
{"t":"2026-09-26T07:35:08.187Z","type":"debug","text":"JSHandle@symbol JSHandle@symbol \"Setting the current frame to 639\" handle was cleared after 8ms"}
{"t":"2026-09-26T07:35:08.221Z","type":"debug","text":"JSHandle@symbol JSHandle@symbol \"Setting the current frame to 640\" handle was cleared after 7ms"}
{"t":"2026-09-26T07:35:08.253Z","type":"debug","text":"JSHandle@symbol JSHandle@symbol \"Setting the current frame to 641\" handle was cleared after 5ms"}
{"t":"2026-09-26T07:35:08.287Z","type":"debug","text":"JSHandle@symbol JSHandle@symbol \"Setting the current frame to 642\" handle was cleared after 8ms"}
{"t":"2026-09-26T07:35:08.321Z","type":"debug","text":"JSHandle@symbol JSHandle@symbol \"Setting the current frame to 643\" handle was cleared after 9ms"}
{"t":"2026-09-26T07:35:08.354Z","type":"debug","text":"JSHandle@symbol JSHandle@symbol \"Setting the current frame to 644\" handle was cleared after 7ms"}
{"t":"2026-09-26T07:35:08.386Z","type":"debug","text":"JSHandle@symbol JSHandle@symbol \"Setting the current frame to 645\" handle was cleared after 6ms"}
{"t":"2026-09-26T07:35:08.420Z","type":"debug","text":"JSHandle@symbol JSHandle@symbol \"Setting the current frame to 646\" handle was cleared after 9ms"}
{"t":"2026-09-26T07:35:08.453Z","type":"debug","text":"JSHandle@symbol JSHandle@symbol \"Setting the current frame to 647\" handle was cleared after 8ms"}
{"t":"2026-09-26T07:35:08.486Z","type":"debug","text":"JSHandle@symbol JSHandle@symbol \"Setting the current frame to 648\" handle was cleared after 7ms"}
{"t":"2026-09-26T07:35:08.520Z","type":"debug","text":"JSHandle@symbol JSHandle@symbol \"Setting the current frame to 649\" handle was cleared after 7ms"}
{"t":"2026-09-26T07:35:08.553Z","type":"debug","text":"JSHandle@symbol JSHandle@symbol \"Setting the current frame to 650\" handle was cleared after 6ms"}
{"t":"2026-09-26T07:35:08.588Z","type":"debug","text":"JSHandle@symbol JSHandle@symbol \"Setting the current frame to 651\" handle was cleared after 8ms"}
{"t":"2026-09-26T07:35:08.620Z","type":"debug","text":"JSHandle@symbol JSHandle@symbol \"Setting the current frame to 652\" handle was cleared after 7ms"}
{"t":"2026-09-26T07:35:08.653Z","type":"debug","text":"JSHandle@symbol JSHandle@symbol \"Setting the current frame to 653\" handle was cleared after 7ms"}
{"t":"2026-09-26T07:35:08.687Z","type":"debug","text":"JSHandle@symbol JSHandle@symbol \"Setting the current frame to 654\" handle was cleared after 8ms"}
{"t":"2026-09-26T07:35:08.721Z","type":"debug","text":"JSHandle@symbol JSHandle@symbol \"Setting the current frame to 655\" handle was cleared after 7ms"}
{"t":"2026-09-26T07:35:08.754Z","type":"debug","text":"JSHandle@symbol JSHandle@symbol \"Setting the current frame to 656\" handle was cleared after 6ms"}
{"t":"2026-09-26T07:35:08.787Z","type":"debug","text":"JSHandle@symbol JSHandle@symbol \"Setting the current frame to 657\" handle was cleared after 7ms"}
{"t":"2026-09-26T07:35:08.820Z","type":"debug","text":"JSHandle@symbol JSHandle@symbol \"Setting the current frame to 658\" handle was cleared after 7ms"}
{"t":"2026-09-26T07:35:08.853Z","type":"debug","text":"JSHandle@symbol JSHandle@symbol \"Setting the current frame to 659\" handle was cleared after 7ms"}
{"t":"2026-09-26T07:35:08.888Z","type":"debug","text":"JSHandle@symbol JSHandle@symbol \"Setting the current frame to 660\" handle was cleared after 8ms"}
{"t":"2026-09-26T07:35:08.921Z","type":"debug","text":"JSHandle@symbol JSHandle@symbol \"Setting the current frame to 661\" handle was cleared after 6ms"}
{"t":"2026-09-26T07:35:08.954Z","type":"debug","text":"JSHandle@symbol JSHandle@symbol \"Setting the current frame to 662\" handle was cleared after 5ms"}
{"t":"2026-09-26T07:35:08.987Z","type":"debug","text":"JSHandle@symbol JSHandle@symbol \"Setting the current frame to 663\" handle was cleared after 8ms"}
{"t":"2026-09-26T07:35:09.021Z","type":"debug","text":"JSHandle@symbol JSHandle@symbol \"Setting the current frame to 664\" handle was cleared after 7ms"}
{"t":"2026-09-26T07:35:09.053Z","type":"debug","text":"JSHandle@symbol JSHandle@symbol \"Setting the current frame to 665\" handle was cleared after 6ms"}
{"t":"2026-09-26T07:35:09.087Z","type":"debug","text":"JSHandle@symbol JSHandle@symbol \"Setting the current frame to 666\" handle was cleared after 8ms"}
{"t":"2026-09-26T07:35:09.120Z","type":"debug","text":"JSHandle@symbol JSHandle@symbol \"Setting the current frame to 667\" handle was cleared after 8ms"}
{"t":"2026-09-26T07:35:09.154Z","type":"debug","text":"JSHandle@symbol JSHandle@symbol \"Setting the current frame to 668\" handle was cleared after 8ms"}
{"t":"2026-09-26T07:35:09.187Z","type":"debug","text":"JSHandle@symbol JSHandle@symbol \"Setting the current frame to 669\" handle was cleared after 7ms"}
{"t":"2026-09-26T07:35:09.220Z","type":"debug","text":"JSHandle@symbol JSHandle@symbol \"Setting the current frame to 670\" handle was cleared after 7ms"}
{"t":"2026-09-26T07:35:09.253Z","type":"debug","text":"JSHandle@symbol JSHandle@symbol \"Setting the current frame to 671\" handle was cleared after 7ms"}
{"t":"2026-09-26T07:35:09.287Z","type":"debug","text":"JSHandle@symbol JSHandle@symbol \"Setting the current frame to 672\" handle was cleared after 7ms"}
{"t":"2026-09-26T07:35:09.320Z","type":"debug","text":"JSHandle@symbol JSHandle@symbol \"Setting the current frame to 673\" handle was cleared after 8ms"}
{"t":"2026-09-26T07:35:09.353Z","type":"debug","text":"JSHandle@symbol JSHandle@symbol \"Setting the current frame to 674\" handle was cleared after 7ms"}
{"t":"2026-09-26T07:35:09.388Z","type":"debug","text":"JSHandle@symbol JSHandle@symbol \"Setting the current frame to 675\" handle was cleared after 9ms"}
{"t":"2026-09-26T07:35:09.420Z","type":"debug","text":"JSHandle@symbol JSHandle@symbol \"Setting the current frame to 676\" handle was cleared after 6ms"}
{"t":"2026-09-26T07:35:09.455Z","type":"debug","text":"JSHandle@symbol JSHandle@symbol \"Setting the current frame to 677\" handle was cleared after 9ms"}
{"t":"2026-09-26T07:35:09.486Z","type":"debug","text":"JSHandle@symbol JSHandle@symbol \"Setting the current frame to 678\" handle was cleared after 6ms"}
{"t":"2026-09-26T07:35:09.521Z","type":"debug","text":"JSHandle@symbol JSHandle@symbol \"Setting the current frame to 679\" handle was cleared after 9ms"}
{"t":"2026-09-26T07:35:09.554Z","type":"debug","text":"JSHandle@symbol JSHandle@symbol \"Setting the current frame to 680\" handle was cleared after 3ms"}
{"t":"2026-09-26T07:35:09.588Z","type":"debug","text":"JSHandle@symbol JSHandle@symbol \"Setting the current frame to 681\" handle was cleared after 8ms"}
{"t":"2026-09-26T07:35:09.620Z","type":"debug","text":"JSHandle@symbol JSHandle@symbol \"Setting the current frame to 682\" handle was cleared after 7ms"}
{"t":"2026-09-26T07:35:09.653Z","type":"debug","text":"JSHandle@symbol JSHandle@symbol \"Setting the current frame to 683\" handle was cleared after 7ms"}
{"t":"2026-09-26T07:35:09.687Z","type":"debug","text":"JSHandle@symbol JSHandle@symbol \"Setting the current frame to 684\" handle was cleared after 8ms"}
{"t":"2026-09-26T07:35:09.720Z","type":"debug","text":"JSHandle@symbol JSHandle@symbol \"Setting the current frame to 685\" handle was cleared after 7ms"}
{"t":"2026-09-26T07:35:09.753Z","type":"debug","text":"JSHandle@symbol JSHandle@symbol \"Setting the current frame to 686\" handle was cleared after 8ms"}
{"t":"2026-09-26T07:35:09.787Z","type":"debug","text":"JSHandle@symbol JSHandle@symbol \"Setting the current frame to 687\" handle was cleared after 7ms"}
{"t":"2026-09-26T07:35:09.822Z","type":"debug","text":"JSHandle@symbol JSHandle@symbol \"Setting the current frame to 688\" handle was cleared after 9ms"}
{"t":"2026-09-26T07:35:09.854Z","type":"debug","text":"JSHandle@symbol JSHandle@symbol \"Setting the current frame to 689\" handle was cleared after 7ms"}
{"t":"2026-09-26T07:35:09.886Z","type":"debug","text":"JSHandle@symbol JSHandle@symbol \"Setting the current frame to 690\" handle was cleared after 7ms"}
{"t":"2026-09-26T07:35:09.920Z","type":"debug","text":"JSHandle@symbol JSHandle@symbol \"Setting the current frame to 691\" handle was cleared after 7ms"}
{"t":"2026-09-26T07:35:09.954Z","type":"debug","text":"JSHandle@symbol JSHandle@symbol \"Setting the current frame to 692\" handle was cleared after 7ms"}
{"t":"2026-09-26T07:35:09.986Z","type":"debug","text":"JSHandle@symbol JSHandle@symbol \"Setting the current frame to 693\" handle was cleared after 3ms"}
{"t":"2026-09-26T07:35:10.022Z","type":"debug","text":"JSHandle@symbol JSHandle@symbol \"Setting the current frame to 694\" handle was cleared after 1ms"}
{"t":"2026-09-26T07:35:10.054Z","type":"debug","text":"JSHandle@symbol JSHandle@symbol \"Setting the current frame to 695\" handle was cleared after 4ms"}
{"t":"2026-09-26T07:35:10.087Z","type":"debug","text":"JSHandle@symbol JSHandle@symbol \"Setting the current frame to 696\" handle was cleared after 5ms"}
{"t":"2026-09-26T07:35:10.120Z","type":"debug","text":"JSHandle@symbol JSHandle@symbol \"Setting the current frame to 697\" handle was cleared after 7ms"}
{"t":"2026-09-26T07:35:10.154Z","type":"debug","text":"JSHandle@symbol JSHandle@symbol \"Setting the current frame to 698\" handle was cleared after 8ms"}
{"t":"2026-09-26T07:35:10.187Z","type":"debug","text":"JSHandle@symbol JSHandle@symbol \"Setting the current frame to 699\" handle was cleared after 8ms"}
{"t":"2026-09-26T07:35:10.220Z","type":"debug","text":"JSHandle@symbol JSHandle@symbol \"Setting the current frame to 700\" handle was cleared after 6ms"}
{"t":"2026-09-26T07:35:10.253Z","type":"debug","text":"JSHandle@symbol JSHandle@symbol \"Setting the current frame to 701\" handle was cleared after 6ms"}
{"t":"2026-09-26T07:35:10.287Z","type":"debug","text":"JSHandle@symbol JSHandle@symbol \"Setting the current frame to 702\" handle was cleared after 7ms"}
{"t":"2026-09-26T07:35:10.321Z","type":"debug","text":"JSHandle@symbol JSHandle@symbol \"Setting the current frame to 703\" handle was cleared after 9ms"}
{"t":"2026-09-26T07:35:10.354Z","type":"debug","text":"JSHandle@symbol JSHandle@symbol \"Setting the current frame to 704\" handle was cleared after 7ms"}
{"t":"2026-09-26T07:35:10.387Z","type":"debug","text":"JSHandle@symbol JSHandle@symbol \"Setting the current frame to 705\" handle was cleared after 7ms"}
{"t":"2026-09-26T07:35:10.420Z","type":"debug","text":"JSHandle@symbol JSHandle@symbol \"Setting the current frame to 706\" handle was cleared after 7ms"}
{"t":"2026-09-26T07:35:10.453Z","type":"debug","text":"JSHandle@symbol JSHandle@symbol \"Setting the current frame to 707\" handle was cleared after 8ms"}
{"t":"2026-09-26T07:35:10.487Z","type":"debug","text":"JSHandle@symbol JSHandle@symbol \"Setting the current frame to 708\" handle was cleared after 9ms"}
{"t":"2026-09-26T07:35:10.520Z","type":"debug","text":"JSHandle@symbol JSHandle@symbol \"Setting the current frame to 709\" handle was cleared after 7ms"}
{"t":"2026-09-26T07:35:10.554Z","type":"debug","text":"JSHandle@symbol JSHandle@symbol \"Setting the current frame to 710\" handle was cleared after 8ms"}
{"t":"2026-09-26T07:35:10.587Z","type":"debug","text":"JSHandle@symbol JSHandle@symbol \"Setting the current frame to 711\" handle was cleared after 6ms"}
{"t":"2026-09-26T07:35:10.620Z","type":"debug","text":"JSHandle@symbol JSHandle@symbol \"Setting the current frame to 712\" handle was cleared after 8ms"}
{"t":"2026-09-26T07:35:10.653Z","type":"debug","text":"JSHandle@symbol JSHandle@symbol \"Setting the current frame to 713\" handle was cleared after 8ms"}
{"t":"2026-09-26T07:35:10.687Z","type":"debug","text":"JSHandle@symbol JSHandle@symbol \"Setting the current frame to 714\" handle was cleared after 8ms"}
{"t":"2026-09-26T07:35:10.720Z","type":"debug","text":"JSHandle@symbol JSHandle@symbol \"Setting the current frame to 715\" handle was cleared after 7ms"}
{"t":"2026-09-26T07:35:10.753Z","type":"debug","text":"JSHandle@symbol JSHandle@symbol \"Setting the current frame to 716\" handle was cleared after 7ms"}
{"t":"2026-09-26T07:35:10.788Z","type":"debug","text":"JSHandle@symbol JSHandle@symbol \"Setting the current frame to 717\" handle was cleared after 8ms"}
{"t":"2026-09-26T07:35:10.820Z","type":"debug","text":"JSHandle@symbol JSHandle@symbol \"Setting the current frame to 718\" handle was cleared after 4ms"}
{"t":"2026-09-26T07:35:10.854Z","type":"debug","text":"JSHandle@symbol JSHandle@symbol \"Setting the current frame to 719\" handle was cleared after 9ms"}
{"t":"2026-09-26T07:35:10.887Z","type":"debug","text":"JSHandle@symbol JSHandle@symbol \"Setting the current frame to 720\" handle was cleared after 7ms"}
{"t":"2026-09-26T07:35:10.920Z","type":"debug","text":"JSHandle@symbol JSHandle@symbol \"Setting the current frame to 721\" handle was cleared after 8ms"}
{"t":"2026-09-26T07:35:10.955Z","type":"debug","text":"JSHandle@symbol JSHandle@symbol \"Setting the current frame to 722\" handle was cleared after 9ms"}
{"t":"2026-09-26T07:35:10.988Z","type":"debug","text":"JSHandle@symbol JSHandle@symbol \"Setting the current frame to 723\" handle was cleared after 7ms"}
{"t":"2026-09-26T07:35:11.021Z","type":"debug","text":"JSHandle@symbol JSHandle@symbol \"Setting the current frame to 724\" handle was cleared after 7ms"}
{"t":"2026-09-26T07:35:11.054Z","type":"debug","text":"JSHandle@symbol JSHandle@symbol \"Setting the current frame to 725\" handle was cleared after 8ms"}
{"t":"2026-09-26T07:35:11.087Z","type":"debug","text":"JSHandle@symbol JSHandle@symbol \"Setting the current frame to 726\" handle was cleared after 8ms"}
{"t":"2026-09-26T07:35:11.121Z","type":"debug","text":"JSHandle@symbol JSHandle@symbol \"Setting the current frame to 727\" handle was cleared after 8ms"}
{"t":"2026-09-26T07:35:11.153Z","type":"debug","text":"JSHandle@symbol JSHandle@symbol \"Setting the current frame to 728\" handle was cleared after 7ms"}
{"t":"2026-09-26T07:35:11.187Z","type":"debug","text":"JSHandle@symbol JSHandle@symbol \"Setting the current frame to 729\" handle was cleared after 9ms"}
{"t":"2026-09-26T07:35:11.219Z","type":"debug","text":"JSHandle@symbol JSHandle@symbol \"Setting the current frame to 730\" handle was cleared after 6ms"}
{"t":"2026-09-26T07:35:11.255Z","type":"debug","text":"JSHandle@symbol JSHandle@symbol \"Setting the current frame to 731\" handle was cleared after 9ms"}
{"t":"2026-09-26T07:35:11.287Z","type":"debug","text":"JSHandle@symbol JSHandle@symbol \"Setting the current frame to 732\" handle was cleared after 5ms"}
{"t":"2026-09-26T07:35:11.320Z","type":"debug","text":"JSHandle@symbol JSHandle@symbol \"Setting the current frame to 733\" handle was cleared after 8ms"}
{"t":"2026-09-26T07:35:11.353Z","type":"debug","text":"JSHandle@symbol JSHandle@symbol \"Setting the current frame to 734\" handle was cleared after 8ms"}
{"t":"2026-09-26T07:35:11.386Z","type":"debug","text":"JSHandle@symbol JSHandle@symbol \"Setting the current frame to 735\" handle was cleared after 9ms"}
{"t":"2026-09-26T07:35:11.420Z","type":"debug","text":"JSHandle@symbol JSHandle@symbol \"Setting the current frame to 736\" handle was cleared after 8ms"}
{"t":"2026-09-26T07:35:11.453Z","type":"debug","text":"JSHandle@symbol JSHandle@symbol \"Setting the current frame to 737\" handle was cleared after 8ms"}
{"t":"2026-09-26T07:35:11.488Z","type":"debug","text":"JSHandle@symbol JSHandle@symbol \"Setting the current frame to 738\" handle was cleared after 9ms"}
{"t":"2026-09-26T07:35:11.521Z","type":"debug","text":"JSHandle@symbol JSHandle@symbol \"Setting the current frame to 739\" handle was cleared after 8ms"}
{"t":"2026-09-26T07:35:11.554Z","type":"debug","text":"JSHandle@symbol JSHandle@symbol \"Setting the current frame to 740\" handle was cleared after 7ms"}
{"t":"2026-09-26T07:35:11.587Z","type":"debug","text":"JSHandle@symbol JSHandle@symbol \"Setting the current frame to 741\" handle was cleared after 8ms"}
{"t":"2026-09-26T07:35:11.620Z","type":"debug","text":"JSHandle@symbol JSHandle@symbol \"Setting the current frame to 742\" handle was cleared after 8ms"}
{"t":"2026-09-26T07:35:11.653Z","type":"debug","text":"JSHandle@symbol JSHandle@symbol \"Setting the current frame to 743\" handle was cleared after 7ms"}
{"t":"2026-09-26T07:35:11.687Z","type":"debug","text":"JSHandle@symbol JSHandle@symbol \"Setting the current frame to 744\" handle was cleared after 7ms"}
{"t":"2026-09-26T07:35:11.719Z","type":"debug","text":"JSHandle@symbol JSHandle@symbol \"Setting the current frame to 745\" handle was cleared after 7ms"}
{"t":"2026-09-26T07:35:11.754Z","type":"debug","text":"JSHandle@symbol JSHandle@symbol \"Setting the current frame to 746\" handle was cleared after 5ms"}
{"t":"2026-09-26T07:35:11.787Z","type":"debug","text":"JSHandle@symbol JSHandle@symbol \"Setting the current frame to 747\" handle was cleared after 3ms"}
{"t":"2026-09-26T07:35:11.820Z","type":"debug","text":"JSHandle@symbol JSHandle@symbol \"Setting the current frame to 748\" handle was cleared after 5ms"}
{"t":"2026-09-26T07:35:11.853Z","type":"debug","text":"JSHandle@symbol JSHandle@symbol \"Setting the current frame to 749\" handle was cleared after 8ms"}
{"t":"2026-09-26T07:35:11.887Z","type":"debug","text":"JSHandle@symbol JSHandle@symbol \"Setting the current frame to 750\" handle was cleared after 8ms"}
{"t":"2026-09-26T07:35:11.920Z","type":"debug","text":"JSHandle@symbol JSHandle@symbol \"Setting the current frame to 751\" handle was cleared after 7ms"}
{"t":"2026-09-26T07:35:11.953Z","type":"debug","text":"JSHandle@symbol JSHandle@symbol \"Setting the current frame to 752\" handle was cleared after 8ms"}
{"t":"2026-09-26T07:35:11.987Z","type":"debug","text":"JSHandle@symbol JSHandle@symbol \"Setting the current frame to 753\" handle was cleared after 8ms"}
{"t":"2026-09-26T07:35:12.020Z","type":"debug","text":"JSHandle@symbol JSHandle@symbol \"Setting the current frame to 754\" handle was cleared after 8ms"}
{"t":"2026-09-26T07:35:12.054Z","type":"debug","text":"JSHandle@symbol JSHandle@symbol \"Setting the current frame to 755\" handle was cleared after 7ms"}
{"t":"2026-09-26T07:35:12.087Z","type":"debug","text":"JSHandle@symbol JSHandle@symbol \"Setting the current frame to 756\" handle was cleared after 6ms"}
{"t":"2026-09-26T07:35:12.120Z","type":"debug","text":"JSHandle@symbol JSHandle@symbol \"Setting the current frame to 757\" handle was cleared after 8ms"}
{"t":"2026-09-26T07:35:12.154Z","type":"debug","text":"JSHandle@symbol JSHandle@symbol \"Setting the current frame to 758\" handle was cleared after 9ms"}
{"t":"2026-09-26T07:35:12.187Z","type":"debug","text":"JSHandle@symbol JSHandle@symbol \"Setting the current frame to 759\" handle was cleared after 6ms"}
{"t":"2026-09-26T07:35:12.221Z","type":"debug","text":"JSHandle@symbol JSHandle@symbol \"Setting the current frame to 760\" handle was cleared after 9ms"}
{"t":"2026-09-26T07:35:12.253Z","type":"debug","text":"JSHandle@symbol JSHandle@symbol \"Setting the current frame to 761\" handle was cleared after 6ms"}
{"t":"2026-09-26T07:35:12.286Z","type":"debug","text":"JSHandle@symbol JSHandle@symbol \"Setting the current frame to 762\" handle was cleared after 8ms"}
{"t":"2026-09-26T07:35:12.320Z","type":"debug","text":"JSHandle@symbol JSHandle@symbol \"Setting the current frame to 763\" handle was cleared after 8ms"}
{"t":"2026-09-26T07:35:12.353Z","type":"debug","text":"JSHandle@symbol JSHandle@symbol \"Setting the current frame to 764\" handle was cleared after 8ms"}
{"t":"2026-09-26T07:35:12.386Z","type":"debug","text":"JSHandle@symbol JSHandle@symbol \"Setting the current frame to 765\" handle was cleared after 7ms"}
{"t":"2026-09-26T07:35:12.420Z","type":"debug","text":"JSHandle@symbol JSHandle@symbol \"Setting the current frame to 766\" handle was cleared after 9ms"}
{"t":"2026-09-26T07:35:12.454Z","type":"debug","text":"JSHandle@symbol JSHandle@symbol \"Setting the current frame to 767\" handle was cleared after 9ms"}
{"t":"2026-09-26T07:35:12.487Z","type":"debug","text":"JSHandle@symbol JSHandle@symbol \"Setting the current frame to 768\" handle was cleared after 7ms"}
{"t":"2026-09-26T07:35:12.520Z","type":"debug","text":"JSHandle@symbol JSHandle@symbol \"Setting the current frame to 769\" handle was cleared after 6ms"}
{"t":"2026-09-26T07:35:12.553Z","type":"debug","text":"JSHandle@symbol JSHandle@symbol \"Setting the current frame to 770\" handle was cleared after 4ms"}
{"t":"2026-09-26T07:35:12.586Z","type":"debug","text":"JSHandle@symbol JSHandle@symbol \"Setting the current frame to 771\" handle was cleared after 8ms"}
{"t":"2026-09-26T07:35:12.620Z","type":"debug","text":"JSHandle@symbol JSHandle@symbol \"Setting the current frame to 772\" handle was cleared after 9ms"}
{"t":"2026-09-26T07:35:12.653Z","type":"debug","text":"JSHandle@symbol JSHandle@symbol \"Setting the current frame to 773\" handle was cleared after 6ms"}
{"t":"2026-09-26T07:35:12.687Z","type":"debug","text":"JSHandle@symbol JSHandle@symbol \"Setting the current frame to 774\" handle was cleared after 8ms"}
{"t":"2026-09-26T07:35:12.720Z","type":"debug","text":"JSHandle@symbol JSHandle@symbol \"Setting the current frame to 775\" handle was cleared after 4ms"}
{"t":"2026-09-26T07:35:12.753Z","type":"debug","text":"JSHandle@symbol JSHandle@symbol \"Setting the current frame to 776\" handle was cleared after 7ms"}
{"t":"2026-09-26T07:35:12.788Z","type":"debug","text":"JSHandle@symbol JSHandle@symbol \"Setting the current frame to 777\" handle was cleared after 9ms"}
{"t":"2026-09-26T07:35:12.820Z","type":"debug","text":"JSHandle@symbol JSHandle@symbol \"Setting the current frame to 778\" handle was cleared after 8ms"}
{"t":"2026-09-26T07:35:12.854Z","type":"debug","text":"JSHandle@symbol JSHandle@symbol \"Setting the current frame to 779\" handle was cleared after 7ms"}
{"t":"2026-09-26T07:35:12.887Z","type":"debug","text":"JSHandle@symbol JSHandle@symbol \"Setting the current frame to 780\" handle was cleared after 7ms"}
{"t":"2026-09-26T07:35:12.920Z","type":"debug","text":"JSHandle@symbol JSHandle@symbol \"Setting the current frame to 781\" handle was cleared after 6ms"}
{"t":"2026-09-26T07:35:12.953Z","type":"debug","text":"JSHandle@symbol JSHandle@symbol \"Setting the current frame to 782\" handle was cleared after 7ms"}
{"t":"2026-09-26T07:35:12.987Z","type":"debug","text":"JSHandle@symbol JSHandle@symbol \"Setting the current frame to 783\" handle was cleared after 8ms"}
{"t":"2026-09-26T07:35:13.019Z","type":"debug","text":"JSHandle@symbol JSHandle@symbol \"Setting the current frame to 784\" handle was cleared after 7ms"}
{"t":"2026-09-26T07:35:13.054Z","type":"debug","text":"JSHandle@symbol JSHandle@symbol \"Setting the current frame to 785\" handle was cleared after 9ms"}
{"t":"2026-09-26T07:35:13.087Z","type":"debug","text":"JSHandle@symbol JSHandle@symbol \"Setting the current frame to 786\" handle was cleared after 8ms"}
{"t":"2026-09-26T07:35:13.120Z","type":"debug","text":"JSHandle@symbol JSHandle@symbol \"Setting the current frame to 787\" handle was cleared after 8ms"}
{"t":"2026-09-26T07:35:13.155Z","type":"debug","text":"JSHandle@symbol JSHandle@symbol \"Setting the current frame to 788\" handle was cleared after 8ms"}
{"t":"2026-09-26T07:35:13.186Z","type":"debug","text":"JSHandle@symbol JSHandle@symbol \"Setting the current frame to 789\" handle was cleared after 6ms"}
{"t":"2026-09-26T07:35:13.221Z","type":"debug","text":"JSHandle@symbol JSHandle@symbol \"Setting the current frame to 790\" handle was cleared after 8ms"}
{"t":"2026-09-26T07:35:13.254Z","type":"debug","text":"JSHandle@symbol JSHandle@symbol \"Setting the current frame to 791\" handle was cleared after 7ms"}
{"t":"2026-09-26T07:35:13.286Z","type":"debug","text":"JSHandle@symbol JSHandle@symbol \"Setting the current frame to 792\" handle was cleared after 7ms"}
{"t":"2026-09-26T07:35:13.320Z","type":"debug","text":"JSHandle@symbol JSHandle@symbol \"Setting the current frame to 793\" handle was cleared after 8ms"}
{"t":"2026-09-26T07:35:13.353Z","type":"debug","text":"JSHandle@symbol JSHandle@symbol \"Setting the current frame to 794\" handle was cleared after 8ms"}
{"t":"2026-09-26T07:35:13.387Z","type":"debug","text":"JSHandle@symbol JSHandle@symbol \"Setting the current frame to 795\" handle was cleared after 5ms"}
{"t":"2026-09-26T07:35:13.427Z","type":"debug","text":"JSHandle@symbol JSHandle@symbol \"Setting the current frame to 796\" handle was cleared after 6ms"}
{"t":"2026-09-26T07:35:13.453Z","type":"debug","text":"JSHandle@symbol JSHandle@symbol \"Setting the current frame to 797\" handle was cleared after 2ms"}
{"t":"2026-09-26T07:35:13.488Z","type":"debug","text":"JSHandle@symbol JSHandle@symbol \"Setting the current frame to 798\" handle was cleared after 7ms"}
{"t":"2026-09-26T07:35:13.520Z","type":"debug","text":"JSHandle@symbol JSHandle@symbol \"Setting the current frame to 799\" handle was cleared after 7ms"}
{"t":"2026-09-26T07:35:13.553Z","type":"debug","text":"JSHandle@symbol JSHandle@symbol \"Setting the current frame to 800\" handle was cleared after 7ms"}
{"t":"2026-09-26T07:35:13.587Z","type":"debug","text":"JSHandle@symbol JSHandle@symbol \"Setting the current frame to 801\" handle was cleared after 7ms"}
{"t":"2026-09-26T07:35:13.621Z","type":"debug","text":"JSHandle@symbol JSHandle@symbol \"Setting the current frame to 802\" handle was cleared after 9ms"}
{"t":"2026-09-26T07:35:13.654Z","type":"debug","text":"JSHandle@symbol JSHandle@symbol \"Setting the current frame to 803\" handle was cleared after 7ms"}
{"t":"2026-09-26T07:35:13.686Z","type":"debug","text":"JSHandle@symbol JSHandle@symbol \"Setting the current frame to 804\" handle was cleared after 5ms"}
{"t":"2026-09-26T07:35:13.719Z","type":"debug","text":"JSHandle@symbol JSHandle@symbol \"Setting the current frame to 805\" handle was cleared after 6ms"}
{"t":"2026-09-26T07:35:13.753Z","type":"debug","text":"JSHandle@symbol JSHandle@symbol \"Setting the current frame to 806\" handle was cleared after 8ms"}
{"t":"2026-09-26T07:35:13.787Z","type":"debug","text":"JSHandle@symbol JSHandle@symbol \"Setting the current frame to 807\" handle was cleared after 8ms"}
{"t":"2026-09-26T07:35:13.821Z","type":"debug","text":"JSHandle@symbol JSHandle@symbol \"Setting the current frame to 808\" handle was cleared after 8ms"}
{"t":"2026-09-26T07:35:13.853Z","type":"debug","text":"JSHandle@symbol JSHandle@symbol \"Setting the current frame to 809\" handle was cleared after 7ms"}
{"t":"2026-09-26T07:35:13.886Z","type":"debug","text":"JSHandle@symbol JSHandle@symbol \"Setting the current frame to 810\" handle was cleared after 7ms"}
{"t":"2026-09-26T07:35:13.920Z","type":"debug","text":"JSHandle@symbol JSHandle@symbol \"Setting the current frame to 811\" handle was cleared after 9ms"}
{"t":"2026-09-26T07:35:13.953Z","type":"debug","text":"JSHandle@symbol JSHandle@symbol \"Setting the current frame to 812\" handle was cleared after 7ms"}
{"t":"2026-09-26T07:35:13.987Z","type":"debug","text":"JSHandle@symbol JSHandle@symbol \"Setting the current frame to 813\" handle was cleared after 7ms"}
{"t":"2026-09-26T07:35:14.020Z","type":"debug","text":"JSHandle@symbol JSHandle@symbol \"Setting the current frame to 814\" handle was cleared after 7ms"}
{"t":"2026-09-26T07:35:14.053Z","type":"debug","text":"JSHandle@symbol JSHandle@symbol \"Setting the current frame to 815\" handle was cleared after 7ms"}
{"t":"2026-09-26T07:35:14.088Z","type":"debug","text":"JSHandle@symbol JSHandle@symbol \"Setting the current frame to 816\" handle was cleared after 10ms"}
{"t":"2026-09-26T07:35:14.121Z","type":"debug","text":"JSHandle@symbol JSHandle@symbol \"Setting the current frame to 817\" handle was cleared after 7ms"}
{"t":"2026-09-26T07:35:14.153Z","type":"debug","text":"JSHandle@symbol JSHandle@symbol \"Setting the current frame to 818\" handle was cleared after 4ms"}
{"t":"2026-09-26T07:35:14.186Z","type":"debug","text":"JSHandle@symbol JSHandle@symbol \"Setting the current frame to 819\" handle was cleared after 7ms"}
{"t":"2026-09-26T07:35:14.220Z","type":"debug","text":"JSHandle@symbol JSHandle@symbol \"Setting the current frame to 820\" handle was cleared after 7ms"}
{"t":"2026-09-26T07:35:14.253Z","type":"debug","text":"JSHandle@symbol JSHandle@symbol \"Setting the current frame to 821\" handle was cleared after 8ms"}
{"t":"2026-09-26T07:35:14.286Z","type":"debug","text":"JSHandle@symbol JSHandle@symbol \"Setting the current frame to 822\" handle was cleared after 7ms"}
{"t":"2026-09-26T07:35:14.320Z","type":"debug","text":"JSHandle@symbol JSHandle@symbol \"Setting the current frame to 823\" handle was cleared after 9ms"}
{"t":"2026-09-26T07:35:14.353Z","type":"debug","text":"JSHandle@symbol JSHandle@symbol \"Setting the current frame to 824\" handle was cleared after 7ms"}
{"t":"2026-09-26T07:35:14.387Z","type":"debug","text":"JSHandle@symbol JSHandle@symbol \"Setting the current frame to 825\" handle was cleared after 8ms"}
{"t":"2026-09-26T07:35:14.420Z","type":"debug","text":"JSHandle@symbol JSHandle@symbol \"Setting the current frame to 826\" handle was cleared after 6ms"}
{"t":"2026-09-26T07:35:14.454Z","type":"debug","text":"JSHandle@symbol JSHandle@symbol \"Setting the current frame to 827\" handle was cleared after 9ms"}
{"t":"2026-09-26T07:35:14.486Z","type":"debug","text":"JSHandle@symbol JSHandle@symbol \"Setting the current frame to 828\" handle was cleared after 5ms"}
{"t":"2026-09-26T07:35:14.519Z","type":"debug","text":"JSHandle@symbol JSHandle@symbol \"Setting the current frame to 829\" handle was cleared after 6ms"}
{"t":"2026-09-26T07:35:14.553Z","type":"debug","text":"JSHandle@symbol JSHandle@symbol \"Setting the current frame to 830\" handle was cleared after 8ms"}
{"t":"2026-09-26T07:35:14.586Z","type":"debug","text":"JSHandle@symbol JSHandle@symbol \"Setting the current frame to 831\" handle was cleared after 8ms"}
{"t":"2026-09-26T07:35:14.619Z","type":"debug","text":"JSHandle@symbol JSHandle@symbol \"Setting the current frame to 832\" handle was cleared after 7ms"}
{"t":"2026-09-26T07:35:14.653Z","type":"debug","text":"JSHandle@symbol JSHandle@symbol \"Setting the current frame to 833\" handle was cleared after 9ms"}
{"t":"2026-09-26T07:35:14.687Z","type":"debug","text":"JSHandle@symbol JSHandle@symbol \"Setting the current frame to 834\" handle was cleared after 8ms"}
{"t":"2026-09-26T07:35:14.720Z","type":"debug","text":"JSHandle@symbol JSHandle@symbol \"Setting the current frame to 835\" handle was cleared after 7ms"}
{"t":"2026-09-26T07:35:14.754Z","type":"debug","text":"JSHandle@symbol JSHandle@symbol \"Setting the current frame to 836\" handle was cleared after 7ms"}
{"t":"2026-09-26T07:35:14.786Z","type":"debug","text":"JSHandle@symbol JSHandle@symbol \"Setting the current frame to 837\" handle was cleared after 8ms"}
{"t":"2026-09-26T07:35:14.819Z","type":"debug","text":"JSHandle@symbol JSHandle@symbol \"Setting the current frame to 838\" handle was cleared after 7ms"}
{"t":"2026-09-26T07:35:14.853Z","type":"debug","text":"JSHandle@symbol JSHandle@symbol \"Setting the current frame to 839\" handle was cleared after 8ms"}
{"t":"2026-09-26T07:35:14.888Z","type":"debug","text":"JSHandle@symbol JSHandle@symbol \"Setting the current frame to 840\" handle was cleared after 8ms"}
{"t":"2026-09-26T07:35:14.920Z","type":"debug","text":"JSHandle@symbol JSHandle@symbol \"Setting the current frame to 841\" handle was cleared after 4ms"}
{"t":"2026-09-26T07:35:14.954Z","type":"debug","text":"JSHandle@symbol JSHandle@symbol \"Setting the current frame to 842\" handle was cleared after 7ms"}
{"t":"2026-09-26T07:35:14.986Z","type":"debug","text":"JSHandle@symbol JSHandle@symbol \"Setting the current frame to 843\" handle was cleared after 7ms"}
{"t":"2026-09-26T07:35:15.020Z","type":"debug","text":"JSHandle@symbol JSHandle@symbol \"Setting the current frame to 844\" handle was cleared after 7ms"}
{"t":"2026-09-26T07:35:15.046Z","type":"debug","text":"JSHandle@symbol JSHandle@symbol \"Setting the current frame to 845\" handle was cleared after 1ms"}
{"t":"2026-09-26T07:35:15.088Z","type":"debug","text":"JSHandle@symbol JSHandle@symbol \"Setting the current frame to 846\" handle was cleared after 9ms"}
{"t":"2026-09-26T07:35:15.114Z","type":"debug","text":"JSHandle@symbol JSHandle@symbol \"Setting the current frame to 847\" handle was cleared after 1ms"}
{"t":"2026-09-26T07:35:15.153Z","type":"debug","text":"JSHandle@symbol JSHandle@symbol \"Setting the current frame to 848\" handle was cleared after 8ms"}
{"t":"2026-09-26T07:35:15.179Z","type":"debug","text":"JSHandle@symbol JSHandle@symbol \"Setting the current frame to 849\" handle was cleared after 0ms"}
{"t":"2026-09-26T07:35:15.220Z","type":"debug","text":"JSHandle@symbol JSHandle@symbol \"Setting the current frame to 850\" handle was cleared after 8ms"}
{"t":"2026-09-26T07:35:15.247Z","type":"debug","text":"JSHandle@symbol JSHandle@symbol \"Setting the current frame to 851\" handle was cleared after 1ms"}
{"t":"2026-09-26T07:35:15.287Z","type":"debug","text":"JSHandle@symbol JSHandle@symbol \"Setting the current frame to 852\" handle was cleared after 9ms"}
{"t":"2026-09-26T07:35:15.313Z","type":"debug","text":"JSHandle@symbol JSHandle@symbol \"Setting the current frame to 853\" handle was cleared after 0ms"}
{"t":"2026-09-26T07:35:15.353Z","type":"debug","text":"JSHandle@symbol JSHandle@symbol \"Setting the current frame to 854\" handle was cleared after 8ms"}
{"t":"2026-09-26T07:35:15.379Z","type":"debug","text":"JSHandle@symbol JSHandle@symbol \"Setting the current frame to 855\" handle was cleared after 1ms"}
{"t":"2026-09-26T07:35:15.420Z","type":"debug","text":"JSHandle@symbol JSHandle@symbol \"Setting the current frame to 856\" handle was cleared after 7ms"}
{"t":"2026-09-26T07:35:15.446Z","type":"debug","text":"JSHandle@symbol JSHandle@symbol \"Setting the current frame to 857\" handle was cleared after 1ms"}
{"t":"2026-09-26T07:35:15.487Z","type":"debug","text":"JSHandle@symbol JSHandle@symbol \"Setting the current frame to 858\" handle was cleared after 8ms"}
{"t":"2026-09-26T07:35:15.513Z","type":"debug","text":"JSHandle@symbol JSHandle@symbol \"Setting the current frame to 859\" handle was cleared after 1ms"}
{"t":"2026-09-26T07:35:15.553Z","type":"debug","text":"JSHandle@symbol JSHandle@symbol \"Setting the current frame to 860\" handle was cleared after 8ms"}
{"t":"2026-09-26T07:35:15.580Z","type":"debug","text":"JSHandle@symbol JSHandle@symbol \"Setting the current frame to 861\" handle was cleared after 1ms"}
{"t":"2026-09-26T07:35:15.621Z","type":"debug","text":"JSHandle@symbol JSHandle@symbol \"Setting the current frame to 862\" handle was cleared after 8ms"}
{"t":"2026-09-26T07:35:15.647Z","type":"debug","text":"JSHandle@symbol JSHandle@symbol \"Setting the current frame to 863\" handle was cleared after 1ms"}
{"t":"2026-09-26T07:35:15.687Z","type":"debug","text":"JSHandle@symbol JSHandle@symbol \"Setting the current frame to 864\" handle was cleared after 7ms"}
{"t":"2026-09-26T07:35:15.714Z","type":"debug","text":"JSHandle@symbol JSHandle@symbol \"Setting the current frame to 865\" handle was cleared after 1ms"}
{"t":"2026-09-26T07:35:15.753Z","type":"debug","text":"JSHandle@symbol JSHandle@symbol \"Setting the current frame to 866\" handle was cleared after 8ms"}
{"t":"2026-09-26T07:35:15.779Z","type":"debug","text":"JSHandle@symbol JSHandle@symbol \"Setting the current frame to 867\" handle was cleared after 1ms"}
{"t":"2026-09-26T07:35:15.820Z","type":"debug","text":"JSHandle@symbol JSHandle@symbol \"Setting the current frame to 868\" handle was cleared after 7ms"}
{"t":"2026-09-26T07:35:15.846Z","type":"debug","text":"JSHandle@symbol JSHandle@symbol \"Setting the current frame to 869\" handle was cleared after 1ms"}
{"t":"2026-09-26T07:35:15.887Z","type":"debug","text":"JSHandle@symbol JSHandle@symbol \"Setting the current frame to 870\" handle was cleared after 9ms"}
{"t":"2026-09-26T07:35:15.914Z","type":"debug","text":"JSHandle@symbol JSHandle@symbol \"Setting the current frame to 871\" handle was cleared after 0ms"}
{"t":"2026-09-26T07:35:15.953Z","type":"debug","text":"JSHandle@symbol JSHandle@symbol \"Setting the current frame to 872\" handle was cleared after 7ms"}
{"t":"2026-09-26T07:35:15.979Z","type":"debug","text":"JSHandle@symbol JSHandle@symbol \"Setting the current frame to 873\" handle was cleared after 1ms"}
{"t":"2026-09-26T07:35:16.021Z","type":"debug","text":"JSHandle@symbol JSHandle@symbol \"Setting the current frame to 874\" handle was cleared after 8ms"}
{"t":"2026-09-26T07:35:16.048Z","type":"debug","text":"JSHandle@symbol JSHandle@symbol \"Setting the current frame to 875\" handle was cleared after 1ms"}
{"t":"2026-09-26T07:35:16.080Z","type":"debug","text":"JSHandle@symbol JSHandle@symbol \"Setting the current frame to 876\" handle was cleared after 1ms"}
{"t":"2026-09-26T07:35:16.113Z","type":"debug","text":"JSHandle@symbol JSHandle@symbol \"Setting the current frame to 877\" handle was cleared after 1ms"}
{"t":"2026-09-26T07:35:16.147Z","type":"debug","text":"JSHandle@symbol JSHandle@symbol \"Setting the current frame to 878\" handle was cleared after 0ms"}
{"t":"2026-09-26T07:35:16.179Z","type":"debug","text":"JSHandle@symbol JSHandle@symbol \"Setting the current frame to 879\" handle was cleared after 1ms"}
{"t":"2026-09-26T07:35:16.212Z","type":"debug","text":"JSHandle@symbol JSHandle@symbol \"Setting the current frame to 880\" handle was cleared after 0ms"}
{"t":"2026-09-26T07:35:16.246Z","type":"debug","text":"JSHandle@symbol JSHandle@symbol \"Setting the current frame to 881\" handle was cleared after 1ms"}
{"t":"2026-09-26T07:35:16.278Z","type":"debug","text":"JSHandle@symbol JSHandle@symbol \"Setting the current frame to 882\" handle was cleared after 0ms"}
{"t":"2026-09-26T07:35:16.313Z","type":"debug","text":"JSHandle@symbol JSHandle@symbol \"Setting the current frame to 883\" handle was cleared after 1ms"}
{"t":"2026-09-26T07:35:16.346Z","type":"debug","text":"JSHandle@symbol JSHandle@symbol \"Setting the current frame to 884\" handle was cleared after 1ms"}
{"t":"2026-09-26T07:35:16.379Z","type":"debug","text":"JSHandle@symbol JSHandle@symbol \"Setting the current frame to 885\" handle was cleared after 0ms"}
{"t":"2026-09-26T07:35:16.416Z","type":"debug","text":"JSHandle@symbol JSHandle@symbol \"Setting the current frame to 886\" handle was cleared after 1ms"}
{"t":"2026-09-26T07:35:16.446Z","type":"debug","text":"JSHandle@symbol JSHandle@symbol \"Setting the current frame to 887\" handle was cleared after 1ms"}
{"t":"2026-09-26T07:35:16.480Z","type":"debug","text":"JSHandle@symbol JSHandle@symbol \"Setting the current frame to 888\" handle was cleared after 1ms"}
{"t":"2026-09-26T07:35:16.513Z","type":"debug","text":"JSHandle@symbol JSHandle@symbol \"Setting the current frame to 889\" handle was cleared after 1ms"}
{"t":"2026-09-26T07:35:16.546Z","type":"debug","text":"JSHandle@symbol JSHandle@symbol \"Setting the current frame to 890\" handle was cleared after 1ms"}
{"t":"2026-09-26T07:35:16.580Z","type":"debug","text":"JSHandle@symbol JSHandle@symbol \"Setting the current frame to 891\" handle was cleared after 1ms"}
{"t":"2026-09-26T07:35:16.613Z","type":"debug","text":"JSHandle@symbol JSHandle@symbol \"Setting the current frame to 892\" handle was cleared after 0ms"}
{"t":"2026-09-26T07:35:16.648Z","type":"debug","text":"JSHandle@symbol JSHandle@symbol \"Setting the current frame to 893\" handle was cleared after 1ms"}
{"t":"2026-09-26T07:35:16.680Z","type":"debug","text":"JSHandle@symbol JSHandle@symbol \"Setting the current frame to 894\" handle was cleared after 0ms"}
{"t":"2026-09-26T07:35:16.713Z","type":"debug","text":"JSHandle@symbol JSHandle@symbol \"Setting the current frame to 895\" handle was cleared after 1ms"}
{"t":"2026-09-26T07:35:16.751Z","type":"debug","text":"JSHandle@symbol JSHandle@symbol \"Setting the current frame to 896\" handle was cleared after 1ms"}
{"t":"2026-09-26T07:35:16.779Z","type":"debug","text":"JSHandle@symbol JSHandle@symbol \"Setting the current frame to 897\" handle was cleared after 1ms"}
{"t":"2026-09-26T07:35:16.813Z","type":"debug","text":"JSHandle@symbol JSHandle@symbol \"Setting the current frame to 898\" handle was cleared after 1ms"}
{"t":"2026-09-26T07:35:16.846Z","type":"debug","text":"JSHandle@symbol JSHandle@symbol \"Setting the current frame to 899\" handle was cleared after 1ms"}
{"t":"2026-09-26T07:35:16.881Z","type":"debug","text":"JSHandle@symbol JSHandle@symbol \"Setting the current frame to 900\" handle was cleared after 1ms"}
{"t":"2026-09-26T07:35:16.917Z","type":"debug","text":"JSHandle@symbol JSHandle@symbol \"Setting the current frame to 901\" handle was cleared after 1ms"}
{"t":"2026-09-26T07:35:16.947Z","type":"debug","text":"JSHandle@symbol JSHandle@symbol \"Setting the current frame to 902\" handle was cleared after 1ms"}
{"t":"2026-09-26T07:35:16.979Z","type":"debug","text":"JSHandle@symbol JSHandle@symbol \"Setting the current frame to 903\" handle was cleared after 0ms"}
{"t":"2026-09-26T07:35:17.013Z","type":"debug","text":"JSHandle@symbol JSHandle@symbol \"Setting the current frame to 904\" handle was cleared after 1ms"}
{"t":"2026-09-26T07:35:17.046Z","type":"debug","text":"JSHandle@symbol JSHandle@symbol \"Setting the current frame to 905\" handle was cleared after 1ms"}
{"t":"2026-09-26T07:35:17.080Z","type":"debug","text":"JSHandle@symbol JSHandle@symbol \"Setting the current frame to 906\" handle was cleared after 1ms"}
{"t":"2026-09-26T07:35:17.113Z","type":"debug","text":"JSHandle@symbol JSHandle@symbol \"Setting the current frame to 907\" handle was cleared after 0ms"}
{"t":"2026-09-26T07:35:17.146Z","type":"debug","text":"JSHandle@symbol JSHandle@symbol \"Setting the current frame to 908\" handle was cleared after 1ms"}
{"t":"2026-09-26T07:35:17.179Z","type":"debug","text":"JSHandle@symbol JSHandle@symbol \"Setting the current frame to 909\" handle was cleared after 0ms"}
{"t":"2026-09-26T07:35:17.213Z","type":"debug","text":"JSHandle@symbol JSHandle@symbol \"Setting the current frame to 910\" handle was cleared after 0ms"}
{"t":"2026-09-26T07:35:17.245Z","type":"debug","text":"JSHandle@symbol JSHandle@symbol \"Setting the current frame to 911\" handle was cleared after 1ms"}
{"t":"2026-09-26T07:35:17.280Z","type":"debug","text":"JSHandle@symbol JSHandle@symbol \"Setting the current frame to 912\" handle was cleared after 1ms"}
{"t":"2026-09-26T07:35:17.316Z","type":"debug","text":"JSHandle@symbol JSHandle@symbol \"Setting the current frame to 913\" handle was cleared after 1ms"}
{"t":"2026-09-26T07:35:17.345Z","type":"debug","text":"JSHandle@symbol JSHandle@symbol \"Setting the current frame to 914\" handle was cleared after 0ms"}
{"t":"2026-09-26T07:35:17.379Z","type":"debug","text":"JSHandle@symbol JSHandle@symbol \"Setting the current frame to 915\" handle was cleared after 0ms"}
{"t":"2026-09-26T07:35:17.415Z","type":"debug","text":"JSHandle@symbol JSHandle@symbol \"Setting the current frame to 916\" handle was cleared after 0ms"}
{"t":"2026-09-26T07:35:17.446Z","type":"debug","text":"JSHandle@symbol JSHandle@symbol \"Setting the current frame to 917\" handle was cleared after 1ms"}
{"t":"2026-09-26T07:35:17.480Z","type":"debug","text":"JSHandle@symbol JSHandle@symbol \"Setting the current frame to 918\" handle was cleared after 1ms"}
{"t":"2026-09-26T07:35:17.513Z","type":"debug","text":"JSHandle@symbol JSHandle@symbol \"Setting the current frame to 919\" handle was cleared after 0ms"}
{"t":"2026-09-26T07:35:17.546Z","type":"debug","text":"JSHandle@symbol JSHandle@symbol \"Setting the current frame to 920\" handle was cleared after 1ms"}
{"t":"2026-09-26T07:35:17.581Z","type":"debug","text":"JSHandle@symbol JSHandle@symbol \"Setting the current frame to 921\" handle was cleared after 1ms"}
{"t":"2026-09-26T07:35:17.612Z","type":"debug","text":"JSHandle@symbol JSHandle@symbol \"Setting the current frame to 922\" handle was cleared after 0ms"}
{"t":"2026-09-26T07:35:17.645Z","type":"debug","text":"JSHandle@symbol JSHandle@symbol \"Setting the current frame to 923\" handle was cleared after 1ms"}
{"t":"2026-09-26T07:35:17.679Z","type":"debug","text":"JSHandle@symbol JSHandle@symbol \"Setting the current frame to 924\" handle was cleared after 1ms"}
{"t":"2026-09-26T07:35:17.713Z","type":"debug","text":"JSHandle@symbol JSHandle@symbol \"Setting the current frame to 925\" handle was cleared after 0ms"}
{"t":"2026-09-26T07:35:17.746Z","type":"debug","text":"JSHandle@symbol JSHandle@symbol \"Setting the current frame to 926\" handle was cleared after 1ms"}
{"t":"2026-09-26T07:35:17.778Z","type":"debug","text":"JSHandle@symbol JSHandle@symbol \"Setting the current frame to 927\" handle was cleared after 1ms"}
{"t":"2026-09-26T07:35:17.813Z","type":"debug","text":"JSHandle@symbol JSHandle@symbol \"Setting the current frame to 928\" handle was cleared after 1ms"}
{"t":"2026-09-26T07:35:17.846Z","type":"debug","text":"JSHandle@symbol JSHandle@symbol \"Setting the current frame to 929\" handle was cleared after 0ms"}
{"t":"2026-09-26T07:35:17.879Z","type":"debug","text":"JSHandle@symbol JSHandle@symbol \"Setting the current frame to 930\" handle was cleared after 1ms"}
{"t":"2026-09-26T07:35:17.913Z","type":"debug","text":"JSHandle@symbol JSHandle@symbol \"Setting the current frame to 931\" handle was cleared after 1ms"}
{"t":"2026-09-26T07:35:17.946Z","type":"debug","text":"JSHandle@symbol JSHandle@symbol \"Setting the current frame to 932\" handle was cleared after 1ms"}
{"t":"2026-09-26T07:35:17.979Z","type":"debug","text":"JSHandle@symbol JSHandle@symbol \"Setting the current frame to 933\" handle was cleared after 1ms"}
{"t":"2026-09-26T07:35:18.013Z","type":"debug","text":"JSHandle@symbol JSHandle@symbol \"Setting the current frame to 934\" handle was cleared after 1ms"}
{"t":"2026-09-26T07:35:18.045Z","type":"debug","text":"JSHandle@symbol JSHandle@symbol \"Setting the current frame to 935\" handle was cleared after 1ms"}
{"t":"2026-09-26T07:35:18.080Z","type":"debug","text":"JSHandle@symbol JSHandle@symbol \"Setting the current frame to 936\" handle was cleared after 1ms"}
{"t":"2026-09-26T07:35:18.113Z","type":"debug","text":"JSHandle@symbol JSHandle@symbol \"Setting the current frame to 937\" handle was cleared after 1ms"}
{"t":"2026-09-26T07:35:18.145Z","type":"debug","text":"JSHandle@symbol JSHandle@symbol \"Setting the current frame to 938\" handle was cleared after 0ms"}
{"t":"2026-09-26T07:35:18.179Z","type":"debug","text":"JSHandle@symbol JSHandle@symbol \"Setting the current frame to 939\" handle was cleared after 1ms"}
{"t":"2026-09-26T07:35:18.214Z","type":"debug","text":"JSHandle@symbol JSHandle@symbol \"Setting the current frame to 940\" handle was cleared after 1ms"}
{"t":"2026-09-26T07:35:18.245Z","type":"debug","text":"JSHandle@symbol JSHandle@symbol \"Setting the current frame to 941\" handle was cleared after 1ms"}
{"t":"2026-09-26T07:35:18.280Z","type":"debug","text":"JSHandle@symbol JSHandle@symbol \"Setting the current frame to 942\" handle was cleared after 1ms"}
{"t":"2026-09-26T07:35:18.313Z","type":"debug","text":"JSHandle@symbol JSHandle@symbol \"Setting the current frame to 943\" handle was cleared after 1ms"}
{"t":"2026-09-26T07:35:18.345Z","type":"debug","text":"JSHandle@symbol JSHandle@symbol \"Setting the current frame to 944\" handle was cleared after 0ms"}
{"t":"2026-09-26T07:35:18.379Z","type":"debug","text":"JSHandle@symbol JSHandle@symbol \"Setting the current frame to 945\" handle was cleared after 1ms"}
{"t":"2026-09-26T07:35:18.414Z","type":"debug","text":"JSHandle@symbol JSHandle@symbol \"Setting the current frame to 946\" handle was cleared after 1ms"}
{"t":"2026-09-26T07:35:18.446Z","type":"debug","text":"JSHandle@symbol JSHandle@symbol \"Setting the current frame to 947\" handle was cleared after 1ms"}
{"t":"2026-09-26T07:35:18.484Z","type":"debug","text":"JSHandle@symbol JSHandle@symbol \"Setting the current frame to 948\" handle was cleared after 1ms"}
{"t":"2026-09-26T07:35:18.518Z","type":"debug","text":"JSHandle@symbol JSHandle@symbol \"Setting the current frame to 949\" handle was cleared after 0ms"}
{"t":"2026-09-26T07:35:18.547Z","type":"debug","text":"JSHandle@symbol JSHandle@symbol \"Setting the current frame to 950\" handle was cleared after 1ms"}
{"t":"2026-09-26T07:35:18.587Z","type":"debug","text":"JSHandle@symbol JSHandle@symbol \"Setting the current frame to 951\" handle was cleared after 10ms"}
{"t":"2026-09-26T07:35:18.614Z","type":"debug","text":"JSHandle@symbol JSHandle@symbol \"Setting the current frame to 952\" handle was cleared after 1ms"}
{"t":"2026-09-26T07:35:18.653Z","type":"debug","text":"JSHandle@symbol JSHandle@symbol \"Setting the current frame to 953\" handle was cleared after 8ms"}
{"t":"2026-09-26T07:35:18.679Z","type":"debug","text":"JSHandle@symbol JSHandle@symbol \"Setting the current frame to 954\" handle was cleared after 0ms"}
{"t":"2026-09-26T07:35:18.720Z","type":"debug","text":"JSHandle@symbol JSHandle@symbol \"Setting the current frame to 955\" handle was cleared after 6ms"}
{"t":"2026-09-26T07:35:18.745Z","type":"debug","text":"JSHandle@symbol JSHandle@symbol \"Setting the current frame to 956\" handle was cleared after 1ms"}
{"t":"2026-09-26T07:35:18.786Z","type":"debug","text":"JSHandle@symbol JSHandle@symbol \"Setting the current frame to 957\" handle was cleared after 5ms"}
{"t":"2026-09-26T07:35:18.812Z","type":"debug","text":"JSHandle@symbol JSHandle@symbol \"Setting the current frame to 958\" handle was cleared after 1ms"}
{"t":"2026-09-26T07:35:18.853Z","type":"debug","text":"JSHandle@symbol JSHandle@symbol \"Setting the current frame to 959\" handle was cleared after 8ms"}
{"t":"2026-09-26T07:35:18.879Z","type":"debug","text":"JSHandle@symbol JSHandle@symbol \"Setting the current frame to 960\" handle was cleared after 1ms"}
{"t":"2026-09-26T07:35:18.920Z","type":"debug","text":"JSHandle@symbol JSHandle@symbol \"Setting the current frame to 961\" handle was cleared after 5ms"}
{"t":"2026-09-26T07:35:18.946Z","type":"debug","text":"JSHandle@symbol JSHandle@symbol \"Setting the current frame to 962\" handle was cleared after 1ms"}
{"t":"2026-09-26T07:35:18.987Z","type":"debug","text":"JSHandle@symbol JSHandle@symbol \"Setting the current frame to 963\" handle was cleared after 9ms"}
{"t":"2026-09-26T07:35:19.015Z","type":"debug","text":"JSHandle@symbol JSHandle@symbol \"Setting the current frame to 964\" handle was cleared after 1ms"}
{"t":"2026-09-26T07:35:19.053Z","type":"debug","text":"JSHandle@symbol JSHandle@symbol \"Setting the current frame to 965\" handle was cleared after 9ms"}
{"t":"2026-09-26T07:35:19.079Z","type":"debug","text":"JSHandle@symbol JSHandle@symbol \"Setting the current frame to 966\" handle was cleared after 1ms"}
{"t":"2026-09-26T07:35:19.120Z","type":"debug","text":"JSHandle@symbol JSHandle@symbol \"Setting the current frame to 967\" handle was cleared after 8ms"}
{"t":"2026-09-26T07:35:19.145Z","type":"debug","text":"JSHandle@symbol JSHandle@symbol \"Setting the current frame to 968\" handle was cleared after 0ms"}
{"t":"2026-09-26T07:35:19.186Z","type":"debug","text":"JSHandle@symbol JSHandle@symbol \"Setting the current frame to 969\" handle was cleared after 8ms"}
{"t":"2026-09-26T07:35:19.213Z","type":"debug","text":"JSHandle@symbol JSHandle@symbol \"Setting the current frame to 970\" handle was cleared after 1ms"}
{"t":"2026-09-26T07:35:19.254Z","type":"debug","text":"JSHandle@symbol JSHandle@symbol \"Setting the current frame to 971\" handle was cleared after 10ms"}
{"t":"2026-09-26T07:35:19.280Z","type":"debug","text":"JSHandle@symbol JSHandle@symbol \"Setting the current frame to 972\" handle was cleared after 1ms"}
{"t":"2026-09-26T07:35:19.320Z","type":"debug","text":"JSHandle@symbol JSHandle@symbol \"Setting the current frame to 973\" handle was cleared after 8ms"}
{"t":"2026-09-26T07:35:19.345Z","type":"debug","text":"JSHandle@symbol JSHandle@symbol \"Setting the current frame to 974\" handle was cleared after 0ms"}
{"t":"2026-09-26T07:35:19.388Z","type":"debug","text":"JSHandle@symbol JSHandle@symbol \"Setting the current frame to 975\" handle was cleared after 9ms"}
{"t":"2026-09-26T07:35:19.415Z","type":"debug","text":"JSHandle@symbol JSHandle@symbol \"Setting the current frame to 976\" handle was cleared after 1ms"}
{"t":"2026-09-26T07:35:19.453Z","type":"debug","text":"JSHandle@symbol JSHandle@symbol \"Setting the current frame to 977\" handle was cleared after 9ms"}
{"t":"2026-09-26T07:35:19.479Z","type":"debug","text":"JSHandle@symbol JSHandle@symbol \"Setting the current frame to 978\" handle was cleared after 0ms"}
{"t":"2026-09-26T07:35:19.520Z","type":"debug","text":"JSHandle@symbol JSHandle@symbol \"Setting the current frame to 979\" handle was cleared after 7ms"}
{"t":"2026-09-26T07:35:19.546Z","type":"debug","text":"JSHandle@symbol JSHandle@symbol \"Setting the current frame to 980\" handle was cleared after 1ms"}
{"t":"2026-09-26T07:35:19.586Z","type":"debug","text":"JSHandle@symbol JSHandle@symbol \"Setting the current frame to 981\" handle was cleared after 6ms"}
{"t":"2026-09-26T07:35:19.611Z","type":"debug","text":"JSHandle@symbol JSHandle@symbol \"Setting the current frame to 982\" handle was cleared after 0ms"}
{"t":"2026-09-26T07:35:19.654Z","type":"debug","text":"JSHandle@symbol JSHandle@symbol \"Setting the current frame to 983\" handle was cleared after 9ms"}
{"t":"2026-09-26T07:35:19.680Z","type":"debug","text":"JSHandle@symbol JSHandle@symbol \"Setting the current frame to 984\" handle was cleared after 1ms"}
{"t":"2026-09-26T07:35:19.719Z","type":"debug","text":"JSHandle@symbol JSHandle@symbol \"Setting the current frame to 985\" handle was cleared after 6ms"}
{"t":"2026-09-26T07:35:19.746Z","type":"debug","text":"JSHandle@symbol JSHandle@symbol \"Setting the current frame to 986\" handle was cleared after 1ms"}
{"t":"2026-09-26T07:35:19.787Z","type":"debug","text":"JSHandle@symbol JSHandle@symbol \"Setting the current frame to 987\" handle was cleared after 8ms"}
{"t":"2026-09-26T07:35:19.814Z","type":"debug","text":"JSHandle@symbol JSHandle@symbol \"Setting the current frame to 988\" handle was cleared after 1ms"}
{"t":"2026-09-26T07:35:19.853Z","type":"debug","text":"JSHandle@symbol JSHandle@symbol \"Setting the current frame to 989\" handle was cleared after 7ms"}
{"t":"2026-09-26T07:35:19.879Z","type":"debug","text":"JSHandle@symbol JSHandle@symbol \"Setting the current frame to 990\" handle was cleared after 1ms"}
{"t":"2026-09-26T07:35:19.920Z","type":"debug","text":"JSHandle@symbol JSHandle@symbol \"Setting the current frame to 991\" handle was cleared after 9ms"}
{"t":"2026-09-26T07:35:19.945Z","type":"debug","text":"JSHandle@symbol JSHandle@symbol \"Setting the current frame to 992\" handle was cleared after 0ms"}
{"t":"2026-09-26T07:35:19.988Z","type":"debug","text":"JSHandle@symbol JSHandle@symbol \"Setting the current frame to 993\" handle was cleared after 9ms"}
{"t":"2026-09-26T07:35:20.014Z","type":"debug","text":"JSHandle@symbol JSHandle@symbol \"Setting the current frame to 994\" handle was cleared after 1ms"}
{"t":"2026-09-26T07:35:20.053Z","type":"debug","text":"JSHandle@symbol JSHandle@symbol \"Setting the current frame to 995\" handle was cleared after 7ms"}
{"t":"2026-09-26T07:35:20.080Z","type":"debug","text":"JSHandle@symbol JSHandle@symbol \"Setting the current frame to 996\" handle was cleared after 1ms"}
{"t":"2026-09-26T07:35:20.120Z","type":"debug","text":"JSHandle@symbol JSHandle@symbol \"Setting the current frame to 997\" handle was cleared after 7ms"}
{"t":"2026-09-26T07:35:20.147Z","type":"debug","text":"JSHandle@symbol JSHandle@symbol \"Setting the current frame to 998\" handle was cleared after 1ms"}
{"t":"2026-09-26T07:35:20.186Z","type":"debug","text":"JSHandle@symbol JSHandle@symbol \"Setting the current frame to 999\" handle was cleared after 8ms"}
{"t":"2026-09-26T07:35:20.212Z","type":"debug","text":"JSHandle@symbol JSHandle@symbol \"Setting the current frame to 1000\" handle was cleared after 1ms"}
{"t":"2026-09-26T07:35:20.253Z","type":"debug","text":"JSHandle@symbol JSHandle@symbol \"Setting the current frame to 1001\" handle was cleared after 9ms"}
{"t":"2026-09-26T07:35:20.279Z","type":"debug","text":"JSHandle@symbol JSHandle@symbol \"Setting the current frame to 1002\" handle was cleared after 1ms"}
{"t":"2026-09-26T07:35:20.320Z","type":"debug","text":"JSHandle@symbol JSHandle@symbol \"Setting the current frame to 1003\" handle was cleared after 8ms"}
{"t":"2026-09-26T07:35:20.347Z","type":"debug","text":"JSHandle@symbol JSHandle@symbol \"Setting the current frame to 1004\" handle was cleared after 1ms"}
{"t":"2026-09-26T07:35:20.379Z","type":"debug","text":"JSHandle@symbol JSHandle@symbol \"Setting the current frame to 1005\" handle was cleared after 0ms"}
{"t":"2026-09-26T07:35:20.413Z","type":"debug","text":"JSHandle@symbol JSHandle@symbol \"Setting the current frame to 1006\" handle was cleared after 1ms"}
{"t":"2026-09-26T07:35:20.445Z","type":"debug","text":"JSHandle@symbol JSHandle@symbol \"Setting the current frame to 1007\" handle was cleared after 1ms"}
{"t":"2026-09-26T07:35:20.478Z","type":"debug","text":"JSHandle@symbol JSHandle@symbol \"Setting the current frame to 1008\" handle was cleared after 1ms"}
{"t":"2026-09-26T07:35:20.513Z","type":"debug","text":"JSHandle@symbol JSHandle@symbol \"Setting the current frame to 1009\" handle was cleared after 0ms"}
{"t":"2026-09-26T07:35:20.545Z","type":"debug","text":"JSHandle@symbol JSHandle@symbol \"Setting the current frame to 1010\" handle was cleared after 1ms"}
{"t":"2026-09-26T07:35:20.579Z","type":"debug","text":"JSHandle@symbol JSHandle@symbol \"Setting the current frame to 1011\" handle was cleared after 1ms"}
{"t":"2026-09-26T07:35:20.612Z","type":"debug","text":"JSHandle@symbol JSHandle@symbol \"Setting the current frame to 1012\" handle was cleared after 1ms"}
{"t":"2026-09-26T07:35:20.645Z","type":"debug","text":"JSHandle@symbol JSHandle@symbol \"Setting the current frame to 1013\" handle was cleared after 1ms"}
{"t":"2026-09-26T07:35:20.679Z","type":"debug","text":"JSHandle@symbol JSHandle@symbol \"Setting the current frame to 1014\" handle was cleared after 1ms"}
{"t":"2026-09-26T07:35:20.716Z","type":"debug","text":"JSHandle@symbol JSHandle@symbol \"Setting the current frame to 1015\" handle was cleared after 1ms"}
{"t":"2026-09-26T07:35:20.746Z","type":"debug","text":"JSHandle@symbol JSHandle@symbol \"Setting the current frame to 1016\" handle was cleared after 1ms"}
{"t":"2026-09-26T07:35:20.779Z","type":"debug","text":"JSHandle@symbol JSHandle@symbol \"Setting the current frame to 1017\" handle was cleared after 1ms"}
{"t":"2026-09-26T07:35:20.813Z","type":"debug","text":"JSHandle@symbol JSHandle@symbol \"Setting the current frame to 1018\" handle was cleared after 1ms"}
{"t":"2026-09-26T07:35:20.848Z","type":"debug","text":"JSHandle@symbol JSHandle@symbol \"Setting the current frame to 1019\" handle was cleared after 2ms"}
{"t":"2026-09-26T07:35:20.879Z","type":"debug","text":"JSHandle@symbol JSHandle@symbol \"Setting the current frame to 1020\" handle was cleared after 1ms"}
{"t":"2026-09-26T07:35:20.914Z","type":"debug","text":"JSHandle@symbol JSHandle@symbol \"Setting the current frame to 1021\" handle was cleared after 1ms"}
{"t":"2026-09-26T07:35:20.950Z","type":"debug","text":"JSHandle@symbol JSHandle@symbol \"Setting the current frame to 1022\" handle was cleared after 1ms"}
{"t":"2026-09-26T07:35:20.981Z","type":"debug","text":"JSHandle@symbol JSHandle@symbol \"Setting the current frame to 1023\" handle was cleared after 1ms"}
{"t":"2026-09-26T07:35:21.014Z","type":"debug","text":"JSHandle@symbol JSHandle@symbol \"Setting the current frame to 1024\" handle was cleared after 1ms"}
{"t":"2026-09-26T07:35:21.047Z","type":"debug","text":"JSHandle@symbol JSHandle@symbol \"Setting the current frame to 1025\" handle was cleared after 1ms"}
{"t":"2026-09-26T07:35:21.078Z","type":"debug","text":"JSHandle@symbol JSHandle@symbol \"Setting the current frame to 1026\" handle was cleared after 1ms"}
{"t":"2026-09-26T07:35:21.113Z","type":"debug","text":"JSHandle@symbol JSHandle@symbol \"Setting the current frame to 1027\" handle was cleared after 1ms"}
{"t":"2026-09-26T07:35:21.146Z","type":"debug","text":"JSHandle@symbol JSHandle@symbol \"Setting the current frame to 1028\" handle was cleared after 1ms"}
{"t":"2026-09-26T07:35:21.180Z","type":"debug","text":"JSHandle@symbol JSHandle@symbol \"Setting the current frame to 1029\" handle was cleared after 1ms"}
{"t":"2026-09-26T07:35:21.212Z","type":"debug","text":"JSHandle@symbol JSHandle@symbol \"Setting the current frame to 1030\" handle was cleared after 1ms"}
{"t":"2026-09-26T07:35:21.245Z","type":"debug","text":"JSHandle@symbol JSHandle@symbol \"Setting the current frame to 1031\" handle was cleared after 1ms"}
{"t":"2026-09-26T07:35:21.278Z","type":"debug","text":"JSHandle@symbol JSHandle@symbol \"Setting the current frame to 1032\" handle was cleared after 1ms"}
{"t":"2026-09-26T07:35:21.313Z","type":"debug","text":"JSHandle@symbol JSHandle@symbol \"Setting the current frame to 1033\" handle was cleared after 1ms"}
{"t":"2026-09-26T07:35:21.346Z","type":"debug","text":"JSHandle@symbol JSHandle@symbol \"Setting the current frame to 1034\" handle was cleared after 0ms"}
{"t":"2026-09-26T07:35:21.380Z","type":"debug","text":"JSHandle@symbol JSHandle@symbol \"Setting the current frame to 1035\" handle was cleared after 1ms"}
{"t":"2026-09-26T07:35:21.412Z","type":"debug","text":"JSHandle@symbol JSHandle@symbol \"Setting the current frame to 1036\" handle was cleared after 1ms"}
{"t":"2026-09-26T07:35:21.445Z","type":"debug","text":"JSHandle@symbol JSHandle@symbol \"Setting the current frame to 1037\" handle was cleared after 1ms"}
{"t":"2026-09-26T07:35:21.478Z","type":"debug","text":"JSHandle@symbol JSHandle@symbol \"Setting the current frame to 1038\" handle was cleared after 1ms"}
{"t":"2026-09-26T07:35:21.513Z","type":"debug","text":"JSHandle@symbol JSHandle@symbol \"Setting the current frame to 1039\" handle was cleared after 1ms"}
{"t":"2026-09-26T07:35:21.545Z","type":"debug","text":"JSHandle@symbol JSHandle@symbol \"Setting the current frame to 1040\" handle was cleared after 1ms"}
{"t":"2026-09-26T07:35:21.580Z","type":"debug","text":"JSHandle@symbol JSHandle@symbol \"Setting the current frame to 1041\" handle was cleared after 1ms"}
{"t":"2026-09-26T07:35:21.613Z","type":"debug","text":"JSHandle@symbol JSHandle@symbol \"Setting the current frame to 1042\" handle was cleared after 1ms"}
{"t":"2026-09-26T07:35:21.645Z","type":"debug","text":"JSHandle@symbol JSHandle@symbol \"Setting the current frame to 1043\" handle was cleared after 0ms"}
{"t":"2026-09-26T07:35:21.678Z","type":"debug","text":"JSHandle@symbol JSHandle@symbol \"Setting the current frame to 1044\" handle was cleared after 0ms"}
{"t":"2026-09-26T07:35:21.713Z","type":"debug","text":"JSHandle@symbol JSHandle@symbol \"Setting the current frame to 1045\" handle was cleared after 0ms"}
{"t":"2026-09-26T07:35:21.746Z","type":"debug","text":"JSHandle@symbol JSHandle@symbol \"Setting the current frame to 1046\" handle was cleared after 1ms"}
{"t":"2026-09-26T07:35:21.782Z","type":"debug","text":"JSHandle@symbol JSHandle@symbol \"Setting the current frame to 1047\" handle was cleared after 1ms"}
{"t":"2026-09-26T07:35:21.813Z","type":"debug","text":"JSHandle@symbol JSHandle@symbol \"Setting the current frame to 1048\" handle was cleared after 0ms"}
{"t":"2026-09-26T07:35:21.852Z","type":"debug","text":"JSHandle@symbol JSHandle@symbol \"Setting the current frame to 1049\" handle was cleared after 1ms"}
{"t":"2026-09-26T07:35:21.884Z","type":"debug","text":"JSHandle@symbol JSHandle@symbol \"Setting the current frame to 1050\" handle was cleared after 1ms"}
{"t":"2026-09-26T07:35:21.919Z","type":"debug","text":"JSHandle@symbol JSHandle@symbol \"Setting the current frame to 1051\" handle was cleared after 8ms"}
{"t":"2026-09-26T07:35:21.946Z","type":"debug","text":"JSHandle@symbol JSHandle@symbol \"Setting the current frame to 1052\" handle was cleared after 1ms"}
{"t":"2026-09-26T07:35:21.986Z","type":"debug","text":"JSHandle@symbol JSHandle@symbol \"Setting the current frame to 1053\" handle was cleared after 8ms"}
{"t":"2026-09-26T07:35:22.013Z","type":"debug","text":"JSHandle@symbol JSHandle@symbol \"Setting the current frame to 1054\" handle was cleared after 1ms"}
{"t":"2026-09-26T07:35:22.053Z","type":"debug","text":"JSHandle@symbol JSHandle@symbol \"Setting the current frame to 1055\" handle was cleared after 6ms"}
{"t":"2026-09-26T07:35:22.079Z","type":"debug","text":"JSHandle@symbol JSHandle@symbol \"Setting the current frame to 1056\" handle was cleared after 1ms"}
{"t":"2026-09-26T07:35:22.119Z","type":"debug","text":"JSHandle@symbol JSHandle@symbol \"Setting the current frame to 1057\" handle was cleared after 5ms"}
{"t":"2026-09-26T07:35:22.145Z","type":"debug","text":"JSHandle@symbol JSHandle@symbol \"Setting the current frame to 1058\" handle was cleared after 0ms"}
{"t":"2026-09-26T07:35:22.187Z","type":"debug","text":"JSHandle@symbol JSHandle@symbol \"Setting the current frame to 1059\" handle was cleared after 8ms"}
{"t":"2026-09-26T07:35:22.213Z","type":"debug","text":"JSHandle@symbol JSHandle@symbol \"Setting the current frame to 1060\" handle was cleared after 1ms"}
{"t":"2026-09-26T07:35:22.253Z","type":"debug","text":"JSHandle@symbol JSHandle@symbol \"Setting the current frame to 1061\" handle was cleared after 9ms"}
{"t":"2026-09-26T07:35:22.279Z","type":"debug","text":"JSHandle@symbol JSHandle@symbol \"Setting the current frame to 1062\" handle was cleared after 1ms"}
{"t":"2026-09-26T07:35:22.321Z","type":"debug","text":"JSHandle@symbol JSHandle@symbol \"Setting the current frame to 1063\" handle was cleared after 9ms"}
{"t":"2026-09-26T07:35:22.346Z","type":"debug","text":"JSHandle@symbol JSHandle@symbol \"Setting the current frame to 1064\" handle was cleared after 0ms"}
{"t":"2026-09-26T07:35:22.386Z","type":"debug","text":"JSHandle@symbol JSHandle@symbol \"Setting the current frame to 1065\" handle was cleared after 7ms"}
{"t":"2026-09-26T07:35:22.412Z","type":"debug","text":"JSHandle@symbol JSHandle@symbol \"Setting the current frame to 1066\" handle was cleared after 1ms"}
{"t":"2026-09-26T07:35:22.453Z","type":"debug","text":"JSHandle@symbol JSHandle@symbol \"Setting the current frame to 1067\" handle was cleared after 8ms"}
{"t":"2026-09-26T07:35:22.478Z","type":"debug","text":"JSHandle@symbol JSHandle@symbol \"Setting the current frame to 1068\" handle was cleared after 0ms"}
{"t":"2026-09-26T07:35:22.520Z","type":"debug","text":"JSHandle@symbol JSHandle@symbol \"Setting the current frame to 1069\" handle was cleared after 7ms"}
{"t":"2026-09-26T07:35:22.546Z","type":"debug","text":"JSHandle@symbol JSHandle@symbol \"Setting the current frame to 1070\" handle was cleared after 1ms"}
{"t":"2026-09-26T07:35:22.586Z","type":"debug","text":"JSHandle@symbol JSHandle@symbol \"Setting the current frame to 1071\" handle was cleared after 7ms"}
{"t":"2026-09-26T07:35:22.611Z","type":"debug","text":"JSHandle@symbol JSHandle@symbol \"Setting the current frame to 1072\" handle was cleared after 0ms"}
{"t":"2026-09-26T07:35:22.653Z","type":"debug","text":"JSHandle@symbol JSHandle@symbol \"Setting the current frame to 1073\" handle was cleared after 8ms"}
{"t":"2026-09-26T07:35:22.679Z","type":"debug","text":"JSHandle@symbol JSHandle@symbol \"Setting the current frame to 1074\" handle was cleared after 1ms"}
{"t":"2026-09-26T07:35:22.719Z","type":"debug","text":"JSHandle@symbol JSHandle@symbol \"Setting the current frame to 1075\" handle was cleared after 7ms"}
{"t":"2026-09-26T07:35:22.747Z","type":"debug","text":"JSHandle@symbol JSHandle@symbol \"Setting the current frame to 1076\" handle was cleared after 1ms"}
{"t":"2026-09-26T07:35:22.787Z","type":"debug","text":"JSHandle@symbol JSHandle@symbol \"Setting the current frame to 1077\" handle was cleared after 6ms"}
{"t":"2026-09-26T07:35:22.813Z","type":"debug","text":"JSHandle@symbol JSHandle@symbol \"Setting the current frame to 1078\" handle was cleared after 1ms"}
{"t":"2026-09-26T07:35:22.853Z","type":"debug","text":"JSHandle@symbol JSHandle@symbol \"Setting the current frame to 1079\" handle was cleared after 6ms"}
{"t":"2026-09-26T07:35:22.880Z","type":"debug","text":"JSHandle@symbol JSHandle@symbol \"Setting the current frame to 1080\" handle was cleared after 1ms"}
{"t":"2026-09-26T07:35:22.919Z","type":"debug","text":"JSHandle@symbol JSHandle@symbol \"Setting the current frame to 1081\" handle was cleared after 8ms"}
{"t":"2026-09-26T07:35:22.945Z","type":"debug","text":"JSHandle@symbol JSHandle@symbol \"Setting the current frame to 1082\" handle was cleared after 1ms"}
{"t":"2026-09-26T07:35:22.987Z","type":"debug","text":"JSHandle@symbol JSHandle@symbol \"Setting the current frame to 1083\" handle was cleared after 9ms"}
{"t":"2026-09-26T07:35:23.014Z","type":"debug","text":"JSHandle@symbol JSHandle@symbol \"Setting the current frame to 1084\" handle was cleared after 1ms"}
{"t":"2026-09-26T07:35:23.047Z","type":"debug","text":"JSHandle@symbol JSHandle@symbol \"Setting the current frame to 1085\" handle was cleared after 0ms"}
{"t":"2026-09-26T07:35:23.080Z","type":"debug","text":"JSHandle@symbol JSHandle@symbol \"Setting the current frame to 1086\" handle was cleared after 1ms"}
{"t":"2026-09-26T07:35:23.113Z","type":"debug","text":"JSHandle@symbol JSHandle@symbol \"Setting the current frame to 1087\" handle was cleared after 1ms"}
{"t":"2026-09-26T07:35:23.146Z","type":"debug","text":"JSHandle@symbol JSHandle@symbol \"Setting the current frame to 1088\" handle was cleared after 1ms"}
{"t":"2026-09-26T07:35:23.178Z","type":"debug","text":"JSHandle@symbol JSHandle@symbol \"Setting the current frame to 1089\" handle was cleared after 1ms"}
{"t":"2026-09-26T07:35:23.212Z","type":"debug","text":"JSHandle@symbol JSHandle@symbol \"Setting the current frame to 1090\" handle was cleared after 0ms"}
{"t":"2026-09-26T07:35:23.246Z","type":"debug","text":"JSHandle@symbol JSHandle@symbol \"Setting the current frame to 1091\" handle was cleared after 1ms"}
{"t":"2026-09-26T07:35:23.279Z","type":"debug","text":"JSHandle@symbol JSHandle@symbol \"Setting the current frame to 1092\" handle was cleared after 1ms"}
{"t":"2026-09-26T07:35:23.311Z","type":"debug","text":"JSHandle@symbol JSHandle@symbol \"Setting the current frame to 1093\" handle was cleared after 0ms"}
{"t":"2026-09-26T07:35:23.346Z","type":"debug","text":"JSHandle@symbol JSHandle@symbol \"Setting the current frame to 1094\" handle was cleared after 1ms"}
{"t":"2026-09-26T07:35:23.379Z","type":"debug","text":"JSHandle@symbol JSHandle@symbol \"Setting the current frame to 1095\" handle was cleared after 0ms"}
{"t":"2026-09-26T07:35:23.412Z","type":"debug","text":"JSHandle@symbol JSHandle@symbol \"Setting the current frame to 1096\" handle was cleared after 1ms"}
{"t":"2026-09-26T07:35:23.446Z","type":"debug","text":"JSHandle@symbol JSHandle@symbol \"Setting the current frame to 1097\" handle was cleared after 1ms"}
{"t":"2026-09-26T07:35:23.479Z","type":"debug","text":"JSHandle@symbol JSHandle@symbol \"Setting the current frame to 1098\" handle was cleared after 1ms"}
{"t":"2026-09-26T07:35:23.512Z","type":"debug","text":"JSHandle@symbol JSHandle@symbol \"Setting the current frame to 1099\" handle was cleared after 0ms"}
{"t":"2026-09-26T07:35:23.546Z","type":"debug","text":"JSHandle@symbol JSHandle@symbol \"Setting the current frame to 1100\" handle was cleared after 1ms"}
{"t":"2026-09-26T07:35:23.579Z","type":"debug","text":"JSHandle@symbol JSHandle@symbol \"Setting the current frame to 1101\" handle was cleared after 1ms"}
{"t":"2026-09-26T07:35:23.613Z","type":"debug","text":"JSHandle@symbol JSHandle@symbol \"Setting the current frame to 1102\" handle was cleared after 1ms"}
{"t":"2026-09-26T07:35:23.645Z","type":"debug","text":"JSHandle@symbol JSHandle@symbol \"Setting the current frame to 1103\" handle was cleared after 0ms"}
{"t":"2026-09-26T07:35:23.679Z","type":"debug","text":"JSHandle@symbol JSHandle@symbol \"Setting the current frame to 1104\" handle was cleared after 0ms"}
{"t":"2026-09-26T07:35:23.713Z","type":"debug","text":"JSHandle@symbol JSHandle@symbol \"Setting the current frame to 1105\" handle was cleared after 1ms"}
{"t":"2026-09-26T07:35:23.748Z","type":"debug","text":"JSHandle@symbol JSHandle@symbol \"Setting the current frame to 1106\" handle was cleared after 1ms"}
{"t":"2026-09-26T07:35:23.779Z","type":"debug","text":"JSHandle@symbol JSHandle@symbol \"Setting the current frame to 1107\" handle was cleared after 1ms"}
{"t":"2026-09-26T07:35:23.812Z","type":"debug","text":"JSHandle@symbol JSHandle@symbol \"Setting the current frame to 1108\" handle was cleared after 1ms"}
{"t":"2026-09-26T07:35:23.846Z","type":"debug","text":"JSHandle@symbol JSHandle@symbol \"Setting the current frame to 1109\" handle was cleared after 0ms"}
{"t":"2026-09-26T07:35:23.879Z","type":"debug","text":"JSHandle@symbol JSHandle@symbol \"Setting the current frame to 1110\" handle was cleared after 0ms"}
{"t":"2026-09-26T07:35:23.912Z","type":"debug","text":"JSHandle@symbol JSHandle@symbol \"Setting the current frame to 1111\" handle was cleared after 1ms"}
{"t":"2026-09-26T07:35:23.947Z","type":"debug","text":"JSHandle@symbol JSHandle@symbol \"Setting the current frame to 1112\" handle was cleared after 1ms"}
{"t":"2026-09-26T07:35:23.979Z","type":"debug","text":"JSHandle@symbol JSHandle@symbol \"Setting the current frame to 1113\" handle was cleared after 1ms"}
{"t":"2026-09-26T07:35:24.012Z","type":"debug","text":"JSHandle@symbol JSHandle@symbol \"Setting the current frame to 1114\" handle was cleared after 1ms"}
{"t":"2026-09-26T07:35:24.046Z","type":"debug","text":"JSHandle@symbol JSHandle@symbol \"Setting the current frame to 1115\" handle was cleared after 1ms"}
{"t":"2026-09-26T07:35:24.080Z","type":"debug","text":"JSHandle@symbol JSHandle@symbol \"Setting the current frame to 1116\" handle was cleared after 1ms"}
{"t":"2026-09-26T07:35:24.112Z","type":"debug","text":"JSHandle@symbol JSHandle@symbol \"Setting the current frame to 1117\" handle was cleared after 1ms"}
{"t":"2026-09-26T07:35:24.152Z","type":"debug","text":"JSHandle@symbol JSHandle@symbol \"Setting the current frame to 1118\" handle was cleared after 0ms"}
{"t":"2026-09-26T07:35:24.180Z","type":"debug","text":"JSHandle@symbol JSHandle@symbol \"Setting the current frame to 1119\" handle was cleared after 1ms"}
{"t":"2026-09-26T07:35:24.220Z","type":"debug","text":"JSHandle@symbol JSHandle@symbol \"Setting the current frame to 1120\" handle was cleared after 6ms"}
{"t":"2026-09-26T07:35:24.246Z","type":"debug","text":"JSHandle@symbol JSHandle@symbol \"Setting the current frame to 1121\" handle was cleared after 1ms"}
{"t":"2026-09-26T07:35:24.287Z","type":"debug","text":"JSHandle@symbol JSHandle@symbol \"Setting the current frame to 1122\" handle was cleared after 8ms"}
{"t":"2026-09-26T07:35:24.312Z","type":"debug","text":"JSHandle@symbol JSHandle@symbol \"Setting the current frame to 1123\" handle was cleared after 0ms"}
{"t":"2026-09-26T07:35:24.353Z","type":"debug","text":"JSHandle@symbol JSHandle@symbol \"Setting the current frame to 1124\" handle was cleared after 8ms"}
{"t":"2026-09-26T07:35:24.380Z","type":"debug","text":"JSHandle@symbol JSHandle@symbol \"Setting the current frame to 1125\" handle was cleared after 1ms"}
{"t":"2026-09-26T07:35:24.420Z","type":"debug","text":"JSHandle@symbol JSHandle@symbol \"Setting the current frame to 1126\" handle was cleared after 7ms"}
{"t":"2026-09-26T07:35:24.445Z","type":"debug","text":"JSHandle@symbol JSHandle@symbol \"Setting the current frame to 1127\" handle was cleared after 0ms"}
{"t":"2026-09-26T07:35:24.486Z","type":"debug","text":"JSHandle@symbol JSHandle@symbol \"Setting the current frame to 1128\" handle was cleared after 8ms"}
{"t":"2026-09-26T07:35:24.512Z","type":"debug","text":"JSHandle@symbol JSHandle@symbol \"Setting the current frame to 1129\" handle was cleared after 0ms"}
{"t":"2026-09-26T07:35:24.553Z","type":"debug","text":"JSHandle@symbol JSHandle@symbol \"Setting the current frame to 1130\" handle was cleared after 8ms"}
{"t":"2026-09-26T07:35:24.578Z","type":"debug","text":"JSHandle@symbol JSHandle@symbol \"Setting the current frame to 1131\" handle was cleared after 1ms"}
{"t":"2026-09-26T07:35:24.620Z","type":"debug","text":"JSHandle@symbol JSHandle@symbol \"Setting the current frame to 1132\" handle was cleared after 9ms"}
{"t":"2026-09-26T07:35:24.645Z","type":"debug","text":"JSHandle@symbol JSHandle@symbol \"Setting the current frame to 1133\" handle was cleared after 0ms"}
{"t":"2026-09-26T07:35:24.686Z","type":"debug","text":"JSHandle@symbol JSHandle@symbol \"Setting the current frame to 1134\" handle was cleared after 9ms"}
{"t":"2026-09-26T07:35:24.712Z","type":"debug","text":"JSHandle@symbol JSHandle@symbol \"Setting the current frame to 1135\" handle was cleared after 1ms"}
{"t":"2026-09-26T07:35:24.753Z","type":"debug","text":"JSHandle@symbol JSHandle@symbol \"Setting the current frame to 1136\" handle was cleared after 9ms"}
{"t":"2026-09-26T07:35:24.780Z","type":"debug","text":"JSHandle@symbol JSHandle@symbol \"Setting the current frame to 1137\" handle was cleared after 1ms"}
{"t":"2026-09-26T07:35:24.819Z","type":"debug","text":"JSHandle@symbol JSHandle@symbol \"Setting the current frame to 1138\" handle was cleared after 7ms"}
{"t":"2026-09-26T07:35:24.845Z","type":"debug","text":"JSHandle@symbol JSHandle@symbol \"Setting the current frame to 1139\" handle was cleared after 0ms"}
{"t":"2026-09-26T07:35:24.887Z","type":"debug","text":"JSHandle@symbol JSHandle@symbol \"Setting the current frame to 1140\" handle was cleared after 10ms"}
{"t":"2026-09-26T07:35:24.914Z","type":"debug","text":"JSHandle@symbol JSHandle@symbol \"Setting the current frame to 1141\" handle was cleared after 1ms"}
{"t":"2026-09-26T07:35:24.953Z","type":"debug","text":"JSHandle@symbol JSHandle@symbol \"Setting the current frame to 1142\" handle was cleared after 8ms"}
{"t":"2026-09-26T07:35:24.979Z","type":"debug","text":"JSHandle@symbol JSHandle@symbol \"Setting the current frame to 1143\" handle was cleared after 1ms"}
{"t":"2026-09-26T07:35:25.020Z","type":"debug","text":"JSHandle@symbol JSHandle@symbol \"Setting the current frame to 1144\" handle was cleared after 8ms"}
{"t":"2026-09-26T07:35:25.046Z","type":"debug","text":"JSHandle@symbol JSHandle@symbol \"Setting the current frame to 1145\" handle was cleared after 1ms"}
{"t":"2026-09-26T07:35:25.086Z","type":"debug","text":"JSHandle@symbol JSHandle@symbol \"Setting the current frame to 1146\" handle was cleared after 8ms"}
{"t":"2026-09-26T07:35:25.112Z","type":"debug","text":"JSHandle@symbol JSHandle@symbol \"Setting the current frame to 1147\" handle was cleared after 1ms"}
{"t":"2026-09-26T07:35:25.153Z","type":"debug","text":"JSHandle@symbol JSHandle@symbol \"Setting the current frame to 1148\" handle was cleared after 8ms"}
{"t":"2026-09-26T07:35:25.180Z","type":"debug","text":"JSHandle@symbol JSHandle@symbol \"Setting the current frame to 1149\" handle was cleared after 1ms"}
{"t":"2026-09-26T07:35:25.219Z","type":"debug","text":"JSHandle@symbol JSHandle@symbol \"Setting the current frame to 1150\" handle was cleared after 7ms"}
{"t":"2026-09-26T07:35:25.245Z","type":"debug","text":"JSHandle@symbol JSHandle@symbol \"Setting the current frame to 1151\" handle was cleared after 1ms"}
{"t":"2026-09-26T07:35:25.286Z","type":"debug","text":"JSHandle@symbol JSHandle@symbol \"Setting the current frame to 1152\" handle was cleared after 8ms"}
{"t":"2026-09-26T07:35:25.313Z","type":"debug","text":"JSHandle@symbol JSHandle@symbol \"Setting the current frame to 1153\" handle was cleared after 0ms"}
{"t":"2026-09-26T07:35:25.353Z","type":"debug","text":"JSHandle@symbol JSHandle@symbol \"Setting the current frame to 1154\" handle was cleared after 7ms"}
{"t":"2026-09-26T07:35:25.380Z","type":"debug","text":"JSHandle@symbol JSHandle@symbol \"Setting the current frame to 1155\" handle was cleared after 1ms"}
{"t":"2026-09-26T07:35:25.419Z","type":"debug","text":"JSHandle@symbol JSHandle@symbol \"Setting the current frame to 1156\" handle was cleared after 7ms"}
{"t":"2026-09-26T07:35:25.446Z","type":"debug","text":"JSHandle@symbol JSHandle@symbol \"Setting the current frame to 1157\" handle was cleared after 1ms"}
{"t":"2026-09-26T07:35:25.488Z","type":"debug","text":"JSHandle@symbol JSHandle@symbol \"Setting the current frame to 1158\" handle was cleared after 7ms"}
{"t":"2026-09-26T07:35:25.513Z","type":"debug","text":"JSHandle@symbol JSHandle@symbol \"Setting the current frame to 1159\" handle was cleared after 0ms"}
{"t":"2026-09-26T07:35:25.553Z","type":"debug","text":"JSHandle@symbol JSHandle@symbol \"Setting the current frame to 1160\" handle was cleared after 8ms"}
{"t":"2026-09-26T07:35:25.581Z","type":"debug","text":"JSHandle@symbol JSHandle@symbol \"Setting the current frame to 1161\" handle was cleared after 1ms"}
{"t":"2026-09-26T07:35:25.620Z","type":"debug","text":"JSHandle@symbol JSHandle@symbol \"Setting the current frame to 1162\" handle was cleared after 6ms"}
{"t":"2026-09-26T07:35:25.646Z","type":"debug","text":"JSHandle@symbol JSHandle@symbol \"Setting the current frame to 1163\" handle was cleared after 1ms"}
{"t":"2026-09-26T07:35:25.687Z","type":"debug","text":"JSHandle@symbol JSHandle@symbol \"Setting the current frame to 1164\" handle was cleared after 8ms"}
{"t":"2026-09-26T07:35:25.714Z","type":"debug","text":"JSHandle@symbol JSHandle@symbol \"Setting the current frame to 1165\" handle was cleared after 1ms"}
{"t":"2026-09-26T07:35:25.752Z","type":"debug","text":"JSHandle@symbol JSHandle@symbol \"Setting the current frame to 1166\" handle was cleared after 8ms"}
{"t":"2026-09-26T07:35:25.777Z","type":"debug","text":"JSHandle@symbol JSHandle@symbol \"Setting the current frame to 1167\" handle was cleared after 0ms"}
{"t":"2026-09-26T07:35:25.819Z","type":"debug","text":"JSHandle@symbol JSHandle@symbol \"Setting the current frame to 1168\" handle was cleared after 7ms"}
{"t":"2026-09-26T07:35:25.846Z","type":"debug","text":"JSHandle@symbol JSHandle@symbol \"Setting the current frame to 1169\" handle was cleared after 1ms"}
{"t":"2026-09-26T07:35:25.886Z","type":"debug","text":"JSHandle@symbol JSHandle@symbol \"Setting the current frame to 1170\" handle was cleared after 7ms"}
{"t":"2026-09-26T07:35:25.921Z","type":"debug","text":"JSHandle@symbol JSHandle@symbol \"Setting the current frame to 1171\" handle was cleared after 1ms"}
{"t":"2026-09-26T07:35:25.953Z","type":"debug","text":"JSHandle@symbol JSHandle@symbol \"Setting the current frame to 1172\" handle was cleared after 2ms"}
{"t":"2026-09-26T07:35:25.987Z","type":"debug","text":"JSHandle@symbol JSHandle@symbol \"Setting the current frame to 1173\" handle was cleared after 8ms"}
{"t":"2026-09-26T07:35:26.020Z","type":"debug","text":"JSHandle@symbol JSHandle@symbol \"Setting the current frame to 1174\" handle was cleared after 6ms"}
{"t":"2026-09-26T07:35:26.052Z","type":"debug","text":"JSHandle@symbol JSHandle@symbol \"Setting the current frame to 1175\" handle was cleared after 5ms"}
{"t":"2026-09-26T07:35:26.086Z","type":"debug","text":"JSHandle@symbol JSHandle@symbol \"Setting the current frame to 1176\" handle was cleared after 9ms"}
{"t":"2026-09-26T07:35:26.119Z","type":"debug","text":"JSHandle@symbol JSHandle@symbol \"Setting the current frame to 1177\" handle was cleared after 9ms"}
{"t":"2026-09-26T07:35:26.153Z","type":"debug","text":"JSHandle@symbol JSHandle@symbol \"Setting the current frame to 1178\" handle was cleared after 9ms"}
{"t":"2026-09-26T07:35:26.187Z","type":"debug","text":"JSHandle@symbol JSHandle@symbol \"Setting the current frame to 1179\" handle was cleared after 7ms"}
{"t":"2026-09-26T07:35:26.219Z","type":"debug","text":"JSHandle@symbol JSHandle@symbol \"Setting the current frame to 1180\" handle was cleared after 7ms"}
{"t":"2026-09-26T07:35:26.253Z","type":"debug","text":"JSHandle@symbol JSHandle@symbol \"Setting the current frame to 1181\" handle was cleared after 10ms"}
{"t":"2026-09-26T07:35:26.287Z","type":"debug","text":"JSHandle@symbol JSHandle@symbol \"Setting the current frame to 1182\" handle was cleared after 9ms"}
{"t":"2026-09-26T07:35:26.319Z","type":"debug","text":"JSHandle@symbol JSHandle@symbol \"Setting the current frame to 1183\" handle was cleared after 6ms"}
{"t":"2026-09-26T07:35:26.352Z","type":"debug","text":"JSHandle@symbol JSHandle@symbol \"Setting the current frame to 1184\" handle was cleared after 8ms"}
{"t":"2026-09-26T07:35:26.386Z","type":"debug","text":"JSHandle@symbol JSHandle@symbol \"Setting the current frame to 1185\" handle was cleared after 7ms"}
{"t":"2026-09-26T07:35:26.420Z","type":"debug","text":"JSHandle@symbol JSHandle@symbol \"Setting the current frame to 1186\" handle was cleared after 9ms"}
{"t":"2026-09-26T07:35:26.452Z","type":"debug","text":"JSHandle@symbol JSHandle@symbol \"Setting the current frame to 1187\" handle was cleared after 8ms"}
{"t":"2026-09-26T07:35:26.486Z","type":"debug","text":"JSHandle@symbol JSHandle@symbol \"Setting the current frame to 1188\" handle was cleared after 9ms"}
{"t":"2026-09-26T07:35:26.519Z","type":"debug","text":"JSHandle@symbol JSHandle@symbol \"Setting the current frame to 1189\" handle was cleared after 8ms"}
{"t":"2026-09-26T07:35:26.553Z","type":"debug","text":"JSHandle@symbol JSHandle@symbol \"Setting the current frame to 1190\" handle was cleared after 8ms"}
{"t":"2026-09-26T07:35:26.586Z","type":"debug","text":"JSHandle@symbol JSHandle@symbol \"Setting the current frame to 1191\" handle was cleared after 7ms"}
{"t":"2026-09-26T07:35:26.620Z","type":"debug","text":"JSHandle@symbol JSHandle@symbol \"Setting the current frame to 1192\" handle was cleared after 10ms"}
{"t":"2026-09-26T07:35:26.652Z","type":"debug","text":"JSHandle@symbol JSHandle@symbol \"Setting the current frame to 1193\" handle was cleared after 8ms"}
{"t":"2026-09-26T07:35:26.686Z","type":"debug","text":"JSHandle@symbol JSHandle@symbol \"Setting the current frame to 1194\" handle was cleared after 8ms"}
{"t":"2026-09-26T07:35:26.719Z","type":"debug","text":"JSHandle@symbol JSHandle@symbol \"Setting the current frame to 1195\" handle was cleared after 7ms"}
{"t":"2026-09-26T07:35:26.753Z","type":"debug","text":"JSHandle@symbol JSHandle@symbol \"Setting the current frame to 1196\" handle was cleared after 7ms"}
{"t":"2026-09-26T07:35:26.786Z","type":"debug","text":"JSHandle@symbol JSHandle@symbol \"Setting the current frame to 1197\" handle was cleared after 6ms"}
{"t":"2026-09-26T07:35:26.820Z","type":"debug","text":"JSHandle@symbol JSHandle@symbol \"Setting the current frame to 1198\" handle was cleared after 8ms"}
{"t":"2026-09-26T07:35:26.853Z","type":"debug","text":"JSHandle@symbol JSHandle@symbol \"Setting the current frame to 1199\" handle was cleared after 9ms"}
{"t":"2026-09-26T07:35:26.886Z","type":"debug","text":"JSHandle@symbol JSHandle@symbol \"Setting the current frame to 1200\" handle was cleared after 8ms"}
{"t":"2026-09-26T07:35:26.920Z","type":"debug","text":"JSHandle@symbol JSHandle@symbol \"Setting the current frame to 1201\" handle was cleared after 9ms"}
{"t":"2026-09-26T07:35:26.952Z","type":"debug","text":"JSHandle@symbol JSHandle@symbol \"Setting the current frame to 1202\" handle was cleared after 3ms"}
{"t":"2026-09-26T07:35:26.986Z","type":"debug","text":"JSHandle@symbol JSHandle@symbol \"Setting the current frame to 1203\" handle was cleared after 9ms"}
{"t":"2026-09-26T07:35:27.019Z","type":"debug","text":"JSHandle@symbol JSHandle@symbol \"Setting the current frame to 1204\" handle was cleared after 7ms"}
{"t":"2026-09-26T07:35:27.054Z","type":"debug","text":"JSHandle@symbol JSHandle@symbol \"Setting the current frame to 1205\" handle was cleared after 9ms"}
{"t":"2026-09-26T07:35:27.086Z","type":"debug","text":"JSHandle@symbol JSHandle@symbol \"Setting the current frame to 1206\" handle was cleared after 5ms"}
{"t":"2026-09-26T07:35:27.119Z","type":"debug","text":"JSHandle@symbol JSHandle@symbol \"Setting the current frame to 1207\" handle was cleared after 8ms"}
{"t":"2026-09-26T07:35:27.154Z","type":"debug","text":"JSHandle@symbol JSHandle@symbol \"Setting the current frame to 1208\" handle was cleared after 9ms"}
{"t":"2026-09-26T07:35:27.186Z","type":"debug","text":"JSHandle@symbol JSHandle@symbol \"Setting the current frame to 1209\" handle was cleared after 7ms"}
{"t":"2026-09-26T07:35:27.219Z","type":"debug","text":"JSHandle@symbol JSHandle@symbol \"Setting the current frame to 1210\" handle was cleared after 7ms"}
{"t":"2026-09-26T07:35:27.253Z","type":"debug","text":"JSHandle@symbol JSHandle@symbol \"Setting the current frame to 1211\" handle was cleared after 9ms"}
{"t":"2026-09-26T07:35:27.286Z","type":"debug","text":"JSHandle@symbol JSHandle@symbol \"Setting the current frame to 1212\" handle was cleared after 8ms"}
{"t":"2026-09-26T07:35:27.319Z","type":"debug","text":"JSHandle@symbol JSHandle@symbol \"Setting the current frame to 1213\" handle was cleared after 7ms"}
{"t":"2026-09-26T07:35:27.352Z","type":"debug","text":"JSHandle@symbol JSHandle@symbol \"Setting the current frame to 1214\" handle was cleared after 7ms"}
{"t":"2026-09-26T07:35:27.386Z","type":"debug","text":"JSHandle@symbol JSHandle@symbol \"Setting the current frame to 1215\" handle was cleared after 8ms"}
{"t":"2026-09-26T07:35:27.420Z","type":"debug","text":"JSHandle@symbol JSHandle@symbol \"Setting the current frame to 1216\" handle was cleared after 7ms"}
{"t":"2026-09-26T07:35:27.452Z","type":"debug","text":"JSHandle@symbol JSHandle@symbol \"Setting the current frame to 1217\" handle was cleared after 8ms"}
{"t":"2026-09-26T07:35:27.487Z","type":"debug","text":"JSHandle@symbol JSHandle@symbol \"Setting the current frame to 1218\" handle was cleared after 9ms"}
{"t":"2026-09-26T07:35:27.519Z","type":"debug","text":"JSHandle@symbol JSHandle@symbol \"Setting the current frame to 1219\" handle was cleared after 6ms"}
{"t":"2026-09-26T07:35:27.553Z","type":"debug","text":"JSHandle@symbol JSHandle@symbol \"Setting the current frame to 1220\" handle was cleared after 8ms"}
{"t":"2026-09-26T07:35:27.587Z","type":"debug","text":"JSHandle@symbol JSHandle@symbol \"Setting the current frame to 1221\" handle was cleared after 9ms"}
{"t":"2026-09-26T07:35:27.619Z","type":"debug","text":"JSHandle@symbol JSHandle@symbol \"Setting the current frame to 1222\" handle was cleared after 6ms"}
{"t":"2026-09-26T07:35:27.653Z","type":"debug","text":"JSHandle@symbol JSHandle@symbol \"Setting the current frame to 1223\" handle was cleared after 8ms"}
{"t":"2026-09-26T07:35:27.686Z","type":"debug","text":"JSHandle@symbol JSHandle@symbol \"Setting the current frame to 1224\" handle was cleared after 8ms"}
{"t":"2026-09-26T07:35:27.719Z","type":"debug","text":"JSHandle@symbol JSHandle@symbol \"Setting the current frame to 1225\" handle was cleared after 8ms"}
{"t":"2026-09-26T07:35:27.752Z","type":"debug","text":"JSHandle@symbol JSHandle@symbol \"Setting the current frame to 1226\" handle was cleared after 8ms"}
{"t":"2026-09-26T07:35:27.787Z","type":"debug","text":"JSHandle@symbol JSHandle@symbol \"Setting the current frame to 1227\" handle was cleared after 9ms"}
{"t":"2026-09-26T07:35:27.819Z","type":"debug","text":"JSHandle@symbol JSHandle@symbol \"Setting the current frame to 1228\" handle was cleared after 7ms"}
{"t":"2026-09-26T07:35:27.853Z","type":"debug","text":"JSHandle@symbol JSHandle@symbol \"Setting the current frame to 1229\" handle was cleared after 8ms"}
{"t":"2026-09-26T07:35:27.886Z","type":"debug","text":"JSHandle@symbol JSHandle@symbol \"Setting the current frame to 1230\" handle was cleared after 8ms"}
{"t":"2026-09-26T07:35:27.920Z","type":"debug","text":"JSHandle@symbol JSHandle@symbol \"Setting the current frame to 1231\" handle was cleared after 8ms"}
{"t":"2026-09-26T07:35:27.953Z","type":"debug","text":"JSHandle@symbol JSHandle@symbol \"Setting the current frame to 1232\" handle was cleared after 3ms"}
{"t":"2026-09-26T07:35:27.986Z","type":"debug","text":"JSHandle@symbol JSHandle@symbol \"Setting the current frame to 1233\" handle was cleared after 8ms"}
{"t":"2026-09-26T07:35:28.019Z","type":"debug","text":"JSHandle@symbol JSHandle@symbol \"Setting the current frame to 1234\" handle was cleared after 7ms"}
{"t":"2026-09-26T07:35:28.053Z","type":"debug","text":"JSHandle@symbol JSHandle@symbol \"Setting the current frame to 1235\" handle was cleared after 9ms"}
{"t":"2026-09-26T07:35:28.086Z","type":"debug","text":"JSHandle@symbol JSHandle@symbol \"Setting the current frame to 1236\" handle was cleared after 6ms"}
{"t":"2026-09-26T07:35:28.119Z","type":"debug","text":"JSHandle@symbol JSHandle@symbol \"Setting the current frame to 1237\" handle was cleared after 9ms"}
{"t":"2026-09-26T07:35:28.153Z","type":"debug","text":"JSHandle@symbol JSHandle@symbol \"Setting the current frame to 1238\" handle was cleared after 8ms"}
{"t":"2026-09-26T07:35:28.187Z","type":"debug","text":"JSHandle@symbol JSHandle@symbol \"Setting the current frame to 1239\" handle was cleared after 9ms"}
{"t":"2026-09-26T07:35:28.219Z","type":"debug","text":"JSHandle@symbol JSHandle@symbol \"Setting the current frame to 1240\" handle was cleared after 6ms"}
{"t":"2026-09-26T07:35:28.253Z","type":"debug","text":"JSHandle@symbol JSHandle@symbol \"Setting the current frame to 1241\" handle was cleared after 9ms"}
{"t":"2026-09-26T07:35:28.286Z","type":"debug","text":"JSHandle@symbol JSHandle@symbol \"Setting the current frame to 1242\" handle was cleared after 9ms"}
{"t":"2026-09-26T07:35:28.319Z","type":"debug","text":"JSHandle@symbol JSHandle@symbol \"Setting the current frame to 1243\" handle was cleared after 8ms"}
{"t":"2026-09-26T07:35:28.362Z","type":"debug","text":"JSHandle@symbol JSHandle@symbol \"Setting the current frame to 1244\" handle was cleared after 5ms"}
{"t":"2026-09-26T07:35:28.386Z","type":"debug","text":"JSHandle@symbol JSHandle@symbol \"Setting the current frame to 1245\" handle was cleared after 2ms"}
{"t":"2026-09-26T07:35:28.448Z","type":"debug","text":"JSHandle@symbol JSHandle@symbol \"Setting the current frame to 1246\" handle was cleared after 7ms"}
{"t":"2026-09-26T07:35:28.452Z","type":"debug","text":"JSHandle@symbol JSHandle@symbol \"Setting the current frame to 1247\" handle was cleared after 2ms"}
{"t":"2026-09-26T07:35:28.503Z","type":"debug","text":"JSHandle@symbol JSHandle@symbol \"Setting the current frame to 1248\" handle was cleared after 6ms"}
{"t":"2026-09-26T07:35:28.519Z","type":"debug","text":"JSHandle@symbol JSHandle@symbol \"Setting the current frame to 1249\" handle was cleared after 1ms"}
{"t":"2026-09-26T07:35:28.581Z","type":"debug","text":"JSHandle@symbol JSHandle@symbol \"Setting the current frame to 1250\" handle was cleared after 9ms"}
{"t":"2026-09-26T07:35:28.587Z","type":"debug","text":"JSHandle@symbol JSHandle@symbol \"Setting the current frame to 1251\" handle was cleared after 4ms"}
{"t":"2026-09-26T07:35:28.647Z","type":"debug","text":"JSHandle@symbol JSHandle@symbol \"Setting the current frame to 1252\" handle was cleared after 10ms"}
{"t":"2026-09-26T07:35:28.653Z","type":"debug","text":"JSHandle@symbol JSHandle@symbol \"Setting the current frame to 1253\" handle was cleared after 3ms"}
{"t":"2026-09-26T07:35:28.714Z","type":"debug","text":"JSHandle@symbol JSHandle@symbol \"Setting the current frame to 1254\" handle was cleared after 9ms"}
{"t":"2026-09-26T07:35:28.719Z","type":"debug","text":"JSHandle@symbol JSHandle@symbol \"Setting the current frame to 1255\" handle was cleared after 3ms"}
{"t":"2026-09-26T07:35:28.770Z","type":"debug","text":"JSHandle@symbol JSHandle@symbol \"Setting the current frame to 1256\" handle was cleared after 8ms"}
{"t":"2026-09-26T07:35:28.786Z","type":"debug","text":"JSHandle@symbol JSHandle@symbol \"Setting the current frame to 1257\" handle was cleared after 1ms"}
{"t":"2026-09-26T07:35:28.848Z","type":"debug","text":"JSHandle@symbol JSHandle@symbol \"Setting the current frame to 1258\" handle was cleared after 10ms"}
{"t":"2026-09-26T07:35:28.852Z","type":"debug","text":"JSHandle@symbol JSHandle@symbol \"Setting the current frame to 1259\" handle was cleared after 2ms"}
{"t":"2026-09-26T07:35:28.915Z","type":"debug","text":"JSHandle@symbol JSHandle@symbol \"Setting the current frame to 1260\" handle was cleared after 8ms"}
{"t":"2026-09-26T07:35:28.919Z","type":"debug","text":"JSHandle@symbol JSHandle@symbol \"Setting the current frame to 1261\" handle was cleared after 3ms"}
{"t":"2026-09-26T07:35:28.982Z","type":"debug","text":"JSHandle@symbol JSHandle@symbol \"Setting the current frame to 1262\" handle was cleared after 9ms"}
{"t":"2026-09-26T07:35:28.985Z","type":"debug","text":"JSHandle@symbol JSHandle@symbol \"Setting the current frame to 1263\" handle was cleared after 1ms"}
{"t":"2026-09-26T07:35:29.049Z","type":"debug","text":"JSHandle@symbol JSHandle@symbol \"Setting the current frame to 1264\" handle was cleared after 8ms"}
{"t":"2026-09-26T07:35:29.052Z","type":"debug","text":"JSHandle@symbol JSHandle@symbol \"Setting the current frame to 1265\" handle was cleared after 1ms"}
{"t":"2026-09-26T07:35:29.114Z","type":"debug","text":"JSHandle@symbol JSHandle@symbol \"Setting the current frame to 1266\" handle was cleared after 9ms"}
{"t":"2026-09-26T07:35:29.119Z","type":"debug","text":"JSHandle@symbol JSHandle@symbol \"Setting the current frame to 1267\" handle was cleared after 3ms"}
{"t":"2026-09-26T07:35:29.170Z","type":"debug","text":"JSHandle@symbol JSHandle@symbol \"Setting the current frame to 1268\" handle was cleared after 7ms"}
{"t":"2026-09-26T07:35:29.185Z","type":"debug","text":"JSHandle@symbol JSHandle@symbol \"Setting the current frame to 1269\" handle was cleared after 1ms"}
{"t":"2026-09-26T07:35:29.248Z","type":"debug","text":"JSHandle@symbol JSHandle@symbol \"Setting the current frame to 1270\" handle was cleared after 10ms"}
{"t":"2026-09-26T07:35:29.252Z","type":"debug","text":"JSHandle@symbol JSHandle@symbol \"Setting the current frame to 1271\" handle was cleared after 2ms"}
{"t":"2026-09-26T07:35:29.316Z","type":"debug","text":"JSHandle@symbol JSHandle@symbol \"Setting the current frame to 1272\" handle was cleared after 8ms"}
{"t":"2026-09-26T07:35:29.319Z","type":"debug","text":"JSHandle@symbol JSHandle@symbol \"Setting the current frame to 1273\" handle was cleared after 1ms"}
{"t":"2026-09-26T07:35:29.382Z","type":"debug","text":"JSHandle@symbol JSHandle@symbol \"Setting the current frame to 1274\" handle was cleared after 10ms"}
{"t":"2026-09-26T07:35:29.385Z","type":"debug","text":"JSHandle@symbol JSHandle@symbol \"Setting the current frame to 1275\" handle was cleared after 1ms"}
{"t":"2026-09-26T07:35:29.450Z","type":"debug","text":"JSHandle@symbol JSHandle@symbol \"Setting the current frame to 1276\" handle was cleared after 8ms"}
{"t":"2026-09-26T07:35:29.453Z","type":"debug","text":"JSHandle@symbol JSHandle@symbol \"Setting the current frame to 1277\" handle was cleared after 0ms"}
{"t":"2026-09-26T07:35:29.515Z","type":"debug","text":"JSHandle@symbol JSHandle@symbol \"Setting the current frame to 1278\" handle was cleared after 9ms"}
{"t":"2026-09-26T07:35:29.518Z","type":"debug","text":"JSHandle@symbol JSHandle@symbol \"Setting the current frame to 1279\" handle was cleared after 1ms"}
{"t":"2026-09-26T07:35:29.582Z","type":"debug","text":"JSHandle@symbol JSHandle@symbol \"Setting the current frame to 1280\" handle was cleared after 8ms"}
{"t":"2026-09-26T07:35:29.585Z","type":"debug","text":"JSHandle@symbol JSHandle@symbol \"Setting the current frame to 1281\" handle was cleared after 1ms"}
{"t":"2026-09-26T07:35:29.649Z","type":"debug","text":"JSHandle@symbol JSHandle@symbol \"Setting the current frame to 1282\" handle was cleared after 10ms"}
{"t":"2026-09-26T07:35:29.652Z","type":"debug","text":"JSHandle@symbol JSHandle@symbol \"Setting the current frame to 1283\" handle was cleared after 1ms"}
{"t":"2026-09-26T07:35:29.716Z","type":"debug","text":"JSHandle@symbol JSHandle@symbol \"Setting the current frame to 1284\" handle was cleared after 9ms"}
{"t":"2026-09-26T07:35:29.719Z","type":"debug","text":"JSHandle@symbol JSHandle@symbol \"Setting the current frame to 1285\" handle was cleared after 1ms"}
{"t":"2026-09-26T07:35:29.783Z","type":"debug","text":"JSHandle@symbol JSHandle@symbol \"Setting the current frame to 1286\" handle was cleared after 8ms"}
{"t":"2026-09-26T07:35:29.786Z","type":"debug","text":"JSHandle@symbol JSHandle@symbol \"Setting the current frame to 1287\" handle was cleared after 1ms"}
{"t":"2026-09-26T07:35:29.850Z","type":"debug","text":"JSHandle@symbol JSHandle@symbol \"Setting the current frame to 1288\" handle was cleared after 9ms"}
{"t":"2026-09-26T07:35:29.852Z","type":"debug","text":"JSHandle@symbol JSHandle@symbol \"Setting the current frame to 1289\" handle was cleared after 1ms"}
{"t":"2026-09-26T07:35:29.902Z","type":"debug","text":"JSHandle@symbol JSHandle@symbol \"Setting the current frame to 1290\" handle was cleared after 7ms"}
{"t":"2026-09-26T07:35:29.919Z","type":"debug","text":"JSHandle@symbol JSHandle@symbol \"Setting the current frame to 1291\" handle was cleared after 1ms"}
{"t":"2026-09-26T07:35:29.981Z","type":"debug","text":"JSHandle@symbol JSHandle@symbol \"Setting the current frame to 1292\" handle was cleared after 10ms"}
{"t":"2026-09-26T07:35:29.985Z","type":"debug","text":"JSHandle@symbol JSHandle@symbol \"Setting the current frame to 1293\" handle was cleared after 2ms"}
{"t":"2026-09-26T07:35:30.050Z","type":"debug","text":"JSHandle@symbol JSHandle@symbol \"Setting the current frame to 1294\" handle was cleared after 9ms"}
{"t":"2026-09-26T07:35:30.053Z","type":"debug","text":"JSHandle@symbol JSHandle@symbol \"Setting the current frame to 1295\" handle was cleared after 0ms"}
{"t":"2026-09-26T07:35:30.102Z","type":"debug","text":"JSHandle@symbol JSHandle@symbol \"Setting the current frame to 1296\" handle was cleared after 7ms"}
{"t":"2026-09-26T07:35:30.120Z","type":"debug","text":"JSHandle@symbol JSHandle@symbol \"Setting the current frame to 1297\" handle was cleared after 1ms"}
{"t":"2026-09-26T07:35:30.182Z","type":"debug","text":"JSHandle@symbol JSHandle@symbol \"Setting the current frame to 1298\" handle was cleared after 10ms"}
{"t":"2026-09-26T07:35:30.185Z","type":"debug","text":"JSHandle@symbol JSHandle@symbol \"Setting the current frame to 1299\" handle was cleared after 1ms"}
{"t":"2026-09-26T07:35:30.249Z","type":"debug","text":"JSHandle@symbol JSHandle@symbol \"Setting the current frame to 1300\" handle was cleared after 9ms"}
{"t":"2026-09-26T07:35:30.253Z","type":"debug","text":"JSHandle@symbol JSHandle@symbol \"Setting the current frame to 1301\" handle was cleared after 1ms"}
{"t":"2026-09-26T07:35:30.315Z","type":"debug","text":"JSHandle@symbol JSHandle@symbol \"Setting the current frame to 1302\" handle was cleared after 9ms"}
{"t":"2026-09-26T07:35:30.319Z","type":"debug","text":"JSHandle@symbol JSHandle@symbol \"Setting the current frame to 1303\" handle was cleared after 2ms"}
{"t":"2026-09-26T07:35:30.383Z","type":"debug","text":"JSHandle@symbol JSHandle@symbol \"Setting the current frame to 1304\" handle was cleared after 9ms"}
{"t":"2026-09-26T07:35:30.386Z","type":"debug","text":"JSHandle@symbol JSHandle@symbol \"Setting the current frame to 1305\" handle was cleared after 1ms"}
{"t":"2026-09-26T07:35:30.437Z","type":"debug","text":"JSHandle@symbol JSHandle@symbol \"Setting the current frame to 1306\" handle was cleared after 6ms"}
{"t":"2026-09-26T07:35:30.461Z","type":"debug","text":"JSHandle@symbol JSHandle@symbol \"Setting the current frame to 1307\" handle was cleared after 1ms"}
{"t":"2026-09-26T07:35:30.503Z","type":"debug","text":"JSHandle@symbol JSHandle@symbol \"Setting the current frame to 1308\" handle was cleared after 8ms"}
{"t":"2026-09-26T07:35:30.537Z","type":"debug","text":"JSHandle@symbol JSHandle@symbol \"Setting the current frame to 1309\" handle was cleared after 1ms"}
{"t":"2026-09-26T07:35:30.614Z","type":"debug","text":"JSHandle@symbol JSHandle@symbol \"Setting the current frame to 1310\" handle was cleared after 1ms"}
{"t":"2026-09-26T07:35:30.616Z","type":"debug","text":"JSHandle@symbol JSHandle@symbol \"Setting the current frame to 1311\" handle was cleared after 1ms"}
{"t":"2026-09-26T07:35:30.672Z","type":"debug","text":"JSHandle@symbol JSHandle@symbol \"Setting the current frame to 1312\" handle was cleared after 4ms"}
{"t":"2026-09-26T07:35:30.696Z","type":"debug","text":"JSHandle@symbol JSHandle@symbol \"Setting the current frame to 1313\" handle was cleared after 1ms"}
{"t":"2026-09-26T07:35:30.736Z","type":"debug","text":"JSHandle@symbol JSHandle@symbol \"Setting the current frame to 1314\" handle was cleared after 2ms"}
{"t":"2026-09-26T07:35:30.766Z","type":"debug","text":"JSHandle@symbol JSHandle@symbol \"Setting the current frame to 1315\" handle was cleared after 0ms"}
{"t":"2026-09-26T07:35:30.802Z","type":"debug","text":"JSHandle@symbol JSHandle@symbol \"Setting the current frame to 1316\" handle was cleared after 3ms"}
{"t":"2026-09-26T07:35:30.832Z","type":"debug","text":"JSHandle@symbol JSHandle@symbol \"Setting the current frame to 1317\" handle was cleared after 1ms"}
{"t":"2026-09-26T07:35:30.871Z","type":"debug","text":"JSHandle@symbol JSHandle@symbol \"Setting the current frame to 1318\" handle was cleared after 5ms"}
{"t":"2026-09-26T07:35:30.901Z","type":"debug","text":"JSHandle@symbol JSHandle@symbol \"Setting the current frame to 1319\" handle was cleared after 1ms"}
{"t":"2026-09-26T07:35:30.937Z","type":"debug","text":"JSHandle@symbol JSHandle@symbol \"Setting the current frame to 1320\" handle was cleared after 4ms"}
{"t":"2026-09-26T07:35:30.966Z","type":"debug","text":"JSHandle@symbol JSHandle@symbol \"Setting the current frame to 1321\" handle was cleared after 1ms"}
{"t":"2026-09-26T07:35:31.003Z","type":"debug","text":"JSHandle@symbol JSHandle@symbol \"Setting the current frame to 1322\" handle was cleared after 5ms"}
{"t":"2026-09-26T07:35:31.034Z","type":"debug","text":"JSHandle@symbol JSHandle@symbol \"Setting the current frame to 1323\" handle was cleared after 0ms"}
{"t":"2026-09-26T07:35:31.062Z","type":"debug","text":"JSHandle@symbol JSHandle@symbol \"Setting the current frame to 1324\" handle was cleared after 1ms"}
{"t":"2026-09-26T07:35:31.102Z","type":"debug","text":"JSHandle@symbol JSHandle@symbol \"Setting the current frame to 1325\" handle was cleared after 5ms"}
{"t":"2026-09-26T07:35:31.129Z","type":"debug","text":"JSHandle@symbol JSHandle@symbol \"Setting the current frame to 1326\" handle was cleared after 0ms"}
{"t":"2026-09-26T07:35:31.169Z","type":"debug","text":"JSHandle@symbol JSHandle@symbol \"Setting the current frame to 1327\" handle was cleared after 8ms"}
{"t":"2026-09-26T07:35:31.195Z","type":"debug","text":"JSHandle@symbol JSHandle@symbol \"Setting the current frame to 1328\" handle was cleared after 1ms"}
{"t":"2026-09-26T07:35:31.236Z","type":"debug","text":"JSHandle@symbol JSHandle@symbol \"Setting the current frame to 1329\" handle was cleared after 7ms"}
{"t":"2026-09-26T07:35:31.262Z","type":"debug","text":"JSHandle@symbol JSHandle@symbol \"Setting the current frame to 1330\" handle was cleared after 1ms"}
{"t":"2026-09-26T07:35:31.303Z","type":"debug","text":"JSHandle@symbol JSHandle@symbol \"Setting the current frame to 1331\" handle was cleared after 6ms"}
{"t":"2026-09-26T07:35:31.333Z","type":"debug","text":"JSHandle@symbol JSHandle@symbol \"Setting the current frame to 1332\" handle was cleared after 0ms"}
{"t":"2026-09-26T07:35:31.370Z","type":"debug","text":"JSHandle@symbol JSHandle@symbol \"Setting the current frame to 1333\" handle was cleared after 5ms"}
{"t":"2026-09-26T07:35:31.397Z","type":"debug","text":"JSHandle@symbol JSHandle@symbol \"Setting the current frame to 1334\" handle was cleared after 1ms"}
{"t":"2026-09-26T07:35:31.436Z","type":"debug","text":"JSHandle@symbol JSHandle@symbol \"Setting the current frame to 1335\" handle was cleared after 8ms"}
{"t":"2026-09-26T07:35:31.463Z","type":"debug","text":"JSHandle@symbol JSHandle@symbol \"Setting the current frame to 1336\" handle was cleared after 1ms"}
{"t":"2026-09-26T07:35:31.502Z","type":"debug","text":"JSHandle@symbol JSHandle@symbol \"Setting the current frame to 1337\" handle was cleared after 8ms"}
{"t":"2026-09-26T07:35:31.529Z","type":"debug","text":"JSHandle@symbol JSHandle@symbol \"Setting the current frame to 1338\" handle was cleared after 1ms"}
{"t":"2026-09-26T07:35:31.569Z","type":"debug","text":"JSHandle@symbol JSHandle@symbol \"Setting the current frame to 1339\" handle was cleared after 7ms"}
{"t":"2026-09-26T07:35:31.595Z","type":"debug","text":"JSHandle@symbol JSHandle@symbol \"Setting the current frame to 1340\" handle was cleared after 1ms"}
{"t":"2026-09-26T07:35:31.636Z","type":"debug","text":"JSHandle@symbol JSHandle@symbol \"Setting the current frame to 1341\" handle was cleared after 8ms"}
{"t":"2026-09-26T07:35:31.663Z","type":"debug","text":"JSHandle@symbol JSHandle@symbol \"Setting the current frame to 1342\" handle was cleared after 0ms"}
{"t":"2026-09-26T07:35:31.702Z","type":"debug","text":"JSHandle@symbol JSHandle@symbol \"Setting the current frame to 1343\" handle was cleared after 8ms"}
{"t":"2026-09-26T07:35:31.730Z","type":"debug","text":"JSHandle@symbol JSHandle@symbol \"Setting the current frame to 1344\" handle was cleared after 1ms"}
{"t":"2026-09-26T07:35:31.769Z","type":"debug","text":"JSHandle@symbol JSHandle@symbol \"Setting the current frame to 1345\" handle was cleared after 7ms"}
{"t":"2026-09-26T07:35:31.799Z","type":"debug","text":"JSHandle@symbol JSHandle@symbol \"Setting the current frame to 1346\" handle was cleared after 1ms"}
{"t":"2026-09-26T07:35:31.837Z","type":"debug","text":"JSHandle@symbol JSHandle@symbol \"Setting the current frame to 1347\" handle was cleared after 8ms"}
{"t":"2026-09-26T07:35:31.864Z","type":"debug","text":"JSHandle@symbol JSHandle@symbol \"Setting the current frame to 1348\" handle was cleared after 1ms"}
{"t":"2026-09-26T07:35:31.904Z","type":"debug","text":"JSHandle@symbol JSHandle@symbol \"Setting the current frame to 1349\" handle was cleared after 8ms"}
{"t":"2026-09-26T07:35:31.934Z","type":"debug","text":"JSHandle@symbol JSHandle@symbol \"Setting the current frame to 1350\" handle was cleared after 1ms"}
{"t":"2026-09-26T07:35:31.969Z","type":"debug","text":"JSHandle@symbol JSHandle@symbol \"Setting the current frame to 1351\" handle was cleared after 3ms"}
{"t":"2026-09-26T07:35:31.996Z","type":"debug","text":"JSHandle@symbol JSHandle@symbol \"Setting the current frame to 1352\" handle was cleared after 1ms"}
{"t":"2026-09-26T07:35:32.037Z","type":"debug","text":"JSHandle@symbol JSHandle@symbol \"Setting the current frame to 1353\" handle was cleared after 9ms"}
{"t":"2026-09-26T07:35:32.063Z","type":"debug","text":"JSHandle@symbol JSHandle@symbol \"Setting the current frame to 1354\" handle was cleared after 1ms"}
{"t":"2026-09-26T07:35:32.103Z","type":"debug","text":"JSHandle@symbol JSHandle@symbol \"Setting the current frame to 1355\" handle was cleared after 8ms"}
{"t":"2026-09-26T07:35:32.130Z","type":"debug","text":"JSHandle@symbol JSHandle@symbol \"Setting the current frame to 1356\" handle was cleared after 1ms"}
{"t":"2026-09-26T07:35:32.170Z","type":"debug","text":"JSHandle@symbol JSHandle@symbol \"Setting the current frame to 1357\" handle was cleared after 9ms"}
{"t":"2026-09-26T07:35:32.196Z","type":"debug","text":"JSHandle@symbol JSHandle@symbol \"Setting the current frame to 1358\" handle was cleared after 1ms"}
{"t":"2026-09-26T07:35:32.236Z","type":"debug","text":"JSHandle@symbol JSHandle@symbol \"Setting the current frame to 1359\" handle was cleared after 7ms"}
{"t":"2026-09-26T07:35:32.263Z","type":"debug","text":"JSHandle@symbol JSHandle@symbol \"Setting the current frame to 1360\" handle was cleared after 1ms"}
{"t":"2026-09-26T07:35:32.303Z","type":"debug","text":"JSHandle@symbol JSHandle@symbol \"Setting the current frame to 1361\" handle was cleared after 6ms"}
{"t":"2026-09-26T07:35:32.329Z","type":"debug","text":"JSHandle@symbol JSHandle@symbol \"Setting the current frame to 1362\" handle was cleared after 1ms"}
{"t":"2026-09-26T07:35:32.370Z","type":"debug","text":"JSHandle@symbol JSHandle@symbol \"Setting the current frame to 1363\" handle was cleared after 9ms"}
{"t":"2026-09-26T07:35:32.395Z","type":"debug","text":"JSHandle@symbol JSHandle@symbol \"Setting the current frame to 1364\" handle was cleared after 1ms"}
{"t":"2026-09-26T07:35:32.436Z","type":"debug","text":"JSHandle@symbol JSHandle@symbol \"Setting the current frame to 1365\" handle was cleared after 7ms"}
{"t":"2026-09-26T07:35:32.462Z","type":"debug","text":"JSHandle@symbol JSHandle@symbol \"Setting the current frame to 1366\" handle was cleared after 0ms"}
{"t":"2026-09-26T07:35:32.503Z","type":"debug","text":"JSHandle@symbol JSHandle@symbol \"Setting the current frame to 1367\" handle was cleared after 9ms"}
{"t":"2026-09-26T07:35:32.530Z","type":"debug","text":"JSHandle@symbol JSHandle@symbol \"Setting the current frame to 1368\" handle was cleared after 1ms"}
{"t":"2026-09-26T07:35:32.569Z","type":"debug","text":"JSHandle@symbol JSHandle@symbol \"Setting the current frame to 1369\" handle was cleared after 6ms"}
{"t":"2026-09-26T07:35:32.596Z","type":"debug","text":"JSHandle@symbol JSHandle@symbol \"Setting the current frame to 1370\" handle was cleared after 1ms"}
{"t":"2026-09-26T07:35:32.635Z","type":"debug","text":"JSHandle@symbol JSHandle@symbol \"Setting the current frame to 1371\" handle was cleared after 7ms"}
{"t":"2026-09-26T07:35:32.663Z","type":"debug","text":"JSHandle@symbol JSHandle@symbol \"Setting the current frame to 1372\" handle was cleared after 1ms"}
{"t":"2026-09-26T07:35:32.702Z","type":"debug","text":"JSHandle@symbol JSHandle@symbol \"Setting the current frame to 1373\" handle was cleared after 8ms"}
{"t":"2026-09-26T07:35:32.729Z","type":"debug","text":"JSHandle@symbol JSHandle@symbol \"Setting the current frame to 1374\" handle was cleared after 1ms"}
{"t":"2026-09-26T07:35:32.769Z","type":"debug","text":"JSHandle@symbol JSHandle@symbol \"Setting the current frame to 1375\" handle was cleared after 7ms"}
{"t":"2026-09-26T07:35:32.796Z","type":"debug","text":"JSHandle@symbol JSHandle@symbol \"Setting the current frame to 1376\" handle was cleared after 0ms"}
{"t":"2026-09-26T07:35:32.836Z","type":"debug","text":"JSHandle@symbol JSHandle@symbol \"Setting the current frame to 1377\" handle was cleared after 9ms"}
{"t":"2026-09-26T07:35:32.862Z","type":"debug","text":"JSHandle@symbol JSHandle@symbol \"Setting the current frame to 1378\" handle was cleared after 0ms"}
{"t":"2026-09-26T07:35:32.902Z","type":"debug","text":"JSHandle@symbol JSHandle@symbol \"Setting the current frame to 1379\" handle was cleared after 6ms"}
{"t":"2026-09-26T07:35:32.929Z","type":"debug","text":"JSHandle@symbol JSHandle@symbol \"Setting the current frame to 1380\" handle was cleared after 1ms"}
{"t":"2026-09-26T07:35:32.969Z","type":"debug","text":"JSHandle@symbol JSHandle@symbol \"Setting the current frame to 1381\" handle was cleared after 6ms"}
{"t":"2026-09-26T07:35:32.996Z","type":"debug","text":"JSHandle@symbol JSHandle@symbol \"Setting the current frame to 1382\" handle was cleared after 1ms"}
{"t":"2026-09-26T07:35:33.037Z","type":"debug","text":"JSHandle@symbol JSHandle@symbol \"Setting the current frame to 1383\" handle was cleared after 8ms"}
{"t":"2026-09-26T07:35:33.065Z","type":"debug","text":"JSHandle@symbol JSHandle@symbol \"Setting the current frame to 1384\" handle was cleared after 1ms"}
{"t":"2026-09-26T07:35:33.103Z","type":"debug","text":"JSHandle@symbol JSHandle@symbol \"Setting the current frame to 1385\" handle was cleared after 8ms"}
{"t":"2026-09-26T07:35:33.131Z","type":"debug","text":"JSHandle@symbol JSHandle@symbol \"Setting the current frame to 1386\" handle was cleared after 0ms"}
{"t":"2026-09-26T07:35:33.170Z","type":"debug","text":"JSHandle@symbol JSHandle@symbol \"Setting the current frame to 1387\" handle was cleared after 8ms"}
{"t":"2026-09-26T07:35:33.197Z","type":"debug","text":"JSHandle@symbol JSHandle@symbol \"Setting the current frame to 1388\" handle was cleared after 1ms"}
{"t":"2026-09-26T07:35:33.236Z","type":"debug","text":"JSHandle@symbol JSHandle@symbol \"Setting the current frame to 1389\" handle was cleared after 7ms"}
{"t":"2026-09-26T07:35:33.262Z","type":"debug","text":"JSHandle@symbol JSHandle@symbol \"Setting the current frame to 1390\" handle was cleared after 0ms"}
{"t":"2026-09-26T07:35:33.302Z","type":"debug","text":"JSHandle@symbol JSHandle@symbol \"Setting the current frame to 1391\" handle was cleared after 6ms"}
{"t":"2026-09-26T07:35:33.329Z","type":"debug","text":"JSHandle@symbol JSHandle@symbol \"Setting the current frame to 1392\" handle was cleared after 0ms"}
{"t":"2026-09-26T07:35:33.369Z","type":"debug","text":"JSHandle@symbol JSHandle@symbol \"Setting the current frame to 1393\" handle was cleared after 6ms"}
{"t":"2026-09-26T07:35:33.396Z","type":"debug","text":"JSHandle@symbol JSHandle@symbol \"Setting the current frame to 1394\" handle was cleared after 0ms"}
{"t":"2026-09-26T07:35:33.437Z","type":"debug","text":"JSHandle@symbol JSHandle@symbol \"Setting the current frame to 1395\" handle was cleared after 8ms"}
{"t":"2026-09-26T07:35:33.464Z","type":"debug","text":"JSHandle@symbol JSHandle@symbol \"Setting the current frame to 1396\" handle was cleared after 1ms"}
{"t":"2026-09-26T07:35:33.503Z","type":"debug","text":"JSHandle@symbol JSHandle@symbol \"Setting the current frame to 1397\" handle was cleared after 6ms"}
{"t":"2026-09-26T07:35:33.529Z","type":"debug","text":"JSHandle@symbol JSHandle@symbol \"Setting the current frame to 1398\" handle was cleared after 1ms"}
{"t":"2026-09-26T07:35:33.569Z","type":"debug","text":"JSHandle@symbol JSHandle@symbol \"Setting the current frame to 1399\" handle was cleared after 7ms"}
{"t":"2026-09-26T07:35:33.596Z","type":"debug","text":"JSHandle@symbol JSHandle@symbol \"Setting the current frame to 1400\" handle was cleared after 1ms"}
{"t":"2026-09-26T07:35:33.637Z","type":"debug","text":"JSHandle@symbol JSHandle@symbol \"Setting the current frame to 1401\" handle was cleared after 8ms"}
{"t":"2026-09-26T07:35:33.668Z","type":"debug","text":"JSHandle@symbol JSHandle@symbol \"Setting the current frame to 1402\" handle was cleared after 1ms"}
{"t":"2026-09-26T07:35:33.703Z","type":"debug","text":"JSHandle@symbol JSHandle@symbol \"Setting the current frame to 1403\" handle was cleared after 9ms"}
{"t":"2026-09-26T07:35:33.736Z","type":"debug","text":"JSHandle@symbol JSHandle@symbol \"Setting the current frame to 1404\" handle was cleared after 6ms"}
{"t":"2026-09-26T07:35:33.770Z","type":"debug","text":"JSHandle@symbol JSHandle@symbol \"Setting the current frame to 1405\" handle was cleared after 9ms"}
{"t":"2026-09-26T07:35:33.803Z","type":"debug","text":"JSHandle@symbol JSHandle@symbol \"Setting the current frame to 1406\" handle was cleared after 7ms"}
{"t":"2026-09-26T07:35:33.835Z","type":"debug","text":"JSHandle@symbol JSHandle@symbol \"Setting the current frame to 1407\" handle was cleared after 5ms"}
{"t":"2026-09-26T07:35:33.870Z","type":"debug","text":"JSHandle@symbol JSHandle@symbol \"Setting the current frame to 1408\" handle was cleared after 9ms"}
{"t":"2026-09-26T07:35:33.902Z","type":"debug","text":"JSHandle@symbol JSHandle@symbol \"Setting the current frame to 1409\" handle was cleared after 6ms"}
{"t":"2026-09-26T07:35:33.935Z","type":"debug","text":"JSHandle@symbol JSHandle@symbol \"Setting the current frame to 1410\" handle was cleared after 7ms"}
{"t":"2026-09-26T07:35:33.969Z","type":"debug","text":"JSHandle@symbol JSHandle@symbol \"Setting the current frame to 1411\" handle was cleared after 6ms"}
{"t":"2026-09-26T07:35:34.003Z","type":"debug","text":"JSHandle@symbol JSHandle@symbol \"Setting the current frame to 1412\" handle was cleared after 8ms"}
{"t":"2026-09-26T07:35:34.036Z","type":"debug","text":"JSHandle@symbol JSHandle@symbol \"Setting the current frame to 1413\" handle was cleared after 6ms"}
{"t":"2026-09-26T07:35:34.069Z","type":"debug","text":"JSHandle@symbol JSHandle@symbol \"Setting the current frame to 1414\" handle was cleared after 8ms"}
{"t":"2026-09-26T07:35:34.097Z","type":"debug","text":"JSHandle@symbol JSHandle@symbol \"Setting the current frame to 1415\" handle was cleared after 0ms"}
{"t":"2026-09-26T07:35:34.136Z","type":"debug","text":"JSHandle@symbol JSHandle@symbol \"Setting the current frame to 1416\" handle was cleared after 7ms"}
{"t":"2026-09-26T07:35:34.163Z","type":"debug","text":"JSHandle@symbol JSHandle@symbol \"Setting the current frame to 1417\" handle was cleared after 0ms"}
{"t":"2026-09-26T07:35:34.203Z","type":"debug","text":"JSHandle@symbol JSHandle@symbol \"Setting the current frame to 1418\" handle was cleared after 8ms"}
{"t":"2026-09-26T07:35:34.230Z","type":"debug","text":"JSHandle@symbol JSHandle@symbol \"Setting the current frame to 1419\" handle was cleared after 0ms"}
{"t":"2026-09-26T07:35:34.269Z","type":"debug","text":"JSHandle@symbol JSHandle@symbol \"Setting the current frame to 1420\" handle was cleared after 7ms"}
{"t":"2026-09-26T07:35:34.296Z","type":"debug","text":"JSHandle@symbol JSHandle@symbol \"Setting the current frame to 1421\" handle was cleared after 1ms"}
{"t":"2026-09-26T07:35:34.336Z","type":"debug","text":"JSHandle@symbol JSHandle@symbol \"Setting the current frame to 1422\" handle was cleared after 6ms"}
{"t":"2026-09-26T07:35:34.362Z","type":"debug","text":"JSHandle@symbol JSHandle@symbol \"Setting the current frame to 1423\" handle was cleared after 1ms"}
{"t":"2026-09-26T07:35:34.402Z","type":"debug","text":"JSHandle@symbol JSHandle@symbol \"Setting the current frame to 1424\" handle was cleared after 8ms"}
{"t":"2026-09-26T07:35:34.428Z","type":"debug","text":"JSHandle@symbol JSHandle@symbol \"Setting the current frame to 1425\" handle was cleared after 1ms"}
{"t":"2026-09-26T07:35:34.469Z","type":"debug","text":"JSHandle@symbol JSHandle@symbol \"Setting the current frame to 1426\" handle was cleared after 7ms"}
{"t":"2026-09-26T07:35:34.494Z","type":"debug","text":"JSHandle@symbol JSHandle@symbol \"Setting the current frame to 1427\" handle was cleared after 1ms"}
{"t":"2026-09-26T07:35:34.537Z","type":"debug","text":"JSHandle@symbol JSHandle@symbol \"Setting the current frame to 1428\" handle was cleared after 10ms"}
{"t":"2026-09-26T07:35:34.563Z","type":"debug","text":"JSHandle@symbol JSHandle@symbol \"Setting the current frame to 1429\" handle was cleared after 0ms"}
{"t":"2026-09-26T07:35:34.602Z","type":"debug","text":"JSHandle@symbol JSHandle@symbol \"Setting the current frame to 1430\" handle was cleared after 7ms"}
{"t":"2026-09-26T07:35:34.629Z","type":"debug","text":"JSHandle@symbol JSHandle@symbol \"Setting the current frame to 1431\" handle was cleared after 1ms"}
{"t":"2026-09-26T07:35:34.670Z","type":"debug","text":"JSHandle@symbol JSHandle@symbol \"Setting the current frame to 1432\" handle was cleared after 8ms"}
{"t":"2026-09-26T07:35:34.695Z","type":"debug","text":"JSHandle@symbol JSHandle@symbol \"Setting the current frame to 1433\" handle was cleared after 1ms"}
{"t":"2026-09-26T07:35:34.736Z","type":"debug","text":"JSHandle@symbol JSHandle@symbol \"Setting the current frame to 1434\" handle was cleared after 8ms"}
{"t":"2026-09-26T07:35:34.763Z","type":"debug","text":"JSHandle@symbol JSHandle@symbol \"Setting the current frame to 1435\" handle was cleared after 1ms"}
{"t":"2026-09-26T07:35:34.802Z","type":"debug","text":"JSHandle@symbol JSHandle@symbol \"Setting the current frame to 1436\" handle was cleared after 7ms"}
{"t":"2026-09-26T07:35:34.828Z","type":"debug","text":"JSHandle@symbol JSHandle@symbol \"Setting the current frame to 1437\" handle was cleared after 1ms"}
{"t":"2026-09-26T07:35:34.869Z","type":"debug","text":"JSHandle@symbol JSHandle@symbol \"Setting the current frame to 1438\" handle was cleared after 6ms"}
{"t":"2026-09-26T07:35:34.895Z","type":"debug","text":"JSHandle@symbol JSHandle@symbol \"Setting the current frame to 1439\" handle was cleared after 1ms"}
{"t":"2026-09-26T07:35:34.935Z","type":"debug","text":"JSHandle@symbol JSHandle@symbol \"Setting the current frame to 1440\" handle was cleared after 7ms"}
{"t":"2026-09-26T07:35:34.964Z","type":"debug","text":"JSHandle@symbol JSHandle@symbol \"Setting the current frame to 1441\" handle was cleared after 1ms"}
{"t":"2026-09-26T07:35:35.003Z","type":"debug","text":"JSHandle@symbol JSHandle@symbol \"Setting the current frame to 1442\" handle was cleared after 10ms"}
{"t":"2026-09-26T07:35:35.031Z","type":"debug","text":"JSHandle@symbol JSHandle@symbol \"Setting the current frame to 1443\" handle was cleared after 0ms"}
{"t":"2026-09-26T07:35:35.069Z","type":"debug","text":"JSHandle@symbol JSHandle@symbol \"Setting the current frame to 1444\" handle was cleared after 8ms"}
{"t":"2026-09-26T07:35:35.097Z","type":"debug","text":"JSHandle@symbol JSHandle@symbol \"Setting the current frame to 1445\" handle was cleared after 1ms"}
{"t":"2026-09-26T07:35:35.136Z","type":"debug","text":"JSHandle@symbol JSHandle@symbol \"Setting the current frame to 1446\" handle was cleared after 8ms"}
{"t":"2026-09-26T07:35:35.163Z","type":"debug","text":"JSHandle@symbol JSHandle@symbol \"Setting the current frame to 1447\" handle was cleared after 0ms"}
{"t":"2026-09-26T07:35:35.204Z","type":"debug","text":"JSHandle@symbol JSHandle@symbol \"Setting the current frame to 1448\" handle was cleared after 1ms"}
{"t":"2026-09-26T07:35:35.237Z","type":"debug","text":"JSHandle@symbol JSHandle@symbol \"Setting the current frame to 1449\" handle was cleared after 1ms"}
{"t":"2026-09-26T07:35:35.269Z","type":"debug","text":"JSHandle@symbol JSHandle@symbol \"Setting the current frame to 1450\" handle was cleared after 5ms"}
{"t":"2026-09-26T07:35:35.302Z","type":"debug","text":"JSHandle@symbol JSHandle@symbol \"Setting the current frame to 1451\" handle was cleared after 6ms"}
{"t":"2026-09-26T07:35:35.335Z","type":"debug","text":"JSHandle@symbol JSHandle@symbol \"Setting the current frame to 1452\" handle was cleared after 6ms"}
{"t":"2026-09-26T07:35:35.369Z","type":"debug","text":"JSHandle@symbol JSHandle@symbol \"Setting the current frame to 1453\" handle was cleared after 9ms"}
{"t":"2026-09-26T07:35:35.403Z","type":"debug","text":"JSHandle@symbol JSHandle@symbol \"Setting the current frame to 1454\" handle was cleared after 8ms"}
{"t":"2026-09-26T07:35:35.435Z","type":"debug","text":"JSHandle@symbol JSHandle@symbol \"Setting the current frame to 1455\" handle was cleared after 7ms"}
{"t":"2026-09-26T07:35:35.474Z","type":"debug","text":"JSHandle@symbol JSHandle@symbol \"Setting the current frame to 1456\" handle was cleared after 8ms"}
{"t":"2026-09-26T07:35:35.503Z","type":"debug","text":"JSHandle@symbol JSHandle@symbol \"Setting the current frame to 1457\" handle was cleared after 4ms"}
{"t":"2026-09-26T07:35:35.536Z","type":"debug","text":"JSHandle@symbol JSHandle@symbol \"Setting the current frame to 1458\" handle was cleared after 7ms"}
{"t":"2026-09-26T07:35:35.569Z","type":"debug","text":"JSHandle@symbol JSHandle@symbol \"Setting the current frame to 1459\" handle was cleared after 8ms"}
{"t":"2026-09-26T07:35:35.602Z","type":"debug","text":"JSHandle@symbol JSHandle@symbol \"Setting the current frame to 1460\" handle was cleared after 8ms"}
{"t":"2026-09-26T07:35:35.635Z","type":"debug","text":"JSHandle@symbol JSHandle@symbol \"Setting the current frame to 1461\" handle was cleared after 8ms"}
{"t":"2026-09-26T07:35:35.669Z","type":"debug","text":"JSHandle@symbol JSHandle@symbol \"Setting the current frame to 1462\" handle was cleared after 9ms"}
{"t":"2026-09-26T07:35:35.703Z","type":"debug","text":"JSHandle@symbol JSHandle@symbol \"Setting the current frame to 1463\" handle was cleared after 8ms"}
{"t":"2026-09-26T07:35:35.736Z","type":"debug","text":"JSHandle@symbol JSHandle@symbol \"Setting the current frame to 1464\" handle was cleared after 7ms"}
{"t":"2026-09-26T07:35:35.769Z","type":"debug","text":"JSHandle@symbol JSHandle@symbol \"Setting the current frame to 1465\" handle was cleared after 7ms"}
{"t":"2026-09-26T07:35:35.802Z","type":"debug","text":"JSHandle@symbol JSHandle@symbol \"Setting the current frame to 1466\" handle was cleared after 7ms"}
{"t":"2026-09-26T07:35:35.835Z","type":"debug","text":"JSHandle@symbol JSHandle@symbol \"Setting the current frame to 1467\" handle was cleared after 6ms"}
{"t":"2026-09-26T07:35:35.870Z","type":"debug","text":"JSHandle@symbol JSHandle@symbol \"Setting the current frame to 1468\" handle was cleared after 8ms"}
{"t":"2026-09-26T07:35:35.902Z","type":"debug","text":"JSHandle@symbol JSHandle@symbol \"Setting the current frame to 1469\" handle was cleared after 7ms"}
{"t":"2026-09-26T07:35:35.935Z","type":"debug","text":"JSHandle@symbol JSHandle@symbol \"Setting the current frame to 1470\" handle was cleared after 8ms"}
{"t":"2026-09-26T07:35:35.969Z","type":"debug","text":"JSHandle@symbol JSHandle@symbol \"Setting the current frame to 1471\" handle was cleared after 8ms"}
{"t":"2026-09-26T07:35:36.003Z","type":"debug","text":"JSHandle@symbol JSHandle@symbol \"Setting the current frame to 1472\" handle was cleared after 8ms"}
{"t":"2026-09-26T07:35:36.037Z","type":"debug","text":"JSHandle@symbol JSHandle@symbol \"Setting the current frame to 1473\" handle was cleared after 7ms"}
{"t":"2026-09-26T07:35:36.070Z","type":"debug","text":"JSHandle@symbol JSHandle@symbol \"Setting the current frame to 1474\" handle was cleared after 8ms"}
{"t":"2026-09-26T07:35:36.102Z","type":"debug","text":"JSHandle@symbol JSHandle@symbol \"Setting the current frame to 1475\" handle was cleared after 7ms"}
{"t":"2026-09-26T07:35:36.136Z","type":"debug","text":"JSHandle@symbol JSHandle@symbol \"Setting the current frame to 1476\" handle was cleared after 7ms"}
{"t":"2026-09-26T07:35:36.169Z","type":"debug","text":"JSHandle@symbol JSHandle@symbol \"Setting the current frame to 1477\" handle was cleared after 8ms"}
{"t":"2026-09-26T07:35:36.202Z","type":"debug","text":"JSHandle@symbol JSHandle@symbol \"Setting the current frame to 1478\" handle was cleared after 8ms"}
{"t":"2026-09-26T07:35:36.236Z","type":"debug","text":"JSHandle@symbol JSHandle@symbol \"Setting the current frame to 1479\" handle was cleared after 8ms"}
{"t":"2026-09-26T07:35:36.269Z","type":"debug","text":"JSHandle@symbol JSHandle@symbol \"Setting the current frame to 1480\" handle was cleared after 7ms"}
{"t":"2026-09-26T07:35:36.302Z","type":"debug","text":"JSHandle@symbol JSHandle@symbol \"Setting the current frame to 1481\" handle was cleared after 7ms"}
{"t":"2026-09-26T07:35:36.337Z","type":"debug","text":"JSHandle@symbol JSHandle@symbol \"Setting the current frame to 1482\" handle was cleared after 8ms"}
{"t":"2026-09-26T07:35:36.370Z","type":"debug","text":"JSHandle@symbol JSHandle@symbol \"Setting the current frame to 1483\" handle was cleared after 7ms"}
{"t":"2026-09-26T07:35:36.402Z","type":"debug","text":"JSHandle@symbol JSHandle@symbol \"Setting the current frame to 1484\" handle was cleared after 6ms"}
{"t":"2026-09-26T07:35:36.436Z","type":"debug","text":"JSHandle@symbol JSHandle@symbol \"Setting the current frame to 1485\" handle was cleared after 7ms"}
{"t":"2026-09-26T07:35:36.469Z","type":"debug","text":"JSHandle@symbol JSHandle@symbol \"Setting the current frame to 1486\" handle was cleared after 6ms"}
{"t":"2026-09-26T07:35:36.502Z","type":"debug","text":"JSHandle@symbol JSHandle@symbol \"Setting the current frame to 1487\" handle was cleared after 8ms"}
{"t":"2026-09-26T07:35:36.536Z","type":"debug","text":"JSHandle@symbol JSHandle@symbol \"Setting the current frame to 1488\" handle was cleared after 8ms"}
{"t":"2026-09-26T07:35:36.569Z","type":"debug","text":"JSHandle@symbol JSHandle@symbol \"Setting the current frame to 1489\" handle was cleared after 8ms"}
{"t":"2026-09-26T07:35:36.602Z","type":"debug","text":"JSHandle@symbol JSHandle@symbol \"Setting the current frame to 1490\" handle was cleared after 8ms"}
{"t":"2026-09-26T07:35:36.636Z","type":"debug","text":"JSHandle@symbol JSHandle@symbol \"Setting the current frame to 1491\" handle was cleared after 9ms"}
{"t":"2026-09-26T07:35:36.669Z","type":"debug","text":"JSHandle@symbol JSHandle@symbol \"Setting the current frame to 1492\" handle was cleared after 6ms"}
{"t":"2026-09-26T07:35:36.703Z","type":"debug","text":"JSHandle@symbol JSHandle@symbol \"Setting the current frame to 1493\" handle was cleared after 8ms"}
{"t":"2026-09-26T07:35:36.736Z","type":"debug","text":"JSHandle@symbol JSHandle@symbol \"Setting the current frame to 1494\" handle was cleared after 6ms"}
{"t":"2026-09-26T07:35:36.769Z","type":"debug","text":"JSHandle@symbol JSHandle@symbol \"Setting the current frame to 1495\" handle was cleared after 7ms"}
{"t":"2026-09-26T07:35:36.802Z","type":"debug","text":"JSHandle@symbol JSHandle@symbol \"Setting the current frame to 1496\" handle was cleared after 8ms"}
{"t":"2026-09-26T07:35:36.837Z","type":"debug","text":"JSHandle@symbol JSHandle@symbol \"Setting the current frame to 1497\" handle was cleared after 7ms"}
{"t":"2026-09-26T07:35:36.870Z","type":"debug","text":"JSHandle@symbol JSHandle@symbol \"Setting the current frame to 1498\" handle was cleared after 8ms"}
{"t":"2026-09-26T07:35:36.902Z","type":"debug","text":"JSHandle@symbol JSHandle@symbol \"Setting the current frame to 1499\" handle was cleared after 7ms"}
{"t":"2026-09-26T07:35:36.935Z","type":"debug","text":"JSHandle@symbol JSHandle@symbol \"Setting the current frame to 1500\" handle was cleared after 8ms"}
{"t":"2026-09-26T07:35:36.969Z","type":"debug","text":"JSHandle@symbol JSHandle@symbol \"Setting the current frame to 1501\" handle was cleared after 9ms"}
{"t":"2026-09-26T07:35:37.003Z","type":"debug","text":"JSHandle@symbol JSHandle@symbol \"Setting the current frame to 1502\" handle was cleared after 8ms"}
{"t":"2026-09-26T07:35:37.036Z","type":"debug","text":"JSHandle@symbol JSHandle@symbol \"Setting the current frame to 1503\" handle was cleared after 8ms"}
{"t":"2026-09-26T07:35:37.069Z","type":"debug","text":"JSHandle@symbol JSHandle@symbol \"Setting the current frame to 1504\" handle was cleared after 6ms"}
{"t":"2026-09-26T07:35:37.102Z","type":"debug","text":"JSHandle@symbol JSHandle@symbol \"Setting the current frame to 1505\" handle was cleared after 2ms"}
{"t":"2026-09-26T07:35:37.135Z","type":"debug","text":"JSHandle@symbol JSHandle@symbol \"Setting the current frame to 1506\" handle was cleared after 4ms"}
{"t":"2026-09-26T07:35:37.169Z","type":"debug","text":"JSHandle@symbol JSHandle@symbol \"Setting the current frame to 1507\" handle was cleared after 6ms"}
{"t":"2026-09-26T07:35:37.202Z","type":"debug","text":"JSHandle@symbol JSHandle@symbol \"Setting the current frame to 1508\" handle was cleared after 6ms"}
{"t":"2026-09-26T07:35:37.236Z","type":"debug","text":"JSHandle@symbol JSHandle@symbol \"Setting the current frame to 1509\" handle was cleared after 5ms"}
{"t":"2026-09-26T07:35:37.270Z","type":"debug","text":"JSHandle@symbol JSHandle@symbol \"Setting the current frame to 1510\" handle was cleared after 9ms"}
{"t":"2026-09-26T07:35:37.302Z","type":"debug","text":"JSHandle@symbol JSHandle@symbol \"Setting the current frame to 1511\" handle was cleared after 6ms"}
{"t":"2026-09-26T07:35:37.335Z","type":"debug","text":"JSHandle@symbol JSHandle@symbol \"Setting the current frame to 1512\" handle was cleared after 8ms"}
{"t":"2026-09-26T07:35:37.369Z","type":"debug","text":"JSHandle@symbol JSHandle@symbol \"Setting the current frame to 1513\" handle was cleared after 8ms"}
{"t":"2026-09-26T07:35:37.402Z","type":"debug","text":"JSHandle@symbol JSHandle@symbol \"Setting the current frame to 1514\" handle was cleared after 7ms"}
{"t":"2026-09-26T07:35:37.436Z","type":"debug","text":"JSHandle@symbol JSHandle@symbol \"Setting the current frame to 1515\" handle was cleared after 8ms"}
{"t":"2026-09-26T07:35:37.469Z","type":"debug","text":"JSHandle@symbol JSHandle@symbol \"Setting the current frame to 1516\" handle was cleared after 7ms"}
{"t":"2026-09-26T07:35:37.503Z","type":"debug","text":"JSHandle@symbol JSHandle@symbol \"Setting the current frame to 1517\" handle was cleared after 8ms"}
{"t":"2026-09-26T07:35:37.535Z","type":"debug","text":"JSHandle@symbol JSHandle@symbol \"Setting the current frame to 1518\" handle was cleared after 5ms"}
{"t":"2026-09-26T07:35:37.569Z","type":"debug","text":"JSHandle@symbol JSHandle@symbol \"Setting the current frame to 1519\" handle was cleared after 8ms"}
{"t":"2026-09-26T07:35:37.603Z","type":"debug","text":"JSHandle@symbol JSHandle@symbol \"Setting the current frame to 1520\" handle was cleared after 7ms"}
{"t":"2026-09-26T07:35:37.636Z","type":"debug","text":"JSHandle@symbol JSHandle@symbol \"Setting the current frame to 1521\" handle was cleared after 7ms"}
{"t":"2026-09-26T07:35:37.669Z","type":"debug","text":"JSHandle@symbol JSHandle@symbol \"Setting the current frame to 1522\" handle was cleared after 8ms"}
{"t":"2026-09-26T07:35:37.702Z","type":"debug","text":"JSHandle@symbol JSHandle@symbol \"Setting the current frame to 1523\" handle was cleared after 8ms"}
{"t":"2026-09-26T07:35:37.736Z","type":"debug","text":"JSHandle@symbol JSHandle@symbol \"Setting the current frame to 1524\" handle was cleared after 9ms"}
{"t":"2026-09-26T07:35:37.769Z","type":"debug","text":"JSHandle@symbol JSHandle@symbol \"Setting the current frame to 1525\" handle was cleared after 7ms"}
{"t":"2026-09-26T07:35:37.802Z","type":"debug","text":"JSHandle@symbol JSHandle@symbol \"Setting the current frame to 1526\" handle was cleared after 7ms"}
{"t":"2026-09-26T07:35:37.835Z","type":"debug","text":"JSHandle@symbol JSHandle@symbol \"Setting the current frame to 1527\" handle was cleared after 6ms"}
{"t":"2026-09-26T07:35:37.869Z","type":"debug","text":"JSHandle@symbol JSHandle@symbol \"Setting the current frame to 1528\" handle was cleared after 8ms"}
{"t":"2026-09-26T07:35:37.903Z","type":"debug","text":"JSHandle@symbol JSHandle@symbol \"Setting the current frame to 1529\" handle was cleared after 7ms"}
{"t":"2026-09-26T07:35:37.935Z","type":"debug","text":"JSHandle@symbol JSHandle@symbol \"Setting the current frame to 1530\" handle was cleared after 6ms"}
{"t":"2026-09-26T07:35:37.969Z","type":"debug","text":"JSHandle@symbol JSHandle@symbol \"Setting the current frame to 1531\" handle was cleared after 8ms"}
{"t":"2026-09-26T07:35:38.002Z","type":"debug","text":"JSHandle@symbol JSHandle@symbol \"Setting the current frame to 1532\" handle was cleared after 7ms"}
{"t":"2026-09-26T07:35:38.037Z","type":"debug","text":"JSHandle@symbol JSHandle@symbol \"Setting the current frame to 1533\" handle was cleared after 9ms"}
{"t":"2026-09-26T07:35:38.069Z","type":"debug","text":"JSHandle@symbol JSHandle@symbol \"Setting the current frame to 1534\" handle was cleared after 7ms"}
{"t":"2026-09-26T07:35:38.102Z","type":"debug","text":"JSHandle@symbol JSHandle@symbol \"Setting the current frame to 1535\" handle was cleared after 7ms"}
{"t":"2026-09-26T07:35:38.136Z","type":"debug","text":"JSHandle@symbol JSHandle@symbol \"Setting the current frame to 1536\" handle was cleared after 8ms"}
{"t":"2026-09-26T07:35:38.169Z","type":"debug","text":"JSHandle@symbol JSHandle@symbol \"Setting the current frame to 1537\" handle was cleared after 7ms"}
{"t":"2026-09-26T07:35:38.202Z","type":"debug","text":"JSHandle@symbol JSHandle@symbol \"Setting the current frame to 1538\" handle was cleared after 8ms"}
{"t":"2026-09-26T07:35:38.235Z","type":"debug","text":"JSHandle@symbol JSHandle@symbol \"Setting the current frame to 1539\" handle was cleared after 7ms"}
{"t":"2026-09-26T07:35:38.269Z","type":"debug","text":"JSHandle@symbol JSHandle@symbol \"Setting the current frame to 1540\" handle was cleared after 7ms"}
{"t":"2026-09-26T07:35:38.302Z","type":"debug","text":"JSHandle@symbol JSHandle@symbol \"Setting the current frame to 1541\" handle was cleared after 9ms"}
{"t":"2026-09-26T07:35:38.335Z","type":"debug","text":"JSHandle@symbol JSHandle@symbol \"Setting the current frame to 1542\" handle was cleared after 7ms"}
{"t":"2026-09-26T07:35:38.370Z","type":"debug","text":"JSHandle@symbol JSHandle@symbol \"Setting the current frame to 1543\" handle was cleared after 10ms"}
{"t":"2026-09-26T07:35:38.402Z","type":"debug","text":"JSHandle@symbol JSHandle@symbol \"Setting the current frame to 1544\" handle was cleared after 8ms"}
{"t":"2026-09-26T07:35:38.435Z","type":"debug","text":"JSHandle@symbol JSHandle@symbol \"Setting the current frame to 1545\" handle was cleared after 8ms"}
{"t":"2026-09-26T07:35:38.469Z","type":"debug","text":"JSHandle@symbol JSHandle@symbol \"Setting the current frame to 1546\" handle was cleared after 7ms"}
{"t":"2026-09-26T07:35:38.496Z","type":"debug","text":"JSHandle@symbol JSHandle@symbol \"Setting the current frame to 1547\" handle was cleared after 1ms"}
{"t":"2026-09-26T07:35:38.536Z","type":"debug","text":"JSHandle@symbol JSHandle@symbol \"Setting the current frame to 1548\" handle was cleared after 9ms"}
{"t":"2026-09-26T07:35:38.562Z","type":"debug","text":"JSHandle@symbol JSHandle@symbol \"Setting the current frame to 1549\" handle was cleared after 1ms"}
{"t":"2026-09-26T07:35:38.602Z","type":"debug","text":"JSHandle@symbol JSHandle@symbol \"Setting the current frame to 1550\" handle was cleared after 5ms"}
{"t":"2026-09-26T07:35:38.629Z","type":"debug","text":"JSHandle@symbol JSHandle@symbol \"Setting the current frame to 1551\" handle was cleared after 0ms"}
{"t":"2026-09-26T07:35:38.669Z","type":"debug","text":"JSHandle@symbol JSHandle@symbol \"Setting the current frame to 1552\" handle was cleared after 6ms"}
{"t":"2026-09-26T07:35:38.695Z","type":"debug","text":"JSHandle@symbol JSHandle@symbol \"Setting the current frame to 1553\" handle was cleared after 1ms"}
{"t":"2026-09-26T07:35:38.735Z","type":"debug","text":"JSHandle@symbol JSHandle@symbol \"Setting the current frame to 1554\" handle was cleared after 6ms"}
{"t":"2026-09-26T07:35:38.762Z","type":"debug","text":"JSHandle@symbol JSHandle@symbol \"Setting the current frame to 1555\" handle was cleared after 1ms"}
{"t":"2026-09-26T07:35:38.802Z","type":"debug","text":"JSHandle@symbol JSHandle@symbol \"Setting the current frame to 1556\" handle was cleared after 8ms"}
{"t":"2026-09-26T07:35:38.828Z","type":"debug","text":"JSHandle@symbol JSHandle@symbol \"Setting the current frame to 1557\" handle was cleared after 0ms"}
{"t":"2026-09-26T07:35:38.869Z","type":"debug","text":"JSHandle@symbol JSHandle@symbol \"Setting the current frame to 1558\" handle was cleared after 7ms"}
{"t":"2026-09-26T07:35:38.895Z","type":"debug","text":"JSHandle@symbol JSHandle@symbol \"Setting the current frame to 1559\" handle was cleared after 0ms"}
{"t":"2026-09-26T07:35:38.936Z","type":"debug","text":"JSHandle@symbol JSHandle@symbol \"Setting the current frame to 1560\" handle was cleared after 1ms"}
{"t":"2026-09-26T07:35:38.970Z","type":"debug","text":"JSHandle@symbol JSHandle@symbol \"Setting the current frame to 1561\" handle was cleared after 1ms"}
{"t":"2026-09-26T07:35:39.012Z","type":"debug","text":"JSHandle@symbol JSHandle@symbol \"Setting the current frame to 1562\" handle was cleared after 8ms"}
{"t":"2026-09-26T07:35:39.036Z","type":"debug","text":"JSHandle@symbol JSHandle@symbol \"Setting the current frame to 1563\" handle was cleared after 1ms"}
{"t":"2026-09-26T07:35:39.069Z","type":"debug","text":"JSHandle@symbol JSHandle@symbol \"Setting the current frame to 1564\" handle was cleared after 6ms"}
{"t":"2026-09-26T07:35:39.102Z","type":"debug","text":"JSHandle@symbol JSHandle@symbol \"Setting the current frame to 1565\" handle was cleared after 7ms"}
{"t":"2026-09-26T07:35:39.135Z","type":"debug","text":"JSHandle@symbol JSHandle@symbol \"Setting the current frame to 1566\" handle was cleared after 5ms"}
{"t":"2026-09-26T07:35:39.170Z","type":"debug","text":"JSHandle@symbol JSHandle@symbol \"Setting the current frame to 1567\" handle was cleared after 6ms"}
{"t":"2026-09-26T07:35:39.203Z","type":"debug","text":"JSHandle@symbol JSHandle@symbol \"Setting the current frame to 1568\" handle was cleared after 1ms"}
{"t":"2026-09-26T07:35:39.235Z","type":"debug","text":"JSHandle@symbol JSHandle@symbol \"Setting the current frame to 1569\" handle was cleared after 6ms"}
{"t":"2026-09-26T07:35:39.270Z","type":"debug","text":"JSHandle@symbol JSHandle@symbol \"Setting the current frame to 1570\" handle was cleared after 7ms"}
{"t":"2026-09-26T07:35:39.302Z","type":"debug","text":"JSHandle@symbol JSHandle@symbol \"Setting the current frame to 1571\" handle was cleared after 5ms"}
{"t":"2026-09-26T07:35:39.337Z","type":"debug","text":"JSHandle@symbol JSHandle@symbol \"Setting the current frame to 1572\" handle was cleared after 8ms"}
{"t":"2026-09-26T07:35:39.369Z","type":"debug","text":"JSHandle@symbol JSHandle@symbol \"Setting the current frame to 1573\" handle was cleared after 4ms"}
{"t":"2026-09-26T07:35:39.403Z","type":"debug","text":"JSHandle@symbol JSHandle@symbol \"Setting the current frame to 1574\" handle was cleared after 8ms"}
{"t":"2026-09-26T07:35:39.436Z","type":"debug","text":"JSHandle@symbol JSHandle@symbol \"Setting the current frame to 1575\" handle was cleared after 7ms"}
{"t":"2026-09-26T07:35:39.469Z","type":"debug","text":"JSHandle@symbol JSHandle@symbol \"Setting the current frame to 1576\" handle was cleared after 2ms"}
{"t":"2026-09-26T07:35:39.502Z","type":"debug","text":"JSHandle@symbol JSHandle@symbol \"Setting the current frame to 1577\" handle was cleared after 3ms"}
{"t":"2026-09-26T07:35:39.536Z","type":"debug","text":"JSHandle@symbol JSHandle@symbol \"Setting the current frame to 1578\" handle was cleared after 6ms"}
{"t":"2026-09-26T07:35:39.569Z","type":"debug","text":"JSHandle@symbol JSHandle@symbol \"Setting the current frame to 1579\" handle was cleared after 8ms"}
{"t":"2026-09-26T07:35:39.602Z","type":"debug","text":"JSHandle@symbol JSHandle@symbol \"Setting the current frame to 1580\" handle was cleared after 8ms"}
{"t":"2026-09-26T07:35:39.635Z","type":"debug","text":"JSHandle@symbol JSHandle@symbol \"Setting the current frame to 1581\" handle was cleared after 7ms"}
{"t":"2026-09-26T07:35:39.668Z","type":"debug","text":"JSHandle@symbol JSHandle@symbol \"Setting the current frame to 1582\" handle was cleared after 7ms"}
{"t":"2026-09-26T07:35:39.703Z","type":"debug","text":"JSHandle@symbol JSHandle@symbol \"Setting the current frame to 1583\" handle was cleared after 10ms"}
{"t":"2026-09-26T07:35:39.736Z","type":"debug","text":"JSHandle@symbol JSHandle@symbol \"Setting the current frame to 1584\" handle was cleared after 9ms"}
{"t":"2026-09-26T07:35:39.769Z","type":"debug","text":"JSHandle@symbol JSHandle@symbol \"Setting the current frame to 1585\" handle was cleared after 7ms"}
{"t":"2026-09-26T07:35:39.802Z","type":"debug","text":"JSHandle@symbol JSHandle@symbol \"Setting the current frame to 1586\" handle was cleared after 7ms"}
{"t":"2026-09-26T07:35:39.837Z","type":"debug","text":"JSHandle@symbol JSHandle@symbol \"Setting the current frame to 1587\" handle was cleared after 9ms"}
{"t":"2026-09-26T07:35:39.869Z","type":"debug","text":"JSHandle@symbol JSHandle@symbol \"Setting the current frame to 1588\" handle was cleared after 6ms"}
{"t":"2026-09-26T07:35:39.903Z","type":"debug","text":"JSHandle@symbol JSHandle@symbol \"Setting the current frame to 1589\" handle was cleared after 7ms"}
{"t":"2026-09-26T07:35:39.937Z","type":"debug","text":"JSHandle@symbol JSHandle@symbol \"Setting the current frame to 1590\" handle was cleared after 8ms"}
{"t":"2026-09-26T07:35:39.969Z","type":"debug","text":"JSHandle@symbol JSHandle@symbol \"Setting the current frame to 1591\" handle was cleared after 7ms"}
{"t":"2026-09-26T07:35:40.003Z","type":"debug","text":"JSHandle@symbol JSHandle@symbol \"Setting the current frame to 1592\" handle was cleared after 8ms"}
{"t":"2026-09-26T07:35:40.036Z","type":"debug","text":"JSHandle@symbol JSHandle@symbol \"Setting the current frame to 1593\" handle was cleared after 9ms"}
{"t":"2026-09-26T07:35:40.069Z","type":"debug","text":"JSHandle@symbol JSHandle@symbol \"Setting the current frame to 1594\" handle was cleared after 8ms"}
{"t":"2026-09-26T07:35:40.102Z","type":"debug","text":"JSHandle@symbol JSHandle@symbol \"Setting the current frame to 1595\" handle was cleared after 8ms"}
{"t":"2026-09-26T07:35:40.137Z","type":"debug","text":"JSHandle@symbol JSHandle@symbol \"Setting the current frame to 1596\" handle was cleared after 9ms"}
{"t":"2026-09-26T07:35:40.169Z","type":"debug","text":"JSHandle@symbol JSHandle@symbol \"Setting the current frame to 1597\" handle was cleared after 5ms"}
{"t":"2026-09-26T07:35:40.196Z","type":"debug","text":"JSHandle@symbol JSHandle@symbol \"Setting the current frame to 1598\" handle was cleared after 1ms"}
{"t":"2026-09-26T07:35:40.235Z","type":"debug","text":"JSHandle@symbol JSHandle@symbol \"Setting the current frame to 1599\" handle was cleared after 6ms"}
{"t":"2026-09-26T07:35:40.262Z","type":"debug","text":"JSHandle@symbol JSHandle@symbol \"Setting the current frame to 1600\" handle was cleared after 1ms"}
{"t":"2026-09-26T07:35:40.303Z","type":"debug","text":"JSHandle@symbol JSHandle@symbol \"Setting the current frame to 1601\" handle was cleared after 9ms"}
{"t":"2026-09-26T07:35:40.331Z","type":"debug","text":"JSHandle@symbol JSHandle@symbol \"Setting the current frame to 1602\" handle was cleared after 1ms"}
{"t":"2026-09-26T07:35:40.369Z","type":"debug","text":"JSHandle@symbol JSHandle@symbol \"Setting the current frame to 1603\" handle was cleared after 8ms"}
{"t":"2026-09-26T07:35:40.396Z","type":"debug","text":"JSHandle@symbol JSHandle@symbol \"Setting the current frame to 1604\" handle was cleared after 1ms"}
{"t":"2026-09-26T07:35:40.436Z","type":"debug","text":"JSHandle@symbol JSHandle@symbol \"Setting the current frame to 1605\" handle was cleared after 8ms"}
{"t":"2026-09-26T07:35:40.463Z","type":"debug","text":"JSHandle@symbol JSHandle@symbol \"Setting the current frame to 1606\" handle was cleared after 1ms"}
{"t":"2026-09-26T07:35:40.503Z","type":"debug","text":"JSHandle@symbol JSHandle@symbol \"Setting the current frame to 1607\" handle was cleared after 7ms"}
{"t":"2026-09-26T07:35:40.531Z","type":"debug","text":"JSHandle@symbol JSHandle@symbol \"Setting the current frame to 1608\" handle was cleared after 1ms"}
{"t":"2026-09-26T07:35:40.569Z","type":"debug","text":"JSHandle@symbol JSHandle@symbol \"Setting the current frame to 1609\" handle was cleared after 7ms"}
{"t":"2026-09-26T07:35:40.595Z","type":"debug","text":"JSHandle@symbol JSHandle@symbol \"Setting the current frame to 1610\" handle was cleared after 1ms"}
{"t":"2026-09-26T07:35:40.637Z","type":"debug","text":"JSHandle@symbol JSHandle@symbol \"Setting the current frame to 1611\" handle was cleared after 8ms"}
{"t":"2026-09-26T07:35:40.662Z","type":"debug","text":"JSHandle@symbol JSHandle@symbol \"Setting the current frame to 1612\" handle was cleared after 1ms"}
{"t":"2026-09-26T07:35:40.703Z","type":"debug","text":"JSHandle@symbol JSHandle@symbol \"Setting the current frame to 1613\" handle was cleared after 8ms"}
{"t":"2026-09-26T07:35:40.728Z","type":"debug","text":"JSHandle@symbol JSHandle@symbol \"Setting the current frame to 1614\" handle was cleared after 0ms"}
{"t":"2026-09-26T07:35:40.769Z","type":"debug","text":"JSHandle@symbol JSHandle@symbol \"Setting the current frame to 1615\" handle was cleared after 8ms"}
{"t":"2026-09-26T07:35:40.796Z","type":"debug","text":"JSHandle@symbol JSHandle@symbol \"Setting the current frame to 1616\" handle was cleared after 1ms"}
{"t":"2026-09-26T07:35:40.836Z","type":"debug","text":"JSHandle@symbol JSHandle@symbol \"Setting the current frame to 1617\" handle was cleared after 8ms"}
{"t":"2026-09-26T07:35:40.863Z","type":"debug","text":"JSHandle@symbol JSHandle@symbol \"Setting the current frame to 1618\" handle was cleared after 1ms"}
{"t":"2026-09-26T07:35:40.902Z","type":"debug","text":"JSHandle@symbol JSHandle@symbol \"Setting the current frame to 1619\" handle was cleared after 2ms"}
{"t":"2026-09-26T07:35:40.928Z","type":"debug","text":"JSHandle@symbol JSHandle@symbol \"Setting the current frame to 1620\" handle was cleared after 1ms"}
{"t":"2026-09-26T07:35:40.969Z","type":"debug","text":"JSHandle@symbol JSHandle@symbol \"Setting the current frame to 1621\" handle was cleared after 7ms"}
{"t":"2026-09-26T07:35:40.995Z","type":"debug","text":"JSHandle@symbol JSHandle@symbol \"Setting the current frame to 1622\" handle was cleared after 0ms"}
{"t":"2026-09-26T07:35:41.037Z","type":"debug","text":"JSHandle@symbol JSHandle@symbol \"Setting the current frame to 1623\" handle was cleared after 9ms"}
{"t":"2026-09-26T07:35:41.061Z","type":"debug","text":"JSHandle@symbol JSHandle@symbol \"Setting the current frame to 1624\" handle was cleared after 1ms"}
{"t":"2026-09-26T07:35:41.103Z","type":"debug","text":"JSHandle@symbol JSHandle@symbol \"Setting the current frame to 1625\" handle was cleared after 8ms"}
{"t":"2026-09-26T07:35:41.129Z","type":"debug","text":"JSHandle@symbol JSHandle@symbol \"Setting the current frame to 1626\" handle was cleared after 1ms"}
{"t":"2026-09-26T07:35:41.169Z","type":"debug","text":"JSHandle@symbol JSHandle@symbol \"Setting the current frame to 1627\" handle was cleared after 9ms"}
{"t":"2026-09-26T07:35:41.197Z","type":"debug","text":"JSHandle@symbol JSHandle@symbol \"Setting the current frame to 1628\" handle was cleared after 1ms"}
{"t":"2026-09-26T07:35:41.235Z","type":"debug","text":"JSHandle@symbol JSHandle@symbol \"Setting the current frame to 1629\" handle was cleared after 7ms"}
{"t":"2026-09-26T07:35:41.262Z","type":"debug","text":"JSHandle@symbol JSHandle@symbol \"Setting the current frame to 1630\" handle was cleared after 1ms"}
{"t":"2026-09-26T07:35:41.302Z","type":"debug","text":"JSHandle@symbol JSHandle@symbol \"Setting the current frame to 1631\" handle was cleared after 8ms"}
{"t":"2026-09-26T07:35:41.330Z","type":"debug","text":"JSHandle@symbol JSHandle@symbol \"Setting the current frame to 1632\" handle was cleared after 1ms"}
{"t":"2026-09-26T07:35:41.369Z","type":"debug","text":"JSHandle@symbol JSHandle@symbol \"Setting the current frame to 1633\" handle was cleared after 8ms"}
{"t":"2026-09-26T07:35:41.394Z","type":"debug","text":"JSHandle@symbol JSHandle@symbol \"Setting the current frame to 1634\" handle was cleared after 1ms"}
{"t":"2026-09-26T07:35:41.435Z","type":"debug","text":"JSHandle@symbol JSHandle@symbol \"Setting the current frame to 1635\" handle was cleared after 8ms"}
{"t":"2026-09-26T07:35:41.462Z","type":"debug","text":"JSHandle@symbol JSHandle@symbol \"Setting the current frame to 1636\" handle was cleared after 1ms"}
{"t":"2026-09-26T07:35:41.502Z","type":"debug","text":"JSHandle@symbol JSHandle@symbol \"Setting the current frame to 1637\" handle was cleared after 7ms"}
{"t":"2026-09-26T07:35:41.530Z","type":"debug","text":"JSHandle@symbol JSHandle@symbol \"Setting the current frame to 1638\" handle was cleared after 1ms"}
{"t":"2026-09-26T07:35:41.568Z","type":"debug","text":"JSHandle@symbol JSHandle@symbol \"Setting the current frame to 1639\" handle was cleared after 7ms"}
{"t":"2026-09-26T07:35:41.595Z","type":"debug","text":"JSHandle@symbol JSHandle@symbol \"Setting the current frame to 1640\" handle was cleared after 1ms"}
{"t":"2026-09-26T07:35:41.636Z","type":"debug","text":"JSHandle@symbol JSHandle@symbol \"Setting the current frame to 1641\" handle was cleared after 7ms"}
{"t":"2026-09-26T07:35:41.662Z","type":"debug","text":"JSHandle@symbol JSHandle@symbol \"Setting the current frame to 1642\" handle was cleared after 0ms"}
{"t":"2026-09-26T07:35:41.703Z","type":"debug","text":"JSHandle@symbol JSHandle@symbol \"Setting the current frame to 1643\" handle was cleared after 8ms"}
{"t":"2026-09-26T07:35:41.729Z","type":"debug","text":"JSHandle@symbol JSHandle@symbol \"Setting the current frame to 1644\" handle was cleared after 1ms"}
{"t":"2026-09-26T07:35:41.770Z","type":"debug","text":"JSHandle@symbol JSHandle@symbol \"Setting the current frame to 1645\" handle was cleared after 8ms"}
{"t":"2026-09-26T07:35:41.796Z","type":"debug","text":"JSHandle@symbol JSHandle@symbol \"Setting the current frame to 1646\" handle was cleared after 0ms"}
{"t":"2026-09-26T07:35:41.836Z","type":"debug","text":"JSHandle@symbol JSHandle@symbol \"Setting the current frame to 1647\" handle was cleared after 5ms"}
{"t":"2026-09-26T07:35:41.863Z","type":"debug","text":"JSHandle@symbol JSHandle@symbol \"Setting the current frame to 1648\" handle was cleared after 1ms"}
{"t":"2026-09-26T07:35:41.902Z","type":"debug","text":"JSHandle@symbol JSHandle@symbol \"Setting the current frame to 1649\" handle was cleared after 8ms"}
{"t":"2026-09-26T07:35:41.929Z","type":"debug","text":"JSHandle@symbol JSHandle@symbol \"Setting the current frame to 1650\" handle was cleared after 1ms"}
{"t":"2026-09-26T07:35:41.969Z","type":"debug","text":"JSHandle@symbol JSHandle@symbol \"Setting the current frame to 1651\" handle was cleared after 5ms"}
{"t":"2026-09-26T07:35:41.998Z","type":"debug","text":"JSHandle@symbol JSHandle@symbol \"Setting the current frame to 1652\" handle was cleared after 1ms"}
{"t":"2026-09-26T07:35:42.036Z","type":"debug","text":"JSHandle@symbol JSHandle@symbol \"Setting the current frame to 1653\" handle was cleared after 3ms"}
{"t":"2026-09-26T07:35:42.064Z","type":"debug","text":"JSHandle@symbol JSHandle@symbol \"Setting the current frame to 1654\" handle was cleared after 1ms"}
{"t":"2026-09-26T07:35:42.103Z","type":"debug","text":"JSHandle@symbol JSHandle@symbol \"Setting the current frame to 1655\" handle was cleared after 8ms"}
{"t":"2026-09-26T07:35:42.130Z","type":"debug","text":"JSHandle@symbol JSHandle@symbol \"Setting the current frame to 1656\" handle was cleared after 1ms"}
{"t":"2026-09-26T07:35:42.169Z","type":"debug","text":"JSHandle@symbol JSHandle@symbol \"Setting the current frame to 1657\" handle was cleared after 6ms"}
{"t":"2026-09-26T07:35:42.196Z","type":"debug","text":"JSHandle@symbol JSHandle@symbol \"Setting the current frame to 1658\" handle was cleared after 1ms"}
{"t":"2026-09-26T07:35:42.237Z","type":"debug","text":"JSHandle@symbol JSHandle@symbol \"Setting the current frame to 1659\" handle was cleared after 9ms"}
{"t":"2026-09-26T07:35:42.263Z","type":"debug","text":"JSHandle@symbol JSHandle@symbol \"Setting the current frame to 1660\" handle was cleared after 1ms"}
{"t":"2026-09-26T07:35:42.302Z","type":"debug","text":"JSHandle@symbol JSHandle@symbol \"Setting the current frame to 1661\" handle was cleared after 8ms"}
{"t":"2026-09-26T07:35:42.329Z","type":"debug","text":"JSHandle@symbol JSHandle@symbol \"Setting the current frame to 1662\" handle was cleared after 1ms"}
{"t":"2026-09-26T07:35:42.370Z","type":"debug","text":"JSHandle@symbol JSHandle@symbol \"Setting the current frame to 1663\" handle was cleared after 8ms"}
{"t":"2026-09-26T07:35:42.395Z","type":"debug","text":"JSHandle@symbol JSHandle@symbol \"Setting the current frame to 1664\" handle was cleared after 1ms"}
{"t":"2026-09-26T07:35:42.435Z","type":"debug","text":"JSHandle@symbol JSHandle@symbol \"Setting the current frame to 1665\" handle was cleared after 8ms"}
{"t":"2026-09-26T07:35:42.462Z","type":"debug","text":"JSHandle@symbol JSHandle@symbol \"Setting the current frame to 1666\" handle was cleared after 0ms"}
{"t":"2026-09-26T07:35:42.503Z","type":"debug","text":"JSHandle@symbol JSHandle@symbol \"Setting the current frame to 1667\" handle was cleared after 8ms"}
{"t":"2026-09-26T07:35:42.530Z","type":"debug","text":"JSHandle@symbol JSHandle@symbol \"Setting the current frame to 1668\" handle was cleared after 0ms"}
{"t":"2026-09-26T07:35:42.569Z","type":"debug","text":"JSHandle@symbol JSHandle@symbol \"Setting the current frame to 1669\" handle was cleared after 7ms"}
{"t":"2026-09-26T07:35:42.595Z","type":"debug","text":"JSHandle@symbol JSHandle@symbol \"Setting the current frame to 1670\" handle was cleared after 0ms"}
{"t":"2026-09-26T07:35:42.636Z","type":"debug","text":"JSHandle@symbol JSHandle@symbol \"Setting the current frame to 1671\" handle was cleared after 7ms"}
{"t":"2026-09-26T07:35:42.663Z","type":"debug","text":"JSHandle@symbol JSHandle@symbol \"Setting the current frame to 1672\" handle was cleared after 0ms"}
{"t":"2026-09-26T07:35:42.703Z","type":"debug","text":"JSHandle@symbol JSHandle@symbol \"Setting the current frame to 1673\" handle was cleared after 7ms"}
{"t":"2026-09-26T07:35:42.729Z","type":"debug","text":"JSHandle@symbol JSHandle@symbol \"Setting the current frame to 1674\" handle was cleared after 1ms"}
{"t":"2026-09-26T07:35:42.769Z","type":"debug","text":"JSHandle@symbol JSHandle@symbol \"Setting the current frame to 1675\" handle was cleared after 7ms"}
{"t":"2026-09-26T07:35:42.796Z","type":"debug","text":"JSHandle@symbol JSHandle@symbol \"Setting the current frame to 1676\" handle was cleared after 1ms"}
{"t":"2026-09-26T07:35:42.836Z","type":"debug","text":"JSHandle@symbol JSHandle@symbol \"Setting the current frame to 1677\" handle was cleared after 5ms"}
{"t":"2026-09-26T07:35:42.877Z","type":"debug","text":"JSHandle@symbol JSHandle@symbol \"Setting the current frame to 1678\" handle was cleared after 3ms"}
{"t":"2026-09-26T07:35:42.902Z","type":"debug","text":"JSHandle@symbol JSHandle@symbol \"Setting the current frame to 1679\" handle was cleared after 1ms"}
{"t":"2026-09-26T07:35:42.935Z","type":"debug","text":"JSHandle@symbol JSHandle@symbol \"Setting the current frame to 1680\" handle was cleared after 7ms"}
{"t":"2026-09-26T07:35:42.969Z","type":"debug","text":"JSHandle@symbol JSHandle@symbol \"Setting the current frame to 1681\" handle was cleared after 9ms"}
{"t":"2026-09-26T07:35:43.003Z","type":"debug","text":"JSHandle@symbol JSHandle@symbol \"Setting the current frame to 1682\" handle was cleared after 7ms"}
{"t":"2026-09-26T07:35:43.037Z","type":"debug","text":"JSHandle@symbol JSHandle@symbol \"Setting the current frame to 1683\" handle was cleared after 9ms"}
{"t":"2026-09-26T07:35:43.070Z","type":"debug","text":"JSHandle@symbol JSHandle@symbol \"Setting the current frame to 1684\" handle was cleared after 9ms"}
{"t":"2026-09-26T07:35:43.102Z","type":"debug","text":"JSHandle@symbol JSHandle@symbol \"Setting the current frame to 1685\" handle was cleared after 7ms"}
{"t":"2026-09-26T07:35:43.135Z","type":"debug","text":"JSHandle@symbol JSHandle@symbol \"Setting the current frame to 1686\" handle was cleared after 8ms"}
{"t":"2026-09-26T07:35:43.168Z","type":"debug","text":"JSHandle@symbol JSHandle@symbol \"Setting the current frame to 1687\" handle was cleared after 7ms"}
{"t":"2026-09-26T07:35:43.202Z","type":"debug","text":"JSHandle@symbol JSHandle@symbol \"Setting the current frame to 1688\" handle was cleared after 8ms"}
{"t":"2026-09-26T07:35:43.236Z","type":"debug","text":"JSHandle@symbol JSHandle@symbol \"Setting the current frame to 1689\" handle was cleared after 8ms"}
{"t":"2026-09-26T07:35:43.269Z","type":"debug","text":"JSHandle@symbol JSHandle@symbol \"Setting the current frame to 1690\" handle was cleared after 7ms"}
{"t":"2026-09-26T07:35:43.302Z","type":"debug","text":"JSHandle@symbol JSHandle@symbol \"Setting the current frame to 1691\" handle was cleared after 8ms"}
{"t":"2026-09-26T07:35:43.336Z","type":"debug","text":"JSHandle@symbol JSHandle@symbol \"Setting the current frame to 1692\" handle was cleared after 9ms"}
{"t":"2026-09-26T07:35:43.369Z","type":"debug","text":"JSHandle@symbol JSHandle@symbol \"Setting the current frame to 1693\" handle was cleared after 8ms"}
{"t":"2026-09-26T07:35:43.402Z","type":"debug","text":"JSHandle@symbol JSHandle@symbol \"Setting the current frame to 1694\" handle was cleared after 8ms"}
{"t":"2026-09-26T07:35:43.436Z","type":"debug","text":"JSHandle@symbol JSHandle@symbol \"Setting the current frame to 1695\" handle was cleared after 8ms"}
{"t":"2026-09-26T07:35:43.468Z","type":"debug","text":"JSHandle@symbol JSHandle@symbol \"Setting the current frame to 1696\" handle was cleared after 7ms"}
{"t":"2026-09-26T07:35:43.502Z","type":"debug","text":"JSHandle@symbol JSHandle@symbol \"Setting the current frame to 1697\" handle was cleared after 8ms"}
{"t":"2026-09-26T07:35:43.535Z","type":"debug","text":"JSHandle@symbol JSHandle@symbol \"Setting the current frame to 1698\" handle was cleared after 7ms"}
{"t":"2026-09-26T07:35:43.568Z","type":"debug","text":"JSHandle@symbol JSHandle@symbol \"Setting the current frame to 1699\" handle was cleared after 7ms"}
{"t":"2026-09-26T07:35:43.601Z","type":"debug","text":"JSHandle@symbol JSHandle@symbol \"Setting the current frame to 1700\" handle was cleared after 7ms"}
{"t":"2026-09-26T07:35:43.628Z","type":"debug","text":"JSHandle@symbol JSHandle@symbol \"Setting the current frame to 1701\" handle was cleared after 1ms"}
{"t":"2026-09-26T07:35:43.669Z","type":"debug","text":"JSHandle@symbol JSHandle@symbol \"Setting the current frame to 1702\" handle was cleared after 7ms"}
{"t":"2026-09-26T07:35:43.695Z","type":"debug","text":"JSHandle@symbol JSHandle@symbol \"Setting the current frame to 1703\" handle was cleared after 1ms"}
{"t":"2026-09-26T07:35:43.742Z","type":"debug","text":"JSHandle@symbol JSHandle@symbol \"Setting the current frame to 1704\" handle was cleared after 8ms"}
{"t":"2026-09-26T07:35:43.768Z","type":"debug","text":"JSHandle@symbol JSHandle@symbol \"Setting the current frame to 1705\" handle was cleared after 0ms"}
{"t":"2026-09-26T07:35:43.801Z","type":"debug","text":"JSHandle@symbol JSHandle@symbol \"Setting the current frame to 1706\" handle was cleared after 6ms"}
{"t":"2026-09-26T07:35:43.836Z","type":"debug","text":"JSHandle@symbol JSHandle@symbol \"Setting the current frame to 1707\" handle was cleared after 9ms"}
{"t":"2026-09-26T07:35:43.869Z","type":"debug","text":"JSHandle@symbol JSHandle@symbol \"Setting the current frame to 1708\" handle was cleared after 6ms"}
{"t":"2026-09-26T07:35:43.903Z","type":"debug","text":"JSHandle@symbol JSHandle@symbol \"Setting the current frame to 1709\" handle was cleared after 7ms"}
{"t":"2026-09-26T07:35:43.935Z","type":"debug","text":"JSHandle@symbol JSHandle@symbol \"Setting the current frame to 1710\" handle was cleared after 7ms"}
{"t":"2026-09-26T07:35:43.969Z","type":"debug","text":"JSHandle@symbol JSHandle@symbol \"Setting the current frame to 1711\" handle was cleared after 7ms"}
{"t":"2026-09-26T07:35:44.003Z","type":"debug","text":"JSHandle@symbol JSHandle@symbol \"Setting the current frame to 1712\" handle was cleared after 8ms"}
{"t":"2026-09-26T07:35:44.037Z","type":"debug","text":"JSHandle@symbol JSHandle@symbol \"Setting the current frame to 1713\" handle was cleared after 8ms"}
{"t":"2026-09-26T07:35:44.069Z","type":"debug","text":"JSHandle@symbol JSHandle@symbol \"Setting the current frame to 1714\" handle was cleared after 7ms"}
{"t":"2026-09-26T07:35:44.102Z","type":"debug","text":"JSHandle@symbol JSHandle@symbol \"Setting the current frame to 1715\" handle was cleared after 6ms"}
{"t":"2026-09-26T07:35:44.136Z","type":"debug","text":"JSHandle@symbol JSHandle@symbol \"Setting the current frame to 1716\" handle was cleared after 8ms"}
{"t":"2026-09-26T07:35:44.168Z","type":"debug","text":"JSHandle@symbol JSHandle@symbol \"Setting the current frame to 1717\" handle was cleared after 5ms"}
{"t":"2026-09-26T07:35:44.202Z","type":"debug","text":"JSHandle@symbol JSHandle@symbol \"Setting the current frame to 1718\" handle was cleared after 7ms"}
{"t":"2026-09-26T07:35:44.236Z","type":"debug","text":"JSHandle@symbol JSHandle@symbol \"Setting the current frame to 1719\" handle was cleared after 8ms"}
{"t":"2026-09-26T07:35:44.269Z","type":"debug","text":"JSHandle@symbol JSHandle@symbol \"Setting the current frame to 1720\" handle was cleared after 7ms"}
{"t":"2026-09-26T07:35:44.302Z","type":"debug","text":"JSHandle@symbol JSHandle@symbol \"Setting the current frame to 1721\" handle was cleared after 7ms"}
{"t":"2026-09-26T07:35:44.336Z","type":"debug","text":"JSHandle@symbol JSHandle@symbol \"Setting the current frame to 1722\" handle was cleared after 7ms"}
{"t":"2026-09-26T07:35:44.370Z","type":"debug","text":"JSHandle@symbol JSHandle@symbol \"Setting the current frame to 1723\" handle was cleared after 8ms"}
{"t":"2026-09-26T07:35:44.394Z","type":"debug","text":"JSHandle@symbol JSHandle@symbol \"Setting the current frame to 1724\" handle was cleared after 0ms"}
{"t":"2026-09-26T07:35:44.435Z","type":"debug","text":"JSHandle@symbol JSHandle@symbol \"Setting the current frame to 1725\" handle was cleared after 7ms"}
{"t":"2026-09-26T07:35:44.463Z","type":"debug","text":"JSHandle@symbol JSHandle@symbol \"Setting the current frame to 1726\" handle was cleared after 1ms"}
{"t":"2026-09-26T07:35:44.502Z","type":"debug","text":"JSHandle@symbol JSHandle@symbol \"Setting the current frame to 1727\" handle was cleared after 5ms"}
{"t":"2026-09-26T07:35:44.530Z","type":"debug","text":"JSHandle@symbol JSHandle@symbol \"Setting the current frame to 1728\" handle was cleared after 0ms"}
{"t":"2026-09-26T07:35:44.569Z","type":"debug","text":"JSHandle@symbol JSHandle@symbol \"Setting the current frame to 1729\" handle was cleared after 8ms"}
{"t":"2026-09-26T07:35:44.595Z","type":"debug","text":"JSHandle@symbol JSHandle@symbol \"Setting the current frame to 1730\" handle was cleared after 1ms"}
{"t":"2026-09-26T07:35:44.635Z","type":"debug","text":"JSHandle@symbol JSHandle@symbol \"Setting the current frame to 1731\" handle was cleared after 7ms"}
{"t":"2026-09-26T07:35:44.663Z","type":"debug","text":"JSHandle@symbol JSHandle@symbol \"Setting the current frame to 1732\" handle was cleared after 0ms"}
{"t":"2026-09-26T07:35:44.702Z","type":"debug","text":"JSHandle@symbol JSHandle@symbol \"Setting the current frame to 1733\" handle was cleared after 8ms"}
{"t":"2026-09-26T07:35:44.731Z","type":"debug","text":"JSHandle@symbol JSHandle@symbol \"Setting the current frame to 1734\" handle was cleared after 1ms"}
{"t":"2026-09-26T07:35:44.768Z","type":"debug","text":"JSHandle@symbol JSHandle@symbol \"Setting the current frame to 1735\" handle was cleared after 1ms"}
{"t":"2026-09-26T07:35:44.795Z","type":"debug","text":"JSHandle@symbol JSHandle@symbol \"Setting the current frame to 1736\" handle was cleared after 1ms"}
{"t":"2026-09-26T07:35:44.836Z","type":"debug","text":"JSHandle@symbol JSHandle@symbol \"Setting the current frame to 1737\" handle was cleared after 8ms"}
{"t":"2026-09-26T07:35:44.864Z","type":"debug","text":"JSHandle@symbol JSHandle@symbol \"Setting the current frame to 1738\" handle was cleared after 1ms"}
{"t":"2026-09-26T07:35:44.894Z","type":"debug","text":"JSHandle@symbol JSHandle@symbol \"Setting the current frame to 1739\" handle was cleared after 1ms"}
{"t":"2026-09-26T07:35:44.929Z","type":"debug","text":"JSHandle@symbol JSHandle@symbol \"Setting the current frame to 1740\" handle was cleared after 1ms"}
{"t":"2026-09-26T07:35:44.964Z","type":"debug","text":"JSHandle@symbol JSHandle@symbol \"Setting the current frame to 1741\" handle was cleared after 0ms"}
{"t":"2026-09-26T07:35:44.995Z","type":"debug","text":"JSHandle@symbol JSHandle@symbol \"Setting the current frame to 1742\" handle was cleared after 1ms"}
{"t":"2026-09-26T07:35:45.030Z","type":"debug","text":"JSHandle@symbol JSHandle@symbol \"Setting the current frame to 1743\" handle was cleared after 1ms"}
{"t":"2026-09-26T07:35:45.075Z","type":"debug","text":"JSHandle@symbol JSHandle@symbol \"Setting the current frame to 1744\" handle was cleared after 6ms"}
{"t":"2026-09-26T07:35:45.099Z","type":"debug","text":"JSHandle@symbol JSHandle@symbol \"Setting the current frame to 1745\" handle was cleared after 1ms"}
{"t":"2026-09-26T07:35:45.136Z","type":"debug","text":"JSHandle@symbol JSHandle@symbol \"Setting the current frame to 1746\" handle was cleared after 4ms"}
{"t":"2026-09-26T07:35:45.163Z","type":"debug","text":"JSHandle@symbol JSHandle@symbol \"Setting the current frame to 1747\" handle was cleared after 0ms"}
{"t":"2026-09-26T07:35:45.202Z","type":"debug","text":"JSHandle@symbol JSHandle@symbol \"Setting the current frame to 1748\" handle was cleared after 6ms"}
{"t":"2026-09-26T07:35:45.227Z","type":"debug","text":"JSHandle@symbol JSHandle@symbol \"Setting the current frame to 1749\" handle was cleared after 1ms"}
{"t":"2026-09-26T07:35:45.270Z","type":"debug","text":"JSHandle@symbol JSHandle@symbol \"Setting the current frame to 1750\" handle was cleared after 9ms"}
{"t":"2026-09-26T07:35:45.296Z","type":"debug","text":"JSHandle@symbol JSHandle@symbol \"Setting the current frame to 1751\" handle was cleared after 1ms"}
{"t":"2026-09-26T07:35:45.336Z","type":"debug","text":"JSHandle@symbol JSHandle@symbol \"Setting the current frame to 1752\" handle was cleared after 8ms"}
{"t":"2026-09-26T07:35:45.363Z","type":"debug","text":"JSHandle@symbol JSHandle@symbol \"Setting the current frame to 1753\" handle was cleared after 1ms"}
{"t":"2026-09-26T07:35:45.402Z","type":"debug","text":"JSHandle@symbol JSHandle@symbol \"Setting the current frame to 1754\" handle was cleared after 6ms"}
{"t":"2026-09-26T07:35:45.428Z","type":"debug","text":"JSHandle@symbol JSHandle@symbol \"Setting the current frame to 1755\" handle was cleared after 1ms"}
{"t":"2026-09-26T07:35:45.469Z","type":"debug","text":"JSHandle@symbol JSHandle@symbol \"Setting the current frame to 1756\" handle was cleared after 7ms"}
{"t":"2026-09-26T07:35:45.497Z","type":"debug","text":"JSHandle@symbol JSHandle@symbol \"Setting the current frame to 1757\" handle was cleared after 1ms"}
{"t":"2026-09-26T07:35:45.536Z","type":"debug","text":"JSHandle@symbol JSHandle@symbol \"Setting the current frame to 1758\" handle was cleared after 8ms"}
{"t":"2026-09-26T07:35:45.561Z","type":"debug","text":"JSHandle@symbol JSHandle@symbol \"Setting the current frame to 1759\" handle was cleared after 1ms"}
{"t":"2026-09-26T07:35:45.601Z","type":"debug","text":"JSHandle@symbol JSHandle@symbol \"Setting the current frame to 1760\" handle was cleared after 6ms"}
{"t":"2026-09-26T07:35:45.628Z","type":"debug","text":"JSHandle@symbol JSHandle@symbol \"Setting the current frame to 1761\" handle was cleared after 1ms"}
{"t":"2026-09-26T07:35:45.668Z","type":"debug","text":"JSHandle@symbol JSHandle@symbol \"Setting the current frame to 1762\" handle was cleared after 7ms"}
{"t":"2026-09-26T07:35:45.695Z","type":"debug","text":"JSHandle@symbol JSHandle@symbol \"Setting the current frame to 1763\" handle was cleared after 1ms"}
{"t":"2026-09-26T07:35:45.735Z","type":"debug","text":"JSHandle@symbol JSHandle@symbol \"Setting the current frame to 1764\" handle was cleared after 7ms"}
{"t":"2026-09-26T07:35:45.762Z","type":"debug","text":"JSHandle@symbol JSHandle@symbol \"Setting the current frame to 1765\" handle was cleared after 0ms"}
{"t":"2026-09-26T07:35:45.802Z","type":"debug","text":"JSHandle@symbol JSHandle@symbol \"Setting the current frame to 1766\" handle was cleared after 7ms"}
{"t":"2026-09-26T07:35:45.830Z","type":"debug","text":"JSHandle@symbol JSHandle@symbol \"Setting the current frame to 1767\" handle was cleared after 1ms"}
{"t":"2026-09-26T07:35:45.869Z","type":"debug","text":"JSHandle@symbol JSHandle@symbol \"Setting the current frame to 1768\" handle was cleared after 7ms"}
{"t":"2026-09-26T07:35:45.896Z","type":"debug","text":"JSHandle@symbol JSHandle@symbol \"Setting the current frame to 1769\" handle was cleared after 1ms"}
{"t":"2026-09-26T07:35:45.936Z","type":"debug","text":"JSHandle@symbol JSHandle@symbol \"Setting the current frame to 1770\" handle was cleared after 9ms"}
{"t":"2026-09-26T07:35:45.964Z","type":"debug","text":"JSHandle@symbol JSHandle@symbol \"Setting the current frame to 1771\" handle was cleared after 0ms"}
{"t":"2026-09-26T07:35:46.002Z","type":"debug","text":"JSHandle@symbol JSHandle@symbol \"Setting the current frame to 1772\" handle was cleared after 6ms"}
{"t":"2026-09-26T07:35:46.029Z","type":"debug","text":"JSHandle@symbol JSHandle@symbol \"Setting the current frame to 1773\" handle was cleared after 1ms"}
{"t":"2026-09-26T07:35:46.070Z","type":"debug","text":"JSHandle@symbol JSHandle@symbol \"Setting the current frame to 1774\" handle was cleared after 9ms"}
{"t":"2026-09-26T07:35:46.096Z","type":"debug","text":"JSHandle@symbol JSHandle@symbol \"Setting the current frame to 1775\" handle was cleared after 1ms"}
{"t":"2026-09-26T07:35:46.135Z","type":"debug","text":"JSHandle@symbol JSHandle@symbol \"Setting the current frame to 1776\" handle was cleared after 8ms"}
{"t":"2026-09-26T07:35:46.163Z","type":"debug","text":"JSHandle@symbol JSHandle@symbol \"Setting the current frame to 1777\" handle was cleared after 1ms"}
{"t":"2026-09-26T07:35:46.202Z","type":"debug","text":"JSHandle@symbol JSHandle@symbol \"Setting the current frame to 1778\" handle was cleared after 7ms"}
{"t":"2026-09-26T07:35:46.229Z","type":"debug","text":"JSHandle@symbol JSHandle@symbol \"Setting the current frame to 1779\" handle was cleared after 1ms"}
{"t":"2026-09-26T07:35:46.268Z","type":"debug","text":"JSHandle@symbol JSHandle@symbol \"Setting the current frame to 1780\" handle was cleared after 6ms"}
{"t":"2026-09-26T07:35:46.296Z","type":"debug","text":"JSHandle@symbol JSHandle@symbol \"Setting the current frame to 1781\" handle was cleared after 1ms"}
{"t":"2026-09-26T07:35:46.335Z","type":"debug","text":"JSHandle@symbol JSHandle@symbol \"Setting the current frame to 1782\" handle was cleared after 8ms"}
{"t":"2026-09-26T07:35:46.361Z","type":"debug","text":"JSHandle@symbol JSHandle@symbol \"Setting the current frame to 1783\" handle was cleared after 0ms"}
{"t":"2026-09-26T07:35:46.403Z","type":"debug","text":"JSHandle@symbol JSHandle@symbol \"Setting the current frame to 1784\" handle was cleared after 8ms"}
{"t":"2026-09-26T07:35:46.429Z","type":"debug","text":"JSHandle@symbol JSHandle@symbol \"Setting the current frame to 1785\" handle was cleared after 1ms"}
{"t":"2026-09-26T07:35:46.468Z","type":"debug","text":"JSHandle@symbol JSHandle@symbol \"Setting the current frame to 1786\" handle was cleared after 7ms"}
{"t":"2026-09-26T07:35:46.495Z","type":"debug","text":"JSHandle@symbol JSHandle@symbol \"Setting the current frame to 1787\" handle was cleared after 0ms"}
{"t":"2026-09-26T07:35:46.535Z","type":"debug","text":"JSHandle@symbol JSHandle@symbol \"Setting the current frame to 1788\" handle was cleared after 7ms"}
{"t":"2026-09-26T07:35:46.562Z","type":"debug","text":"JSHandle@symbol JSHandle@symbol \"Setting the current frame to 1789\" handle was cleared after 1ms"}
{"t":"2026-09-26T07:35:46.602Z","type":"debug","text":"JSHandle@symbol JSHandle@symbol \"Setting the current frame to 1790\" handle was cleared after 8ms"}
{"t":"2026-09-26T07:35:46.630Z","type":"debug","text":"JSHandle@symbol JSHandle@symbol \"Setting the current frame to 1791\" handle was cleared after 1ms"}
{"t":"2026-09-26T07:35:46.669Z","type":"debug","text":"JSHandle@symbol JSHandle@symbol \"Setting the current frame to 1792\" handle was cleared after 8ms"}
{"t":"2026-09-26T07:35:46.695Z","type":"debug","text":"JSHandle@symbol JSHandle@symbol \"Setting the current frame to 1793\" handle was cleared after 0ms"}
{"t":"2026-09-26T07:35:46.735Z","type":"debug","text":"JSHandle@symbol JSHandle@symbol \"Setting the current frame to 1794\" handle was cleared after 7ms"}
{"t":"2026-09-26T07:35:46.763Z","type":"debug","text":"JSHandle@symbol JSHandle@symbol \"Setting the current frame to 1795\" handle was cleared after 1ms"}
{"t":"2026-09-26T07:35:46.802Z","type":"debug","text":"JSHandle@symbol JSHandle@symbol \"Setting the current frame to 1796\" handle was cleared after 8ms"}
{"t":"2026-09-26T07:35:46.831Z","type":"debug","text":"JSHandle@symbol JSHandle@symbol \"Setting the current frame to 1797\" handle was cleared after 1ms"}
{"t":"2026-09-26T07:35:46.869Z","type":"debug","text":"JSHandle@symbol JSHandle@symbol \"Setting the current frame to 1798\" handle was cleared after 8ms"}
{"t":"2026-09-26T07:35:46.896Z","type":"debug","text":"JSHandle@symbol JSHandle@symbol \"Setting the current frame to 1799\" handle was cleared after 1ms"}
{"t":"2026-09-26T07:35:46.935Z","type":"debug","text":"JSHandle@symbol JSHandle@symbol \"Setting the current frame to 1800\" handle was cleared after 8ms"}
{"t":"2026-09-26T07:35:46.963Z","type":"debug","text":"JSHandle@symbol JSHandle@symbol \"Setting the current frame to 1801\" handle was cleared after 1ms"}
{"t":"2026-09-26T07:35:47.003Z","type":"debug","text":"JSHandle@symbol JSHandle@symbol \"Setting the current frame to 1802\" handle was cleared after 8ms"}
{"t":"2026-09-26T07:35:47.029Z","type":"debug","text":"JSHandle@symbol JSHandle@symbol \"Setting the current frame to 1803\" handle was cleared after 1ms"}
{"t":"2026-09-26T07:35:47.068Z","type":"debug","text":"JSHandle@symbol JSHandle@symbol \"Setting the current frame to 1804\" handle was cleared after 6ms"}
{"t":"2026-09-26T07:35:47.095Z","type":"debug","text":"JSHandle@symbol JSHandle@symbol \"Setting the current frame to 1805\" handle was cleared after 0ms"}
{"t":"2026-09-26T07:35:47.137Z","type":"debug","text":"JSHandle@symbol JSHandle@symbol \"Setting the current frame to 1806\" handle was cleared after 9ms"}
{"t":"2026-09-26T07:35:47.164Z","type":"debug","text":"JSHandle@symbol JSHandle@symbol \"Setting the current frame to 1807\" handle was cleared after 0ms"}
{"t":"2026-09-26T07:35:47.203Z","type":"debug","text":"JSHandle@symbol JSHandle@symbol \"Setting the current frame to 1808\" handle was cleared after 8ms"}
{"t":"2026-09-26T07:35:47.228Z","type":"debug","text":"JSHandle@symbol JSHandle@symbol \"Setting the current frame to 1809\" handle was cleared after 1ms"}
{"t":"2026-09-26T07:35:47.268Z","type":"debug","text":"JSHandle@symbol JSHandle@symbol \"Setting the current frame to 1810\" handle was cleared after 7ms"}
{"t":"2026-09-26T07:35:47.298Z","type":"debug","text":"JSHandle@symbol JSHandle@symbol \"Setting the current frame to 1811\" handle was cleared after 1ms"}
{"t":"2026-09-26T07:35:47.336Z","type":"debug","text":"JSHandle@symbol JSHandle@symbol \"Setting the current frame to 1812\" handle was cleared after 8ms"}
{"t":"2026-09-26T07:35:47.363Z","type":"debug","text":"JSHandle@symbol JSHandle@symbol \"Setting the current frame to 1813\" handle was cleared after 0ms"}
{"t":"2026-09-26T07:35:47.402Z","type":"debug","text":"JSHandle@symbol JSHandle@symbol \"Setting the current frame to 1814\" handle was cleared after 8ms"}
{"t":"2026-09-26T07:35:47.429Z","type":"debug","text":"JSHandle@symbol JSHandle@symbol \"Setting the current frame to 1815\" handle was cleared after 0ms"}
{"t":"2026-09-26T07:35:47.469Z","type":"debug","text":"JSHandle@symbol JSHandle@symbol \"Setting the current frame to 1816\" handle was cleared after 6ms"}
{"t":"2026-09-26T07:35:47.496Z","type":"debug","text":"JSHandle@symbol JSHandle@symbol \"Setting the current frame to 1817\" handle was cleared after 1ms"}
{"t":"2026-09-26T07:35:47.536Z","type":"debug","text":"JSHandle@symbol JSHandle@symbol \"Setting the current frame to 1818\" handle was cleared after 8ms"}
{"t":"2026-09-26T07:35:47.566Z","type":"debug","text":"JSHandle@symbol JSHandle@symbol \"Setting the current frame to 1819\" handle was cleared after 0ms"}
{"t":"2026-09-26T07:35:47.602Z","type":"debug","text":"JSHandle@symbol JSHandle@symbol \"Setting the current frame to 1820\" handle was cleared after 7ms"}
{"t":"2026-09-26T07:35:47.629Z","type":"debug","text":"JSHandle@symbol JSHandle@symbol \"Setting the current frame to 1821\" handle was cleared after 1ms"}
{"t":"2026-09-26T07:35:47.669Z","type":"debug","text":"JSHandle@symbol JSHandle@symbol \"Setting the current frame to 1822\" handle was cleared after 7ms"}
{"t":"2026-09-26T07:35:47.695Z","type":"debug","text":"JSHandle@symbol JSHandle@symbol \"Setting the current frame to 1823\" handle was cleared after 1ms"}
{"t":"2026-09-26T07:35:47.736Z","type":"debug","text":"JSHandle@symbol JSHandle@symbol \"Setting the current frame to 1824\" handle was cleared after 5ms"}
{"t":"2026-09-26T07:35:47.767Z","type":"debug","text":"JSHandle@symbol JSHandle@symbol \"Setting the current frame to 1825\" handle was cleared after 1ms"}
{"t":"2026-09-26T07:35:47.802Z","type":"debug","text":"JSHandle@symbol JSHandle@symbol \"Setting the current frame to 1826\" handle was cleared after 7ms"}
{"t":"2026-09-26T07:35:47.835Z","type":"debug","text":"JSHandle@symbol JSHandle@symbol \"Setting the current frame to 1827\" handle was cleared after 6ms"}
{"t":"2026-09-26T07:35:47.869Z","type":"debug","text":"JSHandle@symbol JSHandle@symbol \"Setting the current frame to 1828\" handle was cleared after 8ms"}
{"t":"2026-09-26T07:35:47.902Z","type":"debug","text":"JSHandle@symbol JSHandle@symbol \"Setting the current frame to 1829\" handle was cleared after 5ms"}
{"t":"2026-09-26T07:35:47.935Z","type":"debug","text":"JSHandle@symbol JSHandle@symbol \"Setting the current frame to 1830\" handle was cleared after 7ms"}
{"t":"2026-09-26T07:35:47.969Z","type":"debug","text":"JSHandle@symbol JSHandle@symbol \"Setting the current frame to 1831\" handle was cleared after 7ms"}
{"t":"2026-09-26T07:35:48.002Z","type":"debug","text":"JSHandle@symbol JSHandle@symbol \"Setting the current frame to 1832\" handle was cleared after 4ms"}
{"t":"2026-09-26T07:35:48.037Z","type":"debug","text":"JSHandle@symbol JSHandle@symbol \"Setting the current frame to 1833\" handle was cleared after 9ms"}
{"t":"2026-09-26T07:35:48.068Z","type":"debug","text":"JSHandle@symbol JSHandle@symbol \"Setting the current frame to 1834\" handle was cleared after 5ms"}
{"t":"2026-09-26T07:35:48.101Z","type":"debug","text":"JSHandle@symbol JSHandle@symbol \"Setting the current frame to 1835\" handle was cleared after 7ms"}
{"t":"2026-09-26T07:35:48.135Z","type":"debug","text":"JSHandle@symbol JSHandle@symbol \"Setting the current frame to 1836\" handle was cleared after 5ms"}
{"t":"2026-09-26T07:35:48.169Z","type":"debug","text":"JSHandle@symbol JSHandle@symbol \"Setting the current frame to 1837\" handle was cleared after 7ms"}
{"t":"2026-09-26T07:35:48.201Z","type":"debug","text":"JSHandle@symbol JSHandle@symbol \"Setting the current frame to 1838\" handle was cleared after 5ms"}
{"t":"2026-09-26T07:35:48.235Z","type":"debug","text":"JSHandle@symbol JSHandle@symbol \"Setting the current frame to 1839\" handle was cleared after 7ms"}
{"t":"2026-09-26T07:35:48.269Z","type":"debug","text":"JSHandle@symbol JSHandle@symbol \"Setting the current frame to 1840\" handle was cleared after 7ms"}
{"t":"2026-09-26T07:35:48.302Z","type":"debug","text":"JSHandle@symbol JSHandle@symbol \"Setting the current frame to 1841\" handle was cleared after 6ms"}
{"t":"2026-09-26T07:35:48.336Z","type":"debug","text":"JSHandle@symbol JSHandle@symbol \"Setting the current frame to 1842\" handle was cleared after 6ms"}
{"t":"2026-09-26T07:35:48.370Z","type":"debug","text":"JSHandle@symbol JSHandle@symbol \"Setting the current frame to 1843\" handle was cleared after 8ms"}
{"t":"2026-09-26T07:35:48.402Z","type":"debug","text":"JSHandle@symbol JSHandle@symbol \"Setting the current frame to 1844\" handle was cleared after 5ms"}
{"t":"2026-09-26T07:35:48.435Z","type":"debug","text":"JSHandle@symbol JSHandle@symbol \"Setting the current frame to 1845\" handle was cleared after 6ms"}
{"t":"2026-09-26T07:35:48.469Z","type":"debug","text":"JSHandle@symbol JSHandle@symbol \"Setting the current frame to 1846\" handle was cleared after 7ms"}
{"t":"2026-09-26T07:35:48.502Z","type":"debug","text":"JSHandle@symbol JSHandle@symbol \"Setting the current frame to 1847\" handle was cleared after 6ms"}
{"t":"2026-09-26T07:35:48.537Z","type":"debug","text":"JSHandle@symbol JSHandle@symbol \"Setting the current frame to 1848\" handle was cleared after 8ms"}
{"t":"2026-09-26T07:35:48.568Z","type":"debug","text":"JSHandle@symbol JSHandle@symbol \"Setting the current frame to 1849\" handle was cleared after 4ms"}
{"t":"2026-09-26T07:35:48.602Z","type":"debug","text":"JSHandle@symbol JSHandle@symbol \"Setting the current frame to 1850\" handle was cleared after 7ms"}
{"t":"2026-09-26T07:35:48.635Z","type":"debug","text":"JSHandle@symbol JSHandle@symbol \"Setting the current frame to 1851\" handle was cleared after 7ms"}
{"t":"2026-09-26T07:35:48.670Z","type":"debug","text":"JSHandle@symbol JSHandle@symbol \"Setting the current frame to 1852\" handle was cleared after 4ms"}
{"t":"2026-09-26T07:35:48.701Z","type":"debug","text":"JSHandle@symbol JSHandle@symbol \"Setting the current frame to 1853\" handle was cleared after 6ms"}
{"t":"2026-09-26T07:35:48.734Z","type":"debug","text":"JSHandle@symbol JSHandle@symbol \"Setting the current frame to 1854\" handle was cleared after 4ms"}
{"t":"2026-09-26T07:35:48.770Z","type":"debug","text":"JSHandle@symbol JSHandle@symbol \"Setting the current frame to 1855\" handle was cleared after 8ms"}
{"t":"2026-09-26T07:35:48.801Z","type":"debug","text":"JSHandle@symbol JSHandle@symbol \"Setting the current frame to 1856\" handle was cleared after 5ms"}
{"t":"2026-09-26T07:35:48.834Z","type":"debug","text":"JSHandle@symbol JSHandle@symbol \"Setting the current frame to 1857\" handle was cleared after 7ms"}
{"t":"2026-09-26T07:35:48.869Z","type":"debug","text":"JSHandle@symbol JSHandle@symbol \"Setting the current frame to 1858\" handle was cleared after 8ms"}
{"t":"2026-09-26T07:35:48.901Z","type":"debug","text":"JSHandle@symbol JSHandle@symbol \"Setting the current frame to 1859\" handle was cleared after 7ms"}
{"t":"2026-09-26T07:35:48.935Z","type":"debug","text":"JSHandle@symbol JSHandle@symbol \"Setting the current frame to 1860\" handle was cleared after 7ms"}
{"t":"2026-09-26T07:35:48.968Z","type":"debug","text":"JSHandle@symbol JSHandle@symbol \"Setting the current frame to 1861\" handle was cleared after 6ms"}
{"t":"2026-09-26T07:35:49.002Z","type":"debug","text":"JSHandle@symbol JSHandle@symbol \"Setting the current frame to 1862\" handle was cleared after 7ms"}
{"t":"2026-09-26T07:35:49.037Z","type":"debug","text":"JSHandle@symbol JSHandle@symbol \"Setting the current frame to 1863\" handle was cleared after 9ms"}
{"t":"2026-09-26T07:35:49.068Z","type":"debug","text":"JSHandle@symbol JSHandle@symbol \"Setting the current frame to 1864\" handle was cleared after 6ms"}
{"t":"2026-09-26T07:35:49.101Z","type":"debug","text":"JSHandle@symbol JSHandle@symbol \"Setting the current frame to 1865\" handle was cleared after 7ms"}
{"t":"2026-09-26T07:35:49.135Z","type":"debug","text":"JSHandle@symbol JSHandle@symbol \"Setting the current frame to 1866\" handle was cleared after 7ms"}
{"t":"2026-09-26T07:35:49.169Z","type":"debug","text":"JSHandle@symbol JSHandle@symbol \"Setting the current frame to 1867\" handle was cleared after 6ms"}
{"t":"2026-09-26T07:35:49.203Z","type":"debug","text":"JSHandle@symbol JSHandle@symbol \"Setting the current frame to 1868\" handle was cleared after 6ms"}
{"t":"2026-09-26T07:35:49.235Z","type":"debug","text":"JSHandle@symbol JSHandle@symbol \"Setting the current frame to 1869\" handle was cleared after 6ms"}
{"t":"2026-09-26T07:35:49.268Z","type":"debug","text":"JSHandle@symbol JSHandle@symbol \"Setting the current frame to 1870\" handle was cleared after 6ms"}
{"t":"2026-09-26T07:35:49.302Z","type":"debug","text":"JSHandle@symbol JSHandle@symbol \"Setting the current frame to 1871\" handle was cleared after 7ms"}
{"t":"2026-09-26T07:35:49.335Z","type":"debug","text":"JSHandle@symbol JSHandle@symbol \"Setting the current frame to 1872\" handle was cleared after 5ms"}
{"t":"2026-09-26T07:35:49.369Z","type":"debug","text":"JSHandle@symbol JSHandle@symbol \"Setting the current frame to 1873\" handle was cleared after 8ms"}
{"t":"2026-09-26T07:35:49.401Z","type":"debug","text":"JSHandle@symbol JSHandle@symbol \"Setting the current frame to 1874\" handle was cleared after 6ms"}
{"t":"2026-09-26T07:35:49.435Z","type":"debug","text":"JSHandle@symbol JSHandle@symbol \"Setting the current frame to 1875\" handle was cleared after 8ms"}
{"t":"2026-09-26T07:35:49.469Z","type":"debug","text":"JSHandle@symbol JSHandle@symbol \"Setting the current frame to 1876\" handle was cleared after 7ms"}
{"t":"2026-09-26T07:35:49.503Z","type":"debug","text":"JSHandle@symbol JSHandle@symbol \"Setting the current frame to 1877\" handle was cleared after 8ms"}
{"t":"2026-09-26T07:35:49.536Z","type":"debug","text":"JSHandle@symbol JSHandle@symbol \"Setting the current frame to 1878\" handle was cleared after 5ms"}
{"t":"2026-09-26T07:35:49.569Z","type":"debug","text":"JSHandle@symbol JSHandle@symbol \"Setting the current frame to 1879\" handle was cleared after 6ms"}
{"t":"2026-09-26T07:35:49.601Z","type":"debug","text":"JSHandle@symbol JSHandle@symbol \"Setting the current frame to 1880\" handle was cleared after 5ms"}
{"t":"2026-09-26T07:35:49.635Z","type":"debug","text":"JSHandle@symbol JSHandle@symbol \"Setting the current frame to 1881\" handle was cleared after 7ms"}
{"t":"2026-09-26T07:35:49.670Z","type":"debug","text":"JSHandle@symbol JSHandle@symbol \"Setting the current frame to 1882\" handle was cleared after 7ms"}
{"t":"2026-09-26T07:35:49.703Z","type":"debug","text":"JSHandle@symbol JSHandle@symbol \"Setting the current frame to 1883\" handle was cleared after 6ms"}
{"t":"2026-09-26T07:35:49.735Z","type":"debug","text":"JSHandle@symbol JSHandle@symbol \"Setting the current frame to 1884\" handle was cleared after 5ms"}
{"t":"2026-09-26T07:35:49.770Z","type":"debug","text":"JSHandle@symbol JSHandle@symbol \"Setting the current frame to 1885\" handle was cleared after 8ms"}
{"t":"2026-09-26T07:35:49.802Z","type":"debug","text":"JSHandle@symbol JSHandle@symbol \"Setting the current frame to 1886\" handle was cleared after 6ms"}
{"t":"2026-09-26T07:35:49.835Z","type":"debug","text":"JSHandle@symbol JSHandle@symbol \"Setting the current frame to 1887\" handle was cleared after 6ms"}
{"t":"2026-09-26T07:35:49.869Z","type":"debug","text":"JSHandle@symbol JSHandle@symbol \"Setting the current frame to 1888\" handle was cleared after 7ms"}
{"t":"2026-09-26T07:35:49.902Z","type":"debug","text":"JSHandle@symbol JSHandle@symbol \"Setting the current frame to 1889\" handle was cleared after 7ms"}
{"t":"2026-09-26T07:35:49.935Z","type":"debug","text":"JSHandle@symbol JSHandle@symbol \"Setting the current frame to 1890\" handle was cleared after 6ms"}
{"t":"2026-09-26T07:35:49.968Z","type":"debug","text":"JSHandle@symbol JSHandle@symbol \"Setting the current frame to 1891\" handle was cleared after 7ms"}
{"t":"2026-09-26T07:35:50.002Z","type":"debug","text":"JSHandle@symbol JSHandle@symbol \"Setting the current frame to 1892\" handle was cleared after 8ms"}
{"t":"2026-09-26T07:35:50.037Z","type":"debug","text":"JSHandle@symbol JSHandle@symbol \"Setting the current frame to 1893\" handle was cleared after 7ms"}
{"t":"2026-09-26T07:35:50.069Z","type":"debug","text":"JSHandle@symbol JSHandle@symbol \"Setting the current frame to 1894\" handle was cleared after 5ms"}
{"t":"2026-09-26T07:35:50.101Z","type":"debug","text":"JSHandle@symbol JSHandle@symbol \"Setting the current frame to 1895\" handle was cleared after 6ms"}
{"t":"2026-09-26T07:35:50.135Z","type":"debug","text":"JSHandle@symbol JSHandle@symbol \"Setting the current frame to 1896\" handle was cleared after 7ms"}
{"t":"2026-09-26T07:35:50.168Z","type":"debug","text":"JSHandle@symbol JSHandle@symbol \"Setting the current frame to 1897\" handle was cleared after 7ms"}
{"t":"2026-09-26T07:35:50.202Z","type":"debug","text":"JSHandle@symbol JSHandle@symbol \"Setting the current frame to 1898\" handle was cleared after 5ms"}
{"t":"2026-09-26T07:35:50.234Z","type":"debug","text":"JSHandle@symbol JSHandle@symbol \"Setting the current frame to 1899\" handle was cleared after 6ms"}
{"t":"2026-09-26T07:35:50.268Z","type":"debug","text":"JSHandle@symbol JSHandle@symbol \"Setting the current frame to 1900\" handle was cleared after 7ms"}
{"t":"2026-09-26T07:35:50.302Z","type":"debug","text":"JSHandle@symbol JSHandle@symbol \"Setting the current frame to 1901\" handle was cleared after 7ms"}
{"t":"2026-09-26T07:35:50.335Z","type":"debug","text":"JSHandle@symbol JSHandle@symbol \"Setting the current frame to 1902\" handle was cleared after 7ms"}
{"t":"2026-09-26T07:35:50.369Z","type":"debug","text":"JSHandle@symbol JSHandle@symbol \"Setting the current frame to 1903\" handle was cleared after 6ms"}
{"t":"2026-09-26T07:35:50.403Z","type":"debug","text":"JSHandle@symbol JSHandle@symbol \"Setting the current frame to 1904\" handle was cleared after 6ms"}
{"t":"2026-09-26T07:35:50.435Z","type":"debug","text":"JSHandle@symbol JSHandle@symbol \"Setting the current frame to 1905\" handle was cleared after 7ms"}
{"t":"2026-09-26T07:35:50.469Z","type":"debug","text":"JSHandle@symbol JSHandle@symbol \"Setting the current frame to 1906\" handle was cleared after 8ms"}
{"t":"2026-09-26T07:35:50.502Z","type":"debug","text":"JSHandle@symbol JSHandle@symbol \"Setting the current frame to 1907\" handle was cleared after 7ms"}
{"t":"2026-09-26T07:35:50.537Z","type":"debug","text":"JSHandle@symbol JSHandle@symbol \"Setting the current frame to 1908\" handle was cleared after 8ms"}
{"t":"2026-09-26T07:35:50.569Z","type":"debug","text":"JSHandle@symbol JSHandle@symbol \"Setting the current frame to 1909\" handle was cleared after 6ms"}
{"t":"2026-09-26T07:35:50.601Z","type":"debug","text":"JSHandle@symbol JSHandle@symbol \"Setting the current frame to 1910\" handle was cleared after 5ms"}
{"t":"2026-09-26T07:35:50.635Z","type":"debug","text":"JSHandle@symbol JSHandle@symbol \"Setting the current frame to 1911\" handle was cleared after 7ms"}
{"t":"2026-09-26T07:35:50.668Z","type":"debug","text":"JSHandle@symbol JSHandle@symbol \"Setting the current frame to 1912\" handle was cleared after 7ms"}
{"t":"2026-09-26T07:35:50.702Z","type":"debug","text":"JSHandle@symbol JSHandle@symbol \"Setting the current frame to 1913\" handle was cleared after 9ms"}
{"t":"2026-09-26T07:35:50.737Z","type":"debug","text":"JSHandle@symbol JSHandle@symbol \"Setting the current frame to 1914\" handle was cleared after 7ms"}
{"t":"2026-09-26T07:35:50.768Z","type":"debug","text":"JSHandle@symbol JSHandle@symbol \"Setting the current frame to 1915\" handle was cleared after 2ms"}
{"t":"2026-09-26T07:35:50.801Z","type":"debug","text":"JSHandle@symbol JSHandle@symbol \"Setting the current frame to 1916\" handle was cleared after 6ms"}
{"t":"2026-09-26T07:35:50.835Z","type":"debug","text":"JSHandle@symbol JSHandle@symbol \"Setting the current frame to 1917\" handle was cleared after 8ms"}
{"t":"2026-09-26T07:35:50.869Z","type":"debug","text":"JSHandle@symbol JSHandle@symbol \"Setting the current frame to 1918\" handle was cleared after 7ms"}
{"t":"2026-09-26T07:35:50.902Z","type":"debug","text":"JSHandle@symbol JSHandle@symbol \"Setting the current frame to 1919\" handle was cleared after 6ms"}
{"t":"2026-09-26T07:35:50.935Z","type":"debug","text":"JSHandle@symbol JSHandle@symbol \"Setting the current frame to 1920\" handle was cleared after 7ms"}
{"t":"2026-09-26T07:35:50.968Z","type":"debug","text":"JSHandle@symbol JSHandle@symbol \"Setting the current frame to 1921\" handle was cleared after 6ms"}
{"t":"2026-09-26T07:35:51.002Z","type":"debug","text":"JSHandle@symbol JSHandle@symbol \"Setting the current frame to 1922\" handle was cleared after 8ms"}
{"t":"2026-09-26T07:35:51.036Z","type":"debug","text":"JSHandle@symbol JSHandle@symbol \"Setting the current frame to 1923\" handle was cleared after 8ms"}
{"t":"2026-09-26T07:35:51.069Z","type":"debug","text":"JSHandle@symbol JSHandle@symbol \"Setting the current frame to 1924\" handle was cleared after 6ms"}
{"t":"2026-09-26T07:35:51.102Z","type":"debug","text":"JSHandle@symbol JSHandle@symbol \"Setting the current frame to 1925\" handle was cleared after 7ms"}
{"t":"2026-09-26T07:35:51.134Z","type":"debug","text":"JSHandle@symbol JSHandle@symbol \"Setting the current frame to 1926\" handle was cleared after 6ms"}
{"t":"2026-09-26T07:35:51.168Z","type":"debug","text":"JSHandle@symbol JSHandle@symbol \"Setting the current frame to 1927\" handle was cleared after 8ms"}
{"t":"2026-09-26T07:35:51.202Z","type":"debug","text":"JSHandle@symbol JSHandle@symbol \"Setting the current frame to 1928\" handle was cleared after 8ms"}
{"t":"2026-09-26T07:35:51.235Z","type":"debug","text":"JSHandle@symbol JSHandle@symbol \"Setting the current frame to 1929\" handle was cleared after 8ms"}
{"t":"2026-09-26T07:35:51.268Z","type":"debug","text":"JSHandle@symbol JSHandle@symbol \"Setting the current frame to 1930\" handle was cleared after 7ms"}
{"t":"2026-09-26T07:35:51.301Z","type":"debug","text":"JSHandle@symbol JSHandle@symbol \"Setting the current frame to 1931\" handle was cleared after 6ms"}
{"t":"2026-09-26T07:35:51.336Z","type":"debug","text":"JSHandle@symbol JSHandle@symbol \"Setting the current frame to 1932\" handle was cleared after 8ms"}
{"t":"2026-09-26T07:35:51.368Z","type":"debug","text":"JSHandle@symbol JSHandle@symbol \"Setting the current frame to 1933\" handle was cleared after 4ms"}
{"t":"2026-09-26T07:35:51.402Z","type":"debug","text":"JSHandle@symbol JSHandle@symbol \"Setting the current frame to 1934\" handle was cleared after 8ms"}
{"t":"2026-09-26T07:35:51.435Z","type":"debug","text":"JSHandle@symbol JSHandle@symbol \"Setting the current frame to 1935\" handle was cleared after 7ms"}
{"t":"2026-09-26T07:35:51.468Z","type":"debug","text":"JSHandle@symbol JSHandle@symbol \"Setting the current frame to 1936\" handle was cleared after 6ms"}
{"t":"2026-09-26T07:35:51.502Z","type":"debug","text":"JSHandle@symbol JSHandle@symbol \"Setting the current frame to 1937\" handle was cleared after 9ms"}
{"t":"2026-09-26T07:35:51.535Z","type":"debug","text":"JSHandle@symbol JSHandle@symbol \"Setting the current frame to 1938\" handle was cleared after 7ms"}
{"t":"2026-09-26T07:35:51.568Z","type":"debug","text":"JSHandle@symbol JSHandle@symbol \"Setting the current frame to 1939\" handle was cleared after 8ms"}
{"t":"2026-09-26T07:35:51.602Z","type":"debug","text":"JSHandle@symbol JSHandle@symbol \"Setting the current frame to 1940\" handle was cleared after 7ms"}
{"t":"2026-09-26T07:35:51.635Z","type":"debug","text":"JSHandle@symbol JSHandle@symbol \"Setting the current frame to 1941\" handle was cleared after 7ms"}
{"t":"2026-09-26T07:35:51.668Z","type":"debug","text":"JSHandle@symbol JSHandle@symbol \"Setting the current frame to 1942\" handle was cleared after 6ms"}
{"t":"2026-09-26T07:35:51.702Z","type":"debug","text":"JSHandle@symbol JSHandle@symbol \"Setting the current frame to 1943\" handle was cleared after 8ms"}
{"t":"2026-09-26T07:35:51.735Z","type":"debug","text":"JSHandle@symbol JSHandle@symbol \"Setting the current frame to 1944\" handle was cleared after 6ms"}
{"t":"2026-09-26T07:35:51.768Z","type":"debug","text":"JSHandle@symbol JSHandle@symbol \"Setting the current frame to 1945\" handle was cleared after 7ms"}
{"t":"2026-09-26T07:35:51.801Z","type":"debug","text":"JSHandle@symbol JSHandle@symbol \"Setting the current frame to 1946\" handle was cleared after 7ms"}
{"t":"2026-09-26T07:35:51.835Z","type":"debug","text":"JSHandle@symbol JSHandle@symbol \"Setting the current frame to 1947\" handle was cleared after 7ms"}
{"t":"2026-09-26T07:35:51.869Z","type":"debug","text":"JSHandle@symbol JSHandle@symbol \"Setting the current frame to 1948\" handle was cleared after 4ms"}
{"t":"2026-09-26T07:35:51.901Z","type":"debug","text":"JSHandle@symbol JSHandle@symbol \"Setting the current frame to 1949\" handle was cleared after 7ms"}
{"t":"2026-09-26T07:35:51.935Z","type":"debug","text":"JSHandle@symbol JSHandle@symbol \"Setting the current frame to 1950\" handle was cleared after 8ms"}
{"t":"2026-09-26T07:35:51.969Z","type":"debug","text":"JSHandle@symbol JSHandle@symbol \"Setting the current frame to 1951\" handle was cleared after 7ms"}
{"t":"2026-09-26T07:35:52.002Z","type":"debug","text":"JSHandle@symbol JSHandle@symbol \"Setting the current frame to 1952\" handle was cleared after 6ms"}
{"t":"2026-09-26T07:35:52.035Z","type":"debug","text":"JSHandle@symbol JSHandle@symbol \"Setting the current frame to 1953\" handle was cleared after 6ms"}
{"t":"2026-09-26T07:35:52.069Z","type":"debug","text":"JSHandle@symbol JSHandle@symbol \"Setting the current frame to 1954\" handle was cleared after 8ms"}
{"t":"2026-09-26T07:35:52.101Z","type":"debug","text":"JSHandle@symbol JSHandle@symbol \"Setting the current frame to 1955\" handle was cleared after 3ms"}
{"t":"2026-09-26T07:35:52.136Z","type":"debug","text":"JSHandle@symbol JSHandle@symbol \"Setting the current frame to 1956\" handle was cleared after 4ms"}
{"t":"2026-09-26T07:35:52.168Z","type":"debug","text":"JSHandle@symbol JSHandle@symbol \"Setting the current frame to 1957\" handle was cleared after 5ms"}
{"t":"2026-09-26T07:35:52.202Z","type":"debug","text":"JSHandle@symbol JSHandle@symbol \"Setting the current frame to 1958\" handle was cleared after 9ms"}
{"t":"2026-09-26T07:35:52.235Z","type":"debug","text":"JSHandle@symbol JSHandle@symbol \"Setting the current frame to 1959\" handle was cleared after 7ms"}
