{"t":"2026-09-26T07:27:51.462Z","type":"debug","text":"JSHandle@symbol JSHandle@symbol \"Loading root component - See https://remotion.dev/docs/troubleshooting/loading-root-component if you experience a timeout\" handle was cleared after 0ms"}
{"t":"2026-09-26T07:27:51.470Z","type":"debug","text":"JSHandle@symbol JSHandle@symbol \"Loading root component - See https://remotion.dev/docs/troubleshooting/loading-root-component if you experience a timeout\" handle was cleared after 0ms"}
{"t":"2026-09-26T07:27:51.482Z","type":"debug","text":"JSHandle@symbol JSHandle@symbol \"Waiting for root component to load - See https://remotion.dev/docs/troubleshooting/loading-root-component if you experience a timeout\" handle was cleared after 2ms"}
{"t":"2026-09-26T07:27:51.483Z","type":"debug","text":"JSHandle@symbol JSHandle@symbol \"Waiting for root component to load - See https://remotion.dev/docs/troubleshooting/loading-root-component if you experience a timeout\" handle was cleared after 2ms"}
{"t":"2026-09-26T07:27:51.496Z","type":"debug","text":"JSHandle@symbol JSHandle@symbol \"Waiting for Composition \"UNFOLDIQVideo\"\" handle was cleared after 12ms"}
{"t":"2026-09-26T07:27:51.497Z","type":"debug","text":"JSHandle@symbol JSHandle@symbol \"Waiting for Composition \"UNFOLDIQVideo\"\" handle was cleared after 13ms"}
{"t":"2026-09-26T07:27:51.514Z","type":"debug","text":"JSHandle@symbol JSHandle@symbol \"Setting the current frame to 0\" handle was cleared after 1ms"}
{"t":"2026-09-26T07:27:51.515Z","type":"debug","text":"JSHandle@symbol JSHandle@symbol \"Setting the current frame to 1\" handle was cleared after 1ms"}
{"t":"2026-09-26T07:27:51.602Z","type":"debug","text":"JSHandle@symbol JSHandle@symbol \"Setting the current frame to 2\" handle was cleared after 2ms"}
{"t":"2026-09-26T07:27:51.602Z","type":"debug","text":"JSHandle@symbol JSHandle@symbol \"Setting the current frame to 3\" handle was cleared after 2ms"}
{"t":"2026-09-26T07:27:51.647Z","type":"debug","text":"JSHandle@symbol JSHandle@symbol \"Setting the current frame to 4\" handle was cleared after 3ms"}
{"t":"2026-09-26T07:27:51.670Z","type":"debug","text":"JSHandle@symbol JSHandle@symbol \"Setting the current frame to 5\" handle was cleared after 6ms"}
{"t":"2026-09-26T07:27:51.713Z","type":"debug","text":"JSHandle@symbol JSHandle@symbol \"Setting the current frame to 6\" handle was cleared after 3ms"}
{"t":"2026-09-26T07:27:51.738Z","type":"debug","text":"JSHandle@symbol JSHandle@symbol \"Setting the current frame to 7\" handle was cleared after 7ms"}
{"t":"2026-09-26T07:27:51.783Z","type":"debug","text":"JSHandle@symbol JSHandle@symbol \"Setting the current frame to 8\" handle was cleared after 4ms"}
{"t":"2026-09-26T07:27:51.803Z","type":"debug","text":"JSHandle@symbol JSHandle@symbol \"Setting the current frame to 9\" handle was cleared after 3ms"}
{"t":"2026-09-26T07:27:51.846Z","type":"debug","text":"JSHandle@symbol JSHandle@symbol \"Setting the current frame to 10\" handle was cleared after 3ms"}
{"t":"2026-09-26T07:27:51.871Z","type":"debug","text":"JSHandle@symbol JSHandle@symbol \"Setting the current frame to 11\" handle was cleared after 7ms"}
{"t":"2026-09-26T07:27:51.913Z","type":"debug","text":"JSHandle@symbol JSHandle@symbol \"Setting the current frame to 12\" handle was cleared after 4ms"}
{"t":"2026-09-26T07:27:51.937Z","type":"debug","text":"JSHandle@symbol JSHandle@symbol \"Setting the current frame to 13\" handle was cleared after 7ms"}
{"t":"2026-09-26T07:27:51.980Z","type":"debug","text":"JSHandle@symbol JSHandle@symbol \"Setting the current frame to 14\" handle was cleared after 3ms"}
{"t":"2026-09-26T07:27:52.003Z","type":"debug","text":"JSHandle@symbol JSHandle@symbol \"Setting the current frame to 15\" handle was cleared after 6ms"}
{"t":"2026-09-26T07:27:52.046Z","type":"debug","text":"JSHandle@symbol JSHandle@symbol \"Setting the current frame to 16\" handle was cleared after 3ms"}
{"t":"2026-09-26T07:27:52.071Z","type":"debug","text":"JSHandle@symbol JSHandle@symbol \"Setting the current frame to 17\" handle was cleared after 7ms"}
{"t":"2026-09-26T07:27:52.116Z","type":"debug","text":"JSHandle@symbol JSHandle@symbol \"Setting the current frame to 18\" handle was cleared after 4ms"}
{"t":"2026-09-26T07:27:52.137Z","type":"debug","text":"JSHandle@symbol JSHandle@symbol \"Setting the current frame to 19\" handle was cleared after 2ms"}
{"t":"2026-09-26T07:27:52.180Z","type":"debug","text":"JSHandle@symbol JSHandle@symbol \"Setting the current frame to 20\" handle was cleared after 3ms"}
{"t":"2026-09-26T07:27:52.205Z","type":"debug","text":"JSHandle@symbol JSHandle@symbol \"Setting the current frame to 21\" handle was cleared after 8ms"}
{"t":"2026-09-26T07:27:52.247Z","type":"debug","text":"JSHandle@symbol JSHandle@symbol \"Setting the current frame to 22\" handle was cleared after 5ms"}
{"t":"2026-09-26T07:27:52.270Z","type":"debug","text":"JSHandle@symbol JSHandle@symbol \"Setting the current frame to 23\" handle was cleared after 6ms"}
{"t":"2026-09-26T07:27:52.314Z","type":"debug","text":"JSHandle@symbol JSHandle@symbol \"Setting the current frame to 24\" handle was cleared after 4ms"}
{"t":"2026-09-26T07:27:52.337Z","type":"debug","text":"JSHandle@symbol JSHandle@symbol \"Setting the current frame to 25\" handle was cleared after 6ms"}
{"t":"2026-09-26T07:27:52.379Z","type":"debug","text":"JSHandle@symbol JSHandle@symbol \"Setting the current frame to 26\" handle was cleared after 4ms"}
{"t":"2026-09-26T07:27:52.403Z","type":"debug","text":"JSHandle@symbol JSHandle@symbol \"Setting the current frame to 27\" handle was cleared after 7ms"}
{"t":"2026-09-26T07:27:52.447Z","type":"debug","text":"JSHandle@symbol JSHandle@symbol \"Setting the current frame to 28\" handle was cleared after 3ms"}
{"t":"2026-09-26T07:27:52.470Z","type":"debug","text":"JSHandle@symbol JSHandle@symbol \"Setting the current frame to 29\" handle was cleared after 6ms"}
{"t":"2026-09-26T07:27:52.514Z","type":"debug","text":"JSHandle@symbol JSHandle@symbol \"Setting the current frame to 30\" handle was cleared after 4ms"}
{"t":"2026-09-26T07:27:52.537Z","type":"debug","text":"JSHandle@symbol JSHandle@symbol \"Setting the current frame to 31\" handle was cleared after 6ms"}
{"t":"2026-09-26T07:27:52.579Z","type":"debug","text":"JSHandle@symbol JSHandle@symbol \"Setting the current frame to 32\" handle was cleared after 4ms"}
{"t":"2026-09-26T07:27:52.604Z","type":"debug","text":"JSHandle@symbol JSHandle@symbol \"Setting the current frame to 33\" handle was cleared after 7ms"}
{"t":"2026-09-26T07:27:52.647Z","type":"debug","text":"JSHandle@symbol JSHandle@symbol \"Setting the current frame to 34\" handle was cleared after 5ms"}
{"t":"2026-09-26T07:27:52.667Z","type":"debug","text":"JSHandle@symbol JSHandle@symbol \"Setting the current frame to 35\" handle was cleared after 1ms"}
{"t":"2026-09-26T07:27:52.725Z","type":"debug","text":"JSHandle@symbol JSHandle@symbol \"Setting the current frame to 36\" handle was cleared after 8ms"}
{"t":"2026-09-26T07:27:52.747Z","type":"debug","text":"JSHandle@symbol JSHandle@symbol \"Setting the current frame to 37\" handle was cleared after 1ms"}
{"t":"2026-09-26T07:27:52.787Z","type":"debug","text":"JSHandle@symbol JSHandle@symbol \"Setting the current frame to 38\" handle was cleared after 6ms"}
{"t":"2026-09-26T07:27:52.815Z","type":"debug","text":"JSHandle@symbol JSHandle@symbol \"Setting the current frame to 39\" handle was cleared after 1ms"}
{"t":"2026-09-26T07:27:52.854Z","type":"debug","text":"JSHandle@symbol JSHandle@symbol \"Setting the current frame to 40\" handle was cleared after 6ms"}
{"t":"2026-09-26T07:27:52.882Z","type":"debug","text":"JSHandle@symbol JSHandle@symbol \"Setting the current frame to 41\" handle was cleared after 1ms"}
{"t":"2026-09-26T07:27:52.921Z","type":"debug","text":"JSHandle@symbol JSHandle@symbol \"Setting the current frame to 42\" handle was cleared after 7ms"}
{"t":"2026-09-26T07:27:52.947Z","type":"debug","text":"JSHandle@symbol JSHandle@symbol \"Setting the current frame to 43\" handle was cleared after 1ms"}
{"t":"2026-09-26T07:27:52.987Z","type":"debug","text":"JSHandle@symbol JSHandle@symbol \"Setting the current frame to 44\" handle was cleared after 7ms"}
{"t":"2026-09-26T07:27:53.011Z","type":"debug","text":"JSHandle@symbol JSHandle@symbol \"Setting the current frame to 45\" handle was cleared after 1ms"}
{"t":"2026-09-26T07:27:53.054Z","type":"debug","text":"JSHandle@symbol JSHandle@symbol \"Setting the current frame to 46\" handle was cleared after 9ms"}
{"t":"2026-09-26T07:27:53.077Z","type":"debug","text":"JSHandle@symbol JSHandle@symbol \"Setting the current frame to 47\" handle was cleared after 1ms"}
{"t":"2026-09-26T07:27:53.120Z","type":"debug","text":"JSHandle@symbol JSHandle@symbol \"Setting the current frame to 48\" handle was cleared after 9ms"}
{"t":"2026-09-26T07:27:53.144Z","type":"debug","text":"JSHandle@symbol JSHandle@symbol \"Setting the current frame to 49\" handle was cleared after 1ms"}
{"t":"2026-09-26T07:27:53.179Z","type":"debug","text":"JSHandle@symbol JSHandle@symbol \"Setting the current frame to 50\" handle was cleared after 1ms"}
{"t":"2026-09-26T07:27:53.212Z","type":"debug","text":"JSHandle@symbol JSHandle@symbol \"Setting the current frame to 51\" handle was cleared after 1ms"}
{"t":"2026-09-26T07:27:53.245Z","type":"debug","text":"JSHandle@symbol JSHandle@symbol \"Setting the current frame to 52\" handle was cleared after 1ms"}
{"t":"2026-09-26T07:27:53.279Z","type":"debug","text":"JSHandle@symbol JSHandle@symbol \"Setting the current frame to 53\" handle was cleared after 1ms"}
{"t":"2026-09-26T07:27:53.311Z","type":"debug","text":"JSHandle@symbol JSHandle@symbol \"Setting the current frame to 54\" handle was cleared after 1ms"}
{"t":"2026-09-26T07:27:53.342Z","type":"debug","text":"JSHandle@symbol JSHandle@symbol \"Setting the current frame to 55\" handle was cleared after 1ms"}
{"t":"2026-09-26T07:27:53.383Z","type":"debug","text":"JSHandle@symbol JSHandle@symbol \"Setting the current frame to 56\" handle was cleared after 0ms"}
{"t":"2026-09-26T07:27:53.417Z","type":"debug","text":"JSHandle@symbol JSHandle@symbol \"Setting the current frame to 57\" handle was cleared after 1ms"}
{"t":"2026-09-26T07:27:53.450Z","type":"debug","text":"JSHandle@symbol JSHandle@symbol \"Setting the current frame to 58\" handle was cleared after 1ms"}
{"t":"2026-09-26T07:27:53.482Z","type":"debug","text":"JSHandle@symbol JSHandle@symbol \"Setting the current frame to 59\" handle was cleared after 1ms"}
{"t":"2026-09-26T07:27:53.517Z","type":"debug","text":"JSHandle@symbol JSHandle@symbol \"Setting the current frame to 60\" handle was cleared after 1ms"}
{"t":"2026-09-26T07:27:53.554Z","type":"debug","text":"JSHandle@symbol JSHandle@symbol \"Setting the current frame to 61\" handle was cleared after 1ms"}
{"t":"2026-09-26T07:27:53.583Z","type":"debug","text":"JSHandle@symbol JSHandle@symbol \"Setting the current frame to 62\" handle was cleared after 0ms"}
{"t":"2026-09-26T07:27:53.621Z","type":"debug","text":"JSHandle@symbol JSHandle@symbol \"Setting the current frame to 63\" handle was cleared after 5ms"}
{"t":"2026-09-26T07:27:53.650Z","type":"debug","text":"JSHandle@symbol JSHandle@symbol \"Setting the current frame to 64\" handle was cleared after 1ms"}
{"t":"2026-09-26T07:27:53.696Z","type":"debug","text":"JSHandle@symbol JSHandle@symbol \"Setting the current frame to 65\" handle was cleared after 4ms"}
{"t":"2026-09-26T07:27:53.736Z","type":"debug","text":"JSHandle@symbol JSHandle@symbol \"Setting the current frame to 66\" handle was cleared after 2ms"}
{"t":"2026-09-26T07:27:53.753Z","type":"debug","text":"JSHandle@symbol JSHandle@symbol \"Setting the current frame to 67\" handle was cleared after 1ms"}
{"t":"2026-09-26T07:27:53.812Z","type":"debug","text":"JSHandle@symbol JSHandle@symbol \"Setting the current frame to 68\" handle was cleared after 11ms"}
{"t":"2026-09-26T07:27:53.815Z","type":"debug","text":"JSHandle@symbol JSHandle@symbol \"Setting the current frame to 69\" handle was cleared after 0ms"}
{"t":"2026-09-26T07:27:53.876Z","type":"debug","text":"JSHandle@symbol JSHandle@symbol \"Setting the current frame to 70\" handle was cleared after 12ms"}
{"t":"2026-09-26T07:27:53.879Z","type":"debug","text":"JSHandle@symbol JSHandle@symbol \"Setting the current frame to 71\" handle was cleared after 0ms"}
{"t":"2026-09-26T07:27:53.926Z","type":"debug","text":"JSHandle@symbol JSHandle@symbol \"Setting the current frame to 72\" handle was cleared after 2ms"}
{"t":"2026-09-26T07:27:53.942Z","type":"debug","text":"JSHandle@symbol JSHandle@symbol \"Setting the current frame to 73\" handle was cleared after 1ms"}
{"t":"2026-09-26T07:27:53.994Z","type":"debug","text":"JSHandle@symbol JSHandle@symbol \"Setting the current frame to 74\" handle was cleared after 3ms"}
{"t":"2026-09-26T07:27:54.010Z","type":"debug","text":"JSHandle@symbol JSHandle@symbol \"Setting the current frame to 75\" handle was cleared after 0ms"}
{"t":"2026-09-26T07:27:54.061Z","type":"debug","text":"JSHandle@symbol JSHandle@symbol \"Setting the current frame to 76\" handle was cleared after 3ms"}
{"t":"2026-09-26T07:27:54.077Z","type":"debug","text":"JSHandle@symbol JSHandle@symbol \"Setting the current frame to 77\" handle was cleared after 0ms"}
{"t":"2026-09-26T07:27:54.128Z","type":"debug","text":"JSHandle@symbol JSHandle@symbol \"Setting the current frame to 78\" handle was cleared after 3ms"}
{"t":"2026-09-26T07:27:54.145Z","type":"debug","text":"JSHandle@symbol JSHandle@symbol \"Setting the current frame to 79\" handle was cleared after 0ms"}
{"t":"2026-09-26T07:27:54.194Z","type":"debug","text":"JSHandle@symbol JSHandle@symbol \"Setting the current frame to 80\" handle was cleared after 4ms"}
{"t":"2026-09-26T07:27:54.211Z","type":"debug","text":"JSHandle@symbol JSHandle@symbol \"Setting the current frame to 81\" handle was cleared after 0ms"}
{"t":"2026-09-26T07:27:54.262Z","type":"debug","text":"JSHandle@symbol JSHandle@symbol \"Setting the current frame to 82\" handle was cleared after 4ms"}
{"t":"2026-09-26T07:27:54.279Z","type":"debug","text":"JSHandle@symbol JSHandle@symbol \"Setting the current frame to 83\" handle was cleared after 0ms"}
{"t":"2026-09-26T07:27:54.328Z","type":"debug","text":"JSHandle@symbol JSHandle@symbol \"Setting the current frame to 84\" handle was cleared after 3ms"}
{"t":"2026-09-26T07:27:54.346Z","type":"debug","text":"JSHandle@symbol JSHandle@symbol \"Setting the current frame to 85\" handle was cleared after 0ms"}
{"t":"2026-09-26T07:27:54.396Z","type":"debug","text":"JSHandle@symbol JSHandle@symbol \"Setting the current frame to 86\" handle was cleared after 3ms"}
{"t":"2026-09-26T07:27:54.413Z","type":"debug","text":"JSHandle@symbol JSHandle@symbol \"Setting the current frame to 87\" handle was cleared after 0ms"}
{"t":"2026-09-26T07:27:54.461Z","type":"debug","text":"JSHandle@symbol JSHandle@symbol \"Setting the current frame to 88\" handle was cleared after 3ms"}
{"t":"2026-09-26T07:27:54.478Z","type":"debug","text":"JSHandle@symbol JSHandle@symbol \"Setting the current frame to 89\" handle was cleared after 1ms"}
{"t":"2026-09-26T07:27:54.527Z","type":"debug","text":"JSHandle@symbol JSHandle@symbol \"Setting the current frame to 90\" handle was cleared after 3ms"}
{"t":"2026-09-26T07:27:54.547Z","type":"debug","text":"JSHandle@symbol JSHandle@symbol \"Setting the current frame to 91\" handle was cleared after 1ms"}
{"t":"2026-09-26T07:27:54.600Z","type":"debug","text":"JSHandle@symbol JSHandle@symbol \"Setting the current frame to 92\" handle was cleared after 3ms"}
{"t":"2026-09-26T07:27:54.622Z","type":"debug","text":"JSHandle@symbol JSHandle@symbol \"Setting the current frame to 93\" handle was cleared after 1ms"}
{"t":"2026-09-26T07:27:54.661Z","type":"debug","text":"JSHandle@symbol JSHandle@symbol \"Setting the current frame to 94\" handle was cleared after 0ms"}
{"t":"2026-09-26T07:27:54.695Z","type":"debug","text":"JSHandle@symbol JSHandle@symbol \"Setting the current frame to 95\" handle was cleared after 1ms"}
{"t":"2026-09-26T07:27:54.728Z","type":"debug","text":"JSHandle@symbol JSHandle@symbol \"Setting the current frame to 96\" handle was cleared after 0ms"}
{"t":"2026-09-26T07:27:54.761Z","type":"debug","text":"JSHandle@symbol JSHandle@symbol \"Setting the current frame to 97\" handle was cleared after 1ms"}
{"t":"2026-09-26T07:27:54.794Z","type":"debug","text":"JSHandle@symbol JSHandle@symbol \"Setting the current frame to 98\" handle was cleared after 1ms"}
{"t":"2026-09-26T07:27:54.827Z","type":"debug","text":"JSHandle@symbol JSHandle@symbol \"Setting the current frame to 99\" handle was cleared after 0ms"}
{"t":"2026-09-26T07:27:54.860Z","type":"debug","text":"JSHandle@symbol JSHandle@symbol \"Setting the current frame to 100\" handle was cleared after 0ms"}
{"t":"2026-09-26T07:27:54.896Z","type":"debug","text":"JSHandle@symbol JSHandle@symbol \"Setting the current frame to 101\" handle was cleared after 1ms"}
{"t":"2026-09-26T07:27:54.926Z","type":"debug","text":"JSHandle@symbol JSHandle@symbol \"Setting the current frame to 102\" handle was cleared after 0ms"}
{"t":"2026-09-26T07:27:54.959Z","type":"debug","text":"JSHandle@symbol JSHandle@symbol \"Setting the current frame to 103\" handle was cleared after 1ms"}
{"t":"2026-09-26T07:27:54.993Z","type":"debug","text":"JSHandle@symbol JSHandle@symbol \"Setting the current frame to 104\" handle was cleared after 1ms"}
{"t":"2026-09-26T07:27:55.026Z","type":"debug","text":"JSHandle@symbol JSHandle@symbol \"Setting the current frame to 105\" handle was cleared after 1ms"}
{"t":"2026-09-26T07:27:55.059Z","type":"debug","text":"JSHandle@symbol JSHandle@symbol \"Setting the current frame to 106\" handle was cleared after 0ms"}
{"t":"2026-09-26T07:27:55.093Z","type":"debug","text":"JSHandle@symbol JSHandle@symbol \"Setting the current frame to 107\" handle was cleared after 1ms"}
{"t":"2026-09-26T07:27:55.126Z","type":"debug","text":"JSHandle@symbol JSHandle@symbol \"Setting the current frame to 108\" handle was cleared after 1ms"}
{"t":"2026-09-26T07:27:55.159Z","type":"debug","text":"JSHandle@symbol JSHandle@symbol \"Setting the current frame to 109\" handle was cleared after 1ms"}
{"t":"2026-09-26T07:27:55.192Z","type":"debug","text":"JSHandle@symbol JSHandle@symbol \"Setting the current frame to 110\" handle was cleared after 0ms"}
{"t":"2026-09-26T07:27:55.226Z","type":"debug","text":"JSHandle@symbol JSHandle@symbol \"Setting the current frame to 111\" handle was cleared after 1ms"}
{"t":"2026-09-26T07:27:55.259Z","type":"debug","text":"JSHandle@symbol JSHandle@symbol \"Setting the current frame to 112\" handle was cleared after 1ms"}
{"t":"2026-09-26T07:27:55.292Z","type":"debug","text":"JSHandle@symbol JSHandle@symbol \"Setting the current frame to 113\" handle was cleared after 1ms"}
{"t":"2026-09-26T07:27:55.326Z","type":"debug","text":"JSHandle@symbol JSHandle@symbol \"Setting the current frame to 114\" handle was cleared after 0ms"}
{"t":"2026-09-26T07:27:55.359Z","type":"debug","text":"JSHandle@symbol JSHandle@symbol \"Setting the current frame to 115\" handle was cleared after 1ms"}
{"t":"2026-09-26T07:27:55.392Z","type":"debug","text":"JSHandle@symbol JSHandle@symbol \"Setting the current frame to 116\" handle was cleared after 0ms"}
{"t":"2026-09-26T07:27:55.425Z","type":"debug","text":"JSHandle@symbol JSHandle@symbol \"Setting the current frame to 117\" handle was cleared after 0ms"}
{"t":"2026-09-26T07:27:55.459Z","type":"debug","text":"JSHandle@symbol JSHandle@symbol \"Setting the current frame to 118\" handle was cleared after 0ms"}
{"t":"2026-09-26T07:27:55.492Z","type":"debug","text":"JSHandle@symbol JSHandle@symbol \"Setting the current frame to 119\" handle was cleared after 1ms"}
{"t":"2026-09-26T07:27:55.525Z","type":"debug","text":"JSHandle@symbol JSHandle@symbol \"Setting the current frame to 120\" handle was cleared after 1ms"}
{"t":"2026-09-26T07:27:55.558Z","type":"debug","text":"JSHandle@symbol JSHandle@symbol \"Setting the current frame to 121\" handle was cleared after 0ms"}
{"t":"2026-09-26T07:27:55.592Z","type":"debug","text":"JSHandle@symbol JSHandle@symbol \"Setting the current frame to 122\" handle was cleared after 0ms"}
{"t":"2026-09-26T07:27:55.625Z","type":"debug","text":"JSHandle@symbol JSHandle@symbol \"Setting the current frame to 123\" handle was cleared after 1ms"}
{"t":"2026-09-26T07:27:55.659Z","type":"debug","text":"JSHandle@symbol JSHandle@symbol \"Setting the current frame to 124\" handle was cleared after 0ms"}
{"t":"2026-09-26T07:27:55.693Z","type":"debug","text":"JSHandle@symbol JSHandle@symbol \"Setting the current frame to 125\" handle was cleared after 1ms"}
{"t":"2026-09-26T07:27:55.730Z","type":"debug","text":"JSHandle@symbol JSHandle@symbol \"Setting the current frame to 126\" handle was cleared after 0ms"}
{"t":"2026-09-26T07:27:55.764Z","type":"debug","text":"JSHandle@symbol JSHandle@symbol \"Setting the current frame to 127\" handle was cleared after 1ms"}
{"t":"2026-09-26T07:27:55.800Z","type":"debug","text":"JSHandle@symbol JSHandle@symbol \"Setting the current frame to 128\" handle was cleared after 1ms"}
{"t":"2026-09-26T07:27:55.832Z","type":"debug","text":"JSHandle@symbol JSHandle@symbol \"Setting the current frame to 129\" handle was cleared after 1ms"}
{"t":"2026-09-26T07:27:55.865Z","type":"debug","text":"JSHandle@symbol JSHandle@symbol \"Setting the current frame to 130\" handle was cleared after 0ms"}
{"t":"2026-09-26T07:27:55.897Z","type":"debug","text":"JSHandle@symbol JSHandle@symbol \"Setting the current frame to 131\" handle was cleared after 0ms"}
{"t":"2026-09-26T07:27:55.931Z","type":"debug","text":"JSHandle@symbol JSHandle@symbol \"Setting the current frame to 132\" handle was cleared after 1ms"}
{"t":"2026-09-26T07:27:55.964Z","type":"debug","text":"JSHandle@symbol JSHandle@symbol \"Setting the current frame to 133\" handle was cleared after 0ms"}
{"t":"2026-09-26T07:27:55.997Z","type":"debug","text":"JSHandle@symbol JSHandle@symbol \"Setting the current frame to 134\" handle was cleared after 1ms"}
{"t":"2026-09-26T07:27:56.031Z","type":"debug","text":"JSHandle@symbol JSHandle@symbol \"Setting the current frame to 135\" handle was cleared after 1ms"}
{"t":"2026-09-26T07:27:56.065Z","type":"debug","text":"JSHandle@symbol JSHandle@symbol \"Setting the current frame to 136\" handle was cleared after 1ms"}
{"t":"2026-09-26T07:27:56.097Z","type":"debug","text":"JSHandle@symbol JSHandle@symbol \"Setting the current frame to 137\" handle was cleared after 0ms"}
{"t":"2026-09-26T07:27:56.131Z","type":"debug","text":"JSHandle@symbol JSHandle@symbol \"Setting the current frame to 138\" handle was cleared after 0ms"}
{"t":"2026-09-26T07:27:56.163Z","type":"debug","text":"JSHandle@symbol JSHandle@symbol \"Setting the current frame to 139\" handle was cleared after 1ms"}
{"t":"2026-09-26T07:27:56.197Z","type":"debug","text":"JSHandle@symbol JSHandle@symbol \"Setting the current frame to 140\" handle was cleared after 0ms"}
{"t":"2026-09-26T07:27:56.230Z","type":"debug","text":"JSHandle@symbol JSHandle@symbol \"Setting the current frame to 141\" handle was cleared after 0ms"}
{"t":"2026-09-26T07:27:56.262Z","type":"debug","text":"JSHandle@symbol JSHandle@symbol \"Setting the current frame to 142\" handle was cleared after 0ms"}
{"t":"2026-09-26T07:27:56.298Z","type":"debug","text":"JSHandle@symbol JSHandle@symbol \"Setting the current frame to 143\" handle was cleared after 1ms"}
{"t":"2026-09-26T07:27:56.328Z","type":"debug","text":"JSHandle@symbol JSHandle@symbol \"Setting the current frame to 144\" handle was cleared after 1ms"}
{"t":"2026-09-26T07:27:56.361Z","type":"debug","text":"JSHandle@symbol JSHandle@symbol \"Setting the current frame to 145\" handle was cleared after 1ms"}
{"t":"2026-09-26T07:27:56.394Z","type":"debug","text":"JSHandle@symbol JSHandle@symbol \"Setting the current frame to 146\" handle was cleared after 0ms"}
{"t":"2026-09-26T07:27:56.430Z","type":"debug","text":"JSHandle@symbol JSHandle@symbol \"Setting the current frame to 147\" handle was cleared after 0ms"}
{"t":"2026-09-26T07:27:56.461Z","type":"debug","text":"JSHandle@symbol JSHandle@symbol \"Setting the current frame to 148\" handle was cleared after 1ms"}
{"t":"2026-09-26T07:27:56.494Z","type":"debug","text":"JSHandle@symbol JSHandle@symbol \"Setting the current frame to 149\" handle was cleared after 0ms"}
{"t":"2026-09-26T07:27:56.528Z","type":"debug","text":"JSHandle@symbol JSHandle@symbol \"Setting the current frame to 150\" handle was cleared after 1ms"}
{"t":"2026-09-26T07:27:56.562Z","type":"debug","text":"JSHandle@symbol JSHandle@symbol \"Setting the current frame to 151\" handle was cleared after 1ms"}
{"t":"2026-09-26T07:27:56.594Z","type":"debug","text":"JSHandle@symbol JSHandle@symbol \"Setting the current frame to 152\" handle was cleared after 1ms"}
{"t":"2026-09-26T07:27:56.627Z","type":"debug","text":"JSHandle@symbol JSHandle@symbol \"Setting the current frame to 153\" handle was cleared after 1ms"}
{"t":"2026-09-26T07:27:56.661Z","type":"debug","text":"JSHandle@symbol JSHandle@symbol \"Setting the current frame to 154\" handle was cleared after 1ms"}
{"t":"2026-09-26T07:27:56.694Z","type":"debug","text":"JSHandle@symbol JSHandle@symbol \"Setting the current frame to 155\" handle was cleared after 0ms"}
{"t":"2026-09-26T07:27:56.728Z","type":"debug","text":"JSHandle@symbol JSHandle@symbol \"Setting the current frame to 156\" handle was cleared after 1ms"}
{"t":"2026-09-26T07:27:56.759Z","type":"debug","text":"JSHandle@symbol JSHandle@symbol \"Setting the current frame to 157\" handle was cleared after 1ms"}
{"t":"2026-09-26T07:27:56.794Z","type":"debug","text":"JSHandle@symbol JSHandle@symbol \"Setting the current frame to 158\" handle was cleared after 0ms"}
{"t":"2026-09-26T07:27:56.828Z","type":"debug","text":"JSHandle@symbol JSHandle@symbol \"Setting the current frame to 159\" handle was cleared after 1ms"}
{"t":"2026-09-26T07:27:56.867Z","type":"debug","text":"JSHandle@symbol JSHandle@symbol \"Setting the current frame to 160\" handle was cleared after 1ms"}
{"t":"2026-09-26T07:27:56.898Z","type":"debug","text":"JSHandle@symbol JSHandle@symbol \"Setting the current frame to 161\" handle was cleared after 1ms"}
{"t":"2026-09-26T07:27:56.932Z","type":"debug","text":"JSHandle@symbol JSHandle@symbol \"Setting the current frame to 162\" handle was cleared after 1ms"}
{"t":"2026-09-26T07:27:56.965Z","type":"debug","text":"JSHandle@symbol JSHandle@symbol \"Setting the current frame to 163\" handle was cleared after 1ms"}
{"t":"2026-09-26T07:27:56.998Z","type":"debug","text":"JSHandle@symbol JSHandle@symbol \"Setting the current frame to 164\" handle was cleared after 1ms"}
{"t":"2026-09-26T07:27:57.034Z","type":"debug","text":"JSHandle@symbol JSHandle@symbol \"Setting the current frame to 165\" handle was cleared after 1ms"}
{"t":"2026-09-26T07:27:57.065Z","type":"debug","text":"JSHandle@symbol JSHandle@symbol \"Setting the current frame to 166\" handle was cleared after 1ms"}
{"t":"2026-09-26T07:27:57.098Z","type":"debug","text":"JSHandle@symbol JSHandle@symbol \"Setting the current frame to 167\" handle was cleared after 1ms"}
{"t":"2026-09-26T07:27:57.130Z","type":"debug","text":"JSHandle@symbol JSHandle@symbol \"Setting the current frame to 168\" handle was cleared after 1ms"}
{"t":"2026-09-26T07:27:57.165Z","type":"debug","text":"JSHandle@symbol JSHandle@symbol \"Setting the current frame to 169\" handle was cleared after 1ms"}
{"t":"2026-09-26T07:27:57.198Z","type":"debug","text":"JSHandle@symbol JSHandle@symbol \"Setting the current frame to 170\" handle was cleared after 1ms"}
{"t":"2026-09-26T07:27:57.230Z","type":"debug","text":"JSHandle@symbol JSHandle@symbol \"Setting the current frame to 171\" handle was cleared after 1ms"}
{"t":"2026-09-26T07:27:57.264Z","type":"debug","text":"JSHandle@symbol JSHandle@symbol \"Setting the current frame to 172\" handle was cleared after 0ms"}
{"t":"2026-09-26T07:27:57.297Z","type":"debug","text":"JSHandle@symbol JSHandle@symbol \"Setting the current frame to 173\" handle was cleared after 1ms"}
{"t":"2026-09-26T07:27:57.330Z","type":"debug","text":"JSHandle@symbol JSHandle@symbol \"Setting the current frame to 174\" handle was cleared after 0ms"}
{"t":"2026-09-26T07:27:57.363Z","type":"debug","text":"JSHandle@symbol JSHandle@symbol \"Setting the current frame to 175\" handle was cleared after 1ms"}
{"t":"2026-09-26T07:27:57.395Z","type":"debug","text":"JSHandle@symbol JSHandle@symbol \"Setting the current frame to 176\" handle was cleared after 1ms"}
{"t":"2026-09-26T07:27:57.429Z","type":"debug","text":"JSHandle@symbol JSHandle@symbol \"Setting the current frame to 177\" handle was cleared after 1ms"}
{"t":"2026-09-26T07:27:57.464Z","type":"debug","text":"JSHandle@symbol JSHandle@symbol \"Setting the current frame to 178\" handle was cleared after 1ms"}
{"t":"2026-09-26T07:27:57.495Z","type":"debug","text":"JSHandle@symbol JSHandle@symbol \"Setting the current frame to 179\" handle was cleared after 0ms"}
{"t":"2026-09-26T07:27:57.535Z","type":"debug","text":"JSHandle@symbol JSHandle@symbol \"Setting the current frame to 180\" handle was cleared after 1ms"}
{"t":"2026-09-26T07:27:57.561Z","type":"debug","text":"JSHandle@symbol JSHandle@symbol \"Setting the current frame to 181\" handle was cleared after 0ms"}
{"t":"2026-09-26T07:27:57.595Z","type":"debug","text":"JSHandle@symbol JSHandle@symbol \"Setting the current frame to 182\" handle was cleared after 1ms"}
{"t":"2026-09-26T07:27:57.629Z","type":"debug","text":"JSHandle@symbol JSHandle@symbol \"Setting the current frame to 183\" handle was cleared after 1ms"}
{"t":"2026-09-26T07:27:57.662Z","type":"debug","text":"JSHandle@symbol JSHandle@symbol \"Setting the current frame to 184\" handle was cleared after 1ms"}
{"t":"2026-09-26T07:27:57.694Z","type":"debug","text":"JSHandle@symbol JSHandle@symbol \"Setting the current frame to 185\" handle was cleared after 1ms"}
{"t":"2026-09-26T07:27:57.727Z","type":"debug","text":"JSHandle@symbol JSHandle@symbol \"Setting the current frame to 186\" handle was cleared after 1ms"}
{"t":"2026-09-26T07:27:57.761Z","type":"debug","text":"JSHandle@symbol JSHandle@symbol \"Setting the current frame to 187\" handle was cleared after 1ms"}
{"t":"2026-09-26T07:27:57.794Z","type":"debug","text":"JSHandle@symbol JSHandle@symbol \"Setting the current frame to 188\" handle was cleared after 0ms"}
{"t":"2026-09-26T07:27:57.827Z","type":"debug","text":"JSHandle@symbol JSHandle@symbol \"Setting the current frame to 189\" handle was cleared after 0ms"}
{"t":"2026-09-26T07:27:57.860Z","type":"debug","text":"JSHandle@symbol JSHandle@symbol \"Setting the current frame to 190\" handle was cleared after 0ms"}
{"t":"2026-09-26T07:27:57.894Z","type":"debug","text":"JSHandle@symbol JSHandle@symbol \"Setting the current frame to 191\" handle was cleared after 1ms"}
{"t":"2026-09-26T07:27:57.928Z","type":"debug","text":"JSHandle@symbol JSHandle@symbol \"Setting the current frame to 192\" handle was cleared after 1ms"}
{"t":"2026-09-26T07:27:57.959Z","type":"debug","text":"JSHandle@symbol JSHandle@symbol \"Setting the current frame to 193\" handle was cleared after 0ms"}
{"t":"2026-09-26T07:27:57.993Z","type":"debug","text":"JSHandle@symbol JSHandle@symbol \"Setting the current frame to 194\" handle was cleared after 1ms"}
{"t":"2026-09-26T07:27:58.027Z","type":"debug","text":"JSHandle@symbol JSHandle@symbol \"Setting the current frame to 195\" handle was cleared after 2ms"}
{"t":"2026-09-26T07:27:58.060Z","type":"debug","text":"JSHandle@symbol JSHandle@symbol \"Setting the current frame to 196\" handle was cleared after 1ms"}
{"t":"2026-09-26T07:27:58.095Z","type":"debug","text":"JSHandle@symbol JSHandle@symbol \"Setting the current frame to 197\" handle was cleared after 1ms"}
{"t":"2026-09-26T07:27:58.126Z","type":"debug","text":"JSHandle@symbol JSHandle@symbol \"Setting the current frame to 198\" handle was cleared after 1ms"}
{"t":"2026-09-26T07:27:58.164Z","type":"debug","text":"JSHandle@symbol JSHandle@symbol \"Setting the current frame to 199\" handle was cleared after 1ms"}
{"t":"2026-09-26T07:27:58.199Z","type":"debug","text":"JSHandle@symbol JSHandle@symbol \"Setting the current frame to 200\" handle was cleared after 1ms"}
{"t":"2026-09-26T07:27:58.231Z","type":"debug","text":"JSHandle@symbol JSHandle@symbol \"Setting the current frame to 201\" handle was cleared after 1ms"}
{"t":"2026-09-26T07:27:58.264Z","type":"debug","text":"JSHandle@symbol JSHandle@symbol \"Setting the current frame to 202\" handle was cleared after 0ms"}
{"t":"2026-09-26T07:27:58.298Z","type":"debug","text":"JSHandle@symbol JSHandle@symbol \"Setting the current frame to 203\" handle was cleared after 1ms"}
{"t":"2026-09-26T07:27:58.331Z","type":"debug","text":"JSHandle@symbol JSHandle@symbol \"Setting the current frame to 204\" handle was cleared after 1ms"}
{"t":"2026-09-26T07:27:58.364Z","type":"debug","text":"JSHandle@symbol JSHandle@symbol \"Setting the current frame to 205\" handle was cleared after 1ms"}
{"t":"2026-09-26T07:27:58.398Z","type":"debug","text":"JSHandle@symbol JSHandle@symbol \"Setting the current frame to 206\" handle was cleared after 1ms"}
{"t":"2026-09-26T07:27:58.430Z","type":"debug","text":"JSHandle@symbol JSHandle@symbol \"Setting the current frame to 207\" handle was cleared after 0ms"}
{"t":"2026-09-26T07:27:58.462Z","type":"debug","text":"JSHandle@symbol JSHandle@symbol \"Setting the current frame to 208\" handle was cleared after 1ms"}
{"t":"2026-09-26T07:27:58.497Z","type":"debug","text":"JSHandle@symbol JSHandle@symbol \"Setting the current frame to 209\" handle was cleared after 1ms"}
{"t":"2026-09-26T07:27:58.534Z","type":"debug","text":"JSHandle@symbol JSHandle@symbol \"Setting the current frame to 210\" handle was cleared after 1ms"}
{"t":"2026-09-26T07:27:58.565Z","type":"debug","text":"JSHandle@symbol JSHandle@symbol \"Setting the current frame to 211\" handle was cleared after 1ms"}
{"t":"2026-09-26T07:27:58.597Z","type":"debug","text":"JSHandle@symbol JSHandle@symbol \"Setting the current frame to 212\" handle was cleared after 1ms"}
{"t":"2026-09-26T07:27:58.628Z","type":"debug","text":"JSHandle@symbol JSHandle@symbol \"Setting the current frame to 213\" handle was cleared after 0ms"}
{"t":"2026-09-26T07:27:58.662Z","type":"debug","text":"JSHandle@symbol JSHandle@symbol \"Setting the current frame to 214\" handle was cleared after 1ms"}
{"t":"2026-09-26T07:27:58.696Z","type":"debug","text":"JSHandle@symbol JSHandle@symbol \"Setting the current frame to 215\" handle was cleared after 0ms"}
{"t":"2026-09-26T07:27:58.735Z","type":"debug","text":"JSHandle@symbol JSHandle@symbol \"Setting the current frame to 216\" handle was cleared after 0ms"}
{"t":"2026-09-26T07:27:58.769Z","type":"debug","text":"JSHandle@symbol JSHandle@symbol \"Setting the current frame to 217\" handle was cleared after 1ms"}
{"t":"2026-09-26T07:27:58.804Z","type":"debug","text":"JSHandle@symbol JSHandle@symbol \"Setting the current frame to 218\" handle was cleared after 2ms"}
{"t":"2026-09-26T07:27:58.834Z","type":"debug","text":"JSHandle@symbol JSHandle@symbol \"Setting the current frame to 219\" handle was cleared after 0ms"}
{"t":"2026-09-26T07:27:58.871Z","type":"debug","text":"JSHandle@symbol JSHandle@symbol \"Setting the current frame to 220\" handle was cleared after 8ms"}
{"t":"2026-09-26T07:27:58.896Z","type":"debug","text":"JSHandle@symbol JSHandle@symbol \"Setting the current frame to 221\" handle was cleared after 1ms"}
{"t":"2026-09-26T07:27:58.937Z","type":"debug","text":"JSHandle@symbol JSHandle@symbol \"Setting the current frame to 222\" handle was cleared after 9ms"}
{"t":"2026-09-26T07:27:58.963Z","type":"debug","text":"JSHandle@symbol JSHandle@symbol \"Setting the current frame to 223\" handle was cleared after 1ms"}
{"t":"2026-09-26T07:27:59.003Z","type":"debug","text":"JSHandle@symbol JSHandle@symbol \"Setting the current frame to 224\" handle was cleared after 6ms"}
{"t":"2026-09-26T07:27:59.027Z","type":"debug","text":"JSHandle@symbol JSHandle@symbol \"Setting the current frame to 225\" handle was cleared after 1ms"}
{"t":"2026-09-26T07:27:59.071Z","type":"debug","text":"JSHandle@symbol JSHandle@symbol \"Setting the current frame to 226\" handle was cleared after 12ms"}
{"t":"2026-09-26T07:27:59.097Z","type":"debug","text":"JSHandle@symbol JSHandle@symbol \"Setting the current frame to 227\" handle was cleared after 0ms"}
{"t":"2026-09-26T07:27:59.138Z","type":"debug","text":"JSHandle@symbol JSHandle@symbol \"Setting the current frame to 228\" handle was cleared after 10ms"}
{"t":"2026-09-26T07:27:59.165Z","type":"debug","text":"JSHandle@symbol JSHandle@symbol \"Setting the current frame to 229\" handle was cleared after 1ms"}
{"t":"2026-09-26T07:27:59.204Z","type":"debug","text":"JSHandle@symbol JSHandle@symbol \"Setting the current frame to 230\" handle was cleared after 2ms"}
{"t":"2026-09-26T07:27:59.231Z","type":"debug","text":"JSHandle@symbol JSHandle@symbol \"Setting the current frame to 231\" handle was cleared after 0ms"}
{"t":"2026-09-26T07:27:59.271Z","type":"debug","text":"JSHandle@symbol JSHandle@symbol \"Setting the current frame to 232\" handle was cleared after 9ms"}
{"t":"2026-09-26T07:27:59.297Z","type":"debug","text":"JSHandle@symbol JSHandle@symbol \"Setting the current frame to 233\" handle was cleared after 0ms"}
{"t":"2026-09-26T07:27:59.338Z","type":"debug","text":"JSHandle@symbol JSHandle@symbol \"Setting the current frame to 234\" handle was cleared after 9ms"}
{"t":"2026-09-26T07:27:59.363Z","type":"debug","text":"JSHandle@symbol JSHandle@symbol \"Setting the current frame to 235\" handle was cleared after 1ms"}
{"t":"2026-09-26T07:27:59.404Z","type":"debug","text":"JSHandle@symbol JSHandle@symbol \"Setting the current frame to 236\" handle was cleared after 6ms"}
{"t":"2026-09-26T07:27:59.431Z","type":"debug","text":"JSHandle@symbol JSHandle@symbol \"Setting the current frame to 237\" handle was cleared after 1ms"}
{"t":"2026-09-26T07:27:59.471Z","type":"debug","text":"JSHandle@symbol JSHandle@symbol \"Setting the current frame to 238\" handle was cleared after 8ms"}
{"t":"2026-09-26T07:27:59.498Z","type":"debug","text":"JSHandle@symbol JSHandle@symbol \"Setting the current frame to 239\" handle was cleared after 0ms"}
{"t":"2026-09-26T07:27:59.537Z","type":"debug","text":"JSHandle@symbol JSHandle@symbol \"Setting the current frame to 240\" handle was cleared after 5ms"}
{"t":"2026-09-26T07:27:59.565Z","type":"debug","text":"JSHandle@symbol JSHandle@symbol \"Setting the current frame to 241\" handle was cleared after 1ms"}
{"t":"2026-09-26T07:27:59.603Z","type":"debug","text":"JSHandle@symbol JSHandle@symbol \"Setting the current frame to 242\" handle was cleared after 6ms"}
{"t":"2026-09-26T07:27:59.631Z","type":"debug","text":"JSHandle@symbol JSHandle@symbol \"Setting the current frame to 243\" handle was cleared after 1ms"}
{"t":"2026-09-26T07:27:59.670Z","type":"debug","text":"JSHandle@symbol JSHandle@symbol \"Setting the current frame to 244\" handle was cleared after 2ms"}
{"t":"2026-09-26T07:27:59.697Z","type":"debug","text":"JSHandle@symbol JSHandle@symbol \"Setting the current frame to 245\" handle was cleared after 1ms"}
{"t":"2026-09-26T07:27:59.737Z","type":"debug","text":"JSHandle@symbol JSHandle@symbol \"Setting the current frame to 246\" handle was cleared after 8ms"}
{"t":"2026-09-26T07:27:59.762Z","type":"debug","text":"JSHandle@symbol JSHandle@symbol \"Setting the current frame to 247\" handle was cleared after 0ms"}
{"t":"2026-09-26T07:27:59.803Z","type":"debug","text":"JSHandle@symbol JSHandle@symbol \"Setting the current frame to 248\" handle was cleared after 9ms"}
{"t":"2026-09-26T07:27:59.829Z","type":"debug","text":"JSHandle@symbol JSHandle@symbol \"Setting the current frame to 249\" handle was cleared after 1ms"}
{"t":"2026-09-26T07:27:59.871Z","type":"debug","text":"JSHandle@symbol JSHandle@symbol \"Setting the current frame to 250\" handle was cleared after 9ms"}
{"t":"2026-09-26T07:27:59.895Z","type":"debug","text":"JSHandle@symbol JSHandle@symbol \"Setting the current frame to 251\" handle was cleared after 1ms"}
{"t":"2026-09-26T07:27:59.937Z","type":"debug","text":"JSHandle@symbol JSHandle@symbol \"Setting the current frame to 252\" handle was cleared after 9ms"}
{"t":"2026-09-26T07:27:59.960Z","type":"debug","text":"JSHandle@symbol JSHandle@symbol \"Setting the current frame to 253\" handle was cleared after 1ms"}
{"t":"2026-09-26T07:28:00.003Z","type":"debug","text":"JSHandle@symbol JSHandle@symbol \"Setting the current frame to 254\" handle was cleared after 8ms"}
{"t":"2026-09-26T07:28:00.029Z","type":"debug","text":"JSHandle@symbol JSHandle@symbol \"Setting the current frame to 255\" handle was cleared after 1ms"}
{"t":"2026-09-26T07:28:00.071Z","type":"debug","text":"JSHandle@symbol JSHandle@symbol \"Setting the current frame to 256\" handle was cleared after 13ms"}
{"t":"2026-09-26T07:28:00.095Z","type":"debug","text":"JSHandle@symbol JSHandle@symbol \"Setting the current frame to 257\" handle was cleared after 1ms"}
{"t":"2026-09-26T07:28:00.137Z","type":"debug","text":"JSHandle@symbol JSHandle@symbol \"Setting the current frame to 258\" handle was cleared after 10ms"}
{"t":"2026-09-26T07:28:00.159Z","type":"debug","text":"JSHandle@symbol JSHandle@symbol \"Setting the current frame to 259\" handle was cleared after 1ms"}
{"t":"2026-09-26T07:28:00.204Z","type":"debug","text":"JSHandle@symbol JSHandle@symbol \"Setting the current frame to 260\" handle was cleared after 11ms"}
{"t":"2026-09-26T07:28:00.226Z","type":"debug","text":"JSHandle@symbol JSHandle@symbol \"Setting the current frame to 261\" handle was cleared after 1ms"}
{"t":"2026-09-26T07:28:00.270Z","type":"debug","text":"JSHandle@symbol JSHandle@symbol \"Setting the current frame to 262\" handle was cleared after 10ms"}
{"t":"2026-09-26T07:28:00.293Z","type":"debug","text":"JSHandle@symbol JSHandle@symbol \"Setting the current frame to 263\" handle was cleared after 1ms"}
{"t":"2026-09-26T07:28:00.337Z","type":"debug","text":"JSHandle@symbol JSHandle@symbol \"Setting the current frame to 264\" handle was cleared after 10ms"}
{"t":"2026-09-26T07:28:00.360Z","type":"debug","text":"JSHandle@symbol JSHandle@symbol \"Setting the current frame to 265\" handle was cleared after 1ms"}
{"t":"2026-09-26T07:28:00.403Z","type":"debug","text":"JSHandle@symbol JSHandle@symbol \"Setting the current frame to 266\" handle was cleared after 11ms"}
{"t":"2026-09-26T07:28:00.427Z","type":"debug","text":"JSHandle@symbol JSHandle@symbol \"Setting the current frame to 267\" handle was cleared after 0ms"}
{"t":"2026-09-26T07:28:00.469Z","type":"debug","text":"JSHandle@symbol JSHandle@symbol \"Setting the current frame to 268\" handle was cleared after 11ms"}
{"t":"2026-09-26T07:28:00.493Z","type":"debug","text":"JSHandle@symbol JSHandle@symbol \"Setting the current frame to 269\" handle was cleared after 0ms"}
{"t":"2026-09-26T07:28:00.538Z","type":"debug","text":"JSHandle@symbol JSHandle@symbol \"Setting the current frame to 270\" handle was cleared after 9ms"}
{"t":"2026-09-26T07:28:00.561Z","type":"debug","text":"JSHandle@symbol JSHandle@symbol \"Setting the current frame to 271\" handle was cleared after 1ms"}
{"t":"2026-09-26T07:28:00.603Z","type":"debug","text":"JSHandle@symbol JSHandle@symbol \"Setting the current frame to 272\" handle was cleared after 9ms"}
{"t":"2026-09-26T07:28:00.627Z","type":"debug","text":"JSHandle@symbol JSHandle@symbol \"Setting the current frame to 273\" handle was cleared after 1ms"}
{"t":"2026-09-26T07:28:00.670Z","type":"debug","text":"JSHandle@symbol JSHandle@symbol \"Setting the current frame to 274\" handle was cleared after 11ms"}
{"t":"2026-09-26T07:28:00.694Z","type":"debug","text":"JSHandle@symbol JSHandle@symbol \"Setting the current frame to 275\" handle was cleared after 1ms"}
{"t":"2026-09-26T07:28:00.737Z","type":"debug","text":"JSHandle@symbol JSHandle@symbol \"Setting the current frame to 276\" handle was cleared after 10ms"}
{"t":"2026-09-26T07:28:00.760Z","type":"debug","text":"JSHandle@symbol JSHandle@symbol \"Setting the current frame to 277\" handle was cleared after 0ms"}
{"t":"2026-09-26T07:28:00.804Z","type":"debug","text":"JSHandle@symbol JSHandle@symbol \"Setting the current frame to 278\" handle was cleared after 11ms"}
{"t":"2026-09-26T07:28:00.827Z","type":"debug","text":"JSHandle@symbol JSHandle@symbol \"Setting the current frame to 279\" handle was cleared after 1ms"}
{"t":"2026-09-26T07:28:00.870Z","type":"debug","text":"JSHandle@symbol JSHandle@symbol \"Setting the current frame to 280\" handle was cleared after 9ms"}
{"t":"2026-09-26T07:28:00.895Z","type":"debug","text":"JSHandle@symbol JSHandle@symbol \"Setting the current frame to 281\" handle was cleared after 2ms"}
{"t":"2026-09-26T07:28:00.937Z","type":"debug","text":"JSHandle@symbol JSHandle@symbol \"Setting the current frame to 282\" handle was cleared after 9ms"}
{"t":"2026-09-26T07:28:00.965Z","type":"debug","text":"JSHandle@symbol JSHandle@symbol \"Setting the current frame to 283\" handle was cleared after 1ms"}
{"t":"2026-09-26T07:28:01.005Z","type":"debug","text":"JSHandle@symbol JSHandle@symbol \"Setting the current frame to 284\" handle was cleared after 7ms"}
{"t":"2026-09-26T07:28:01.030Z","type":"debug","text":"JSHandle@symbol JSHandle@symbol \"Setting the current frame to 285\" handle was cleared after 0ms"}
{"t":"2026-09-26T07:28:01.071Z","type":"debug","text":"JSHandle@symbol JSHandle@symbol \"Setting the current frame to 286\" handle was cleared after 12ms"}
{"t":"2026-09-26T07:28:01.095Z","type":"debug","text":"JSHandle@symbol JSHandle@symbol \"Setting the current frame to 287\" handle was cleared after 1ms"}
{"t":"2026-09-26T07:28:01.136Z","type":"debug","text":"JSHandle@symbol JSHandle@symbol \"Setting the current frame to 288\" handle was cleared after 11ms"}
{"t":"2026-09-26T07:28:01.159Z","type":"debug","text":"JSHandle@symbol JSHandle@symbol \"Setting the current frame to 289\" handle was cleared after 1ms"}
{"t":"2026-09-26T07:28:01.203Z","type":"debug","text":"JSHandle@symbol JSHandle@symbol \"Setting the current frame to 290\" handle was cleared after 11ms"}
{"t":"2026-09-26T07:28:01.227Z","type":"debug","text":"JSHandle@symbol JSHandle@symbol \"Setting the current frame to 291\" handle was cleared after 0ms"}
{"t":"2026-09-26T07:28:01.270Z","type":"debug","text":"JSHandle@symbol JSHandle@symbol \"Setting the current frame to 292\" handle was cleared after 10ms"}
{"t":"2026-09-26T07:28:01.293Z","type":"debug","text":"JSHandle@symbol JSHandle@symbol \"Setting the current frame to 293\" handle was cleared after 1ms"}
{"t":"2026-09-26T07:28:01.337Z","type":"debug","text":"JSHandle@symbol JSHandle@symbol \"Setting the current frame to 294\" handle was cleared after 7ms"}
{"t":"2026-09-26T07:28:01.363Z","type":"debug","text":"JSHandle@symbol JSHandle@symbol \"Setting the current frame to 295\" handle was cleared after 1ms"}
{"t":"2026-09-26T07:28:01.405Z","type":"debug","text":"JSHandle@symbol JSHandle@symbol \"Setting the current frame to 296\" handle was cleared after 6ms"}
{"t":"2026-09-26T07:28:01.433Z","type":"debug","text":"JSHandle@symbol JSHandle@symbol \"Setting the current frame to 297\" handle was cleared after 1ms"}
{"t":"2026-09-26T07:28:01.470Z","type":"debug","text":"JSHandle@symbol JSHandle@symbol \"Setting the current frame to 298\" handle was cleared after 5ms"}
{"t":"2026-09-26T07:28:01.499Z","type":"debug","text":"JSHandle@symbol JSHandle@symbol \"Setting the current frame to 299\" handle was cleared after 1ms"}
{"t":"2026-09-26T07:28:01.537Z","type":"debug","text":"JSHandle@symbol JSHandle@symbol \"Setting the current frame to 300\" handle was cleared after 4ms"}
{"t":"2026-09-26T07:28:01.565Z","type":"debug","text":"JSHandle@symbol JSHandle@symbol \"Setting the current frame to 301\" handle was cleared after 1ms"}
{"t":"2026-09-26T07:28:01.604Z","type":"debug","text":"JSHandle@symbol JSHandle@symbol \"Setting the current frame to 302\" handle was cleared after 6ms"}
{"t":"2026-09-26T07:28:01.633Z","type":"debug","text":"JSHandle@symbol JSHandle@symbol \"Setting the current frame to 303\" handle was cleared after 1ms"}
{"t":"2026-09-26T07:28:01.671Z","type":"debug","text":"JSHandle@symbol JSHandle@symbol \"Setting the current frame to 304\" handle was cleared after 6ms"}
{"t":"2026-09-26T07:28:01.699Z","type":"debug","text":"JSHandle@symbol JSHandle@symbol \"Setting the current frame to 305\" handle was cleared after 1ms"}
{"t":"2026-09-26T07:28:01.737Z","type":"debug","text":"JSHandle@symbol JSHandle@symbol \"Setting the current frame to 306\" handle was cleared after 5ms"}
{"t":"2026-09-26T07:28:01.766Z","type":"debug","text":"JSHandle@symbol JSHandle@symbol \"Setting the current frame to 307\" handle was cleared after 1ms"}
{"t":"2026-09-26T07:28:01.803Z","type":"debug","text":"JSHandle@symbol JSHandle@symbol \"Setting the current frame to 308\" handle was cleared after 7ms"}
{"t":"2026-09-26T07:28:01.833Z","type":"debug","text":"JSHandle@symbol JSHandle@symbol \"Setting the current frame to 309\" handle was cleared after 1ms"}
{"t":"2026-09-26T07:28:01.872Z","type":"debug","text":"JSHandle@symbol JSHandle@symbol \"Setting the current frame to 310\" handle was cleared after 8ms"}
{"t":"2026-09-26T07:28:01.902Z","type":"debug","text":"JSHandle@symbol JSHandle@symbol \"Setting the current frame to 311\" handle was cleared after 0ms"}
{"t":"2026-09-26T07:28:01.937Z","type":"debug","text":"JSHandle@symbol JSHandle@symbol \"Setting the current frame to 312\" handle was cleared after 8ms"}
{"t":"2026-09-26T07:28:01.971Z","type":"debug","text":"JSHandle@symbol JSHandle@symbol \"Setting the current frame to 313\" handle was cleared after 6ms"}
{"t":"2026-09-26T07:28:02.004Z","type":"debug","text":"JSHandle@symbol JSHandle@symbol \"Setting the current frame to 314\" handle was cleared after 7ms"}
{"t":"2026-09-26T07:28:02.031Z","type":"debug","text":"JSHandle@symbol JSHandle@symbol \"Setting the current frame to 315\" handle was cleared after 0ms"}
{"t":"2026-09-26T07:28:02.071Z","type":"debug","text":"JSHandle@symbol JSHandle@symbol \"Setting the current frame to 316\" handle was cleared after 9ms"}
{"t":"2026-09-26T07:28:02.099Z","type":"debug","text":"JSHandle@symbol JSHandle@symbol \"Setting the current frame to 317\" handle was cleared after 1ms"}
{"t":"2026-09-26T07:28:02.138Z","type":"debug","text":"JSHandle@symbol JSHandle@symbol \"Setting the current frame to 318\" handle was cleared after 9ms"}
{"t":"2026-09-26T07:28:02.163Z","type":"debug","text":"JSHandle@symbol JSHandle@symbol \"Setting the current frame to 319\" handle was cleared after 1ms"}
{"t":"2026-09-26T07:28:02.203Z","type":"debug","text":"JSHandle@symbol JSHandle@symbol \"Setting the current frame to 320\" handle was cleared after 9ms"}
{"t":"2026-09-26T07:28:02.228Z","type":"debug","text":"JSHandle@symbol JSHandle@symbol \"Setting the current frame to 321\" handle was cleared after 0ms"}
{"t":"2026-09-26T07:28:02.270Z","type":"debug","text":"JSHandle@symbol JSHandle@symbol \"Setting the current frame to 322\" handle was cleared after 11ms"}
{"t":"2026-09-26T07:28:02.294Z","type":"debug","text":"JSHandle@symbol JSHandle@symbol \"Setting the current frame to 323\" handle was cleared after 1ms"}
{"t":"2026-09-26T07:28:02.336Z","type":"debug","text":"JSHandle@symbol JSHandle@symbol \"Setting the current frame to 324\" handle was cleared after 9ms"}
{"t":"2026-09-26T07:28:02.361Z","type":"debug","text":"JSHandle@symbol JSHandle@symbol \"Setting the current frame to 325\" handle was cleared after 1ms"}
{"t":"2026-09-26T07:28:02.403Z","type":"debug","text":"JSHandle@symbol JSHandle@symbol \"Setting the current frame to 326\" handle was cleared after 9ms"}
{"t":"2026-09-26T07:28:02.431Z","type":"debug","text":"JSHandle@symbol JSHandle@symbol \"Setting the current frame to 327\" handle was cleared after 0ms"}
{"t":"2026-09-26T07:28:02.470Z","type":"debug","text":"JSHandle@symbol JSHandle@symbol \"Setting the current frame to 328\" handle was cleared after 11ms"}
{"t":"2026-09-26T07:28:02.496Z","type":"debug","text":"JSHandle@symbol JSHandle@symbol \"Setting the current frame to 329\" handle was cleared after 0ms"}
{"t":"2026-09-26T07:28:02.538Z","type":"debug","text":"JSHandle@symbol JSHandle@symbol \"Setting the current frame to 330\" handle was cleared after 5ms"}
{"t":"2026-09-26T07:28:02.569Z","type":"debug","text":"JSHandle@symbol JSHandle@symbol \"Setting the current frame to 331\" handle was cleared after 0ms"}
{"t":"2026-09-26T07:28:02.603Z","type":"debug","text":"JSHandle@symbol JSHandle@symbol \"Setting the current frame to 332\" handle was cleared after 3ms"}
{"t":"2026-09-26T07:28:02.638Z","type":"debug","text":"JSHandle@symbol JSHandle@symbol \"Setting the current frame to 333\" handle was cleared after 5ms"}
{"t":"2026-09-26T07:28:02.670Z","type":"debug","text":"JSHandle@symbol JSHandle@symbol \"Setting the current frame to 334\" handle was cleared after 6ms"}
{"t":"2026-09-26T07:28:02.705Z","type":"debug","text":"JSHandle@symbol JSHandle@symbol \"Setting the current frame to 335\" handle was cleared after 8ms"}
{"t":"2026-09-26T07:28:02.737Z","type":"debug","text":"JSHandle@symbol JSHandle@symbol \"Setting the current frame to 336\" handle was cleared after 6ms"}
{"t":"2026-09-26T07:28:02.772Z","type":"debug","text":"JSHandle@symbol JSHandle@symbol \"Setting the current frame to 337\" handle was cleared after 5ms"}
{"t":"2026-09-26T07:28:02.804Z","type":"debug","text":"JSHandle@symbol JSHandle@symbol \"Setting the current frame to 338\" handle was cleared after 4ms"}
{"t":"2026-09-26T07:28:02.836Z","type":"debug","text":"JSHandle@symbol JSHandle@symbol \"Setting the current frame to 339\" handle was cleared after 4ms"}
{"t":"2026-09-26T07:28:02.870Z","type":"debug","text":"JSHandle@symbol JSHandle@symbol \"Setting the current frame to 340\" handle was cleared after 7ms"}
{"t":"2026-09-26T07:28:02.905Z","type":"debug","text":"JSHandle@symbol JSHandle@symbol \"Setting the current frame to 341\" handle was cleared after 8ms"}
{"t":"2026-09-26T07:28:02.937Z","type":"debug","text":"JSHandle@symbol JSHandle@symbol \"Setting the current frame to 342\" handle was cleared after 6ms"}
{"t":"2026-09-26T07:28:02.971Z","type":"debug","text":"JSHandle@symbol JSHandle@symbol \"Setting the current frame to 343\" handle was cleared after 9ms"}
{"t":"2026-09-26T07:28:03.004Z","type":"debug","text":"JSHandle@symbol JSHandle@symbol \"Setting the current frame to 344\" handle was cleared after 8ms"}
{"t":"2026-09-26T07:28:03.037Z","type":"debug","text":"JSHandle@symbol JSHandle@symbol \"Setting the current frame to 345\" handle was cleared after 8ms"}
{"t":"2026-09-26T07:28:03.071Z","type":"debug","text":"JSHandle@symbol JSHandle@symbol \"Setting the current frame to 346\" handle was cleared after 10ms"}
{"t":"2026-09-26T07:28:03.103Z","type":"debug","text":"JSHandle@symbol JSHandle@symbol \"Setting the current frame to 347\" handle was cleared after 8ms"}
{"t":"2026-09-26T07:28:03.136Z","type":"debug","text":"JSHandle@symbol JSHandle@symbol \"Setting the current frame to 348\" handle was cleared after 10ms"}
{"t":"2026-09-26T07:28:03.170Z","type":"debug","text":"JSHandle@symbol JSHandle@symbol \"Setting the current frame to 349\" handle was cleared after 5ms"}
{"t":"2026-09-26T07:28:03.204Z","type":"debug","text":"JSHandle@symbol JSHandle@symbol \"Setting the current frame to 350\" handle was cleared after 5ms"}
{"t":"2026-09-26T07:28:03.237Z","type":"debug","text":"JSHandle@symbol JSHandle@symbol \"Setting the current frame to 351\" handle was cleared after 4ms"}
{"t":"2026-09-26T07:28:03.270Z","type":"debug","text":"JSHandle@symbol JSHandle@symbol \"Setting the current frame to 352\" handle was cleared after 4ms"}
{"t":"2026-09-26T07:28:03.299Z","type":"debug","text":"JSHandle@symbol JSHandle@symbol \"Setting the current frame to 353\" handle was cleared after 0ms"}
{"t":"2026-09-26T07:28:03.338Z","type":"debug","text":"JSHandle@symbol JSHandle@symbol \"Setting the current frame to 354\" handle was cleared after 6ms"}
{"t":"2026-09-26T07:28:03.368Z","type":"debug","text":"JSHandle@symbol JSHandle@symbol \"Setting the current frame to 355\" handle was cleared after 1ms"}
{"t":"2026-09-26T07:28:03.403Z","type":"debug","text":"JSHandle@symbol JSHandle@symbol \"Setting the current frame to 356\" handle was cleared after 3ms"}
{"t":"2026-09-26T07:28:03.432Z","type":"debug","text":"JSHandle@symbol JSHandle@symbol \"Setting the current frame to 357\" handle was cleared after 1ms"}
{"t":"2026-09-26T07:28:03.470Z","type":"debug","text":"JSHandle@symbol JSHandle@symbol \"Setting the current frame to 358\" handle was cleared after 6ms"}
{"t":"2026-09-26T07:28:03.495Z","type":"debug","text":"JSHandle@symbol JSHandle@symbol \"Setting the current frame to 359\" handle was cleared after 1ms"}
{"t":"2026-09-26T07:28:03.536Z","type":"debug","text":"JSHandle@symbol JSHandle@symbol \"Setting the current frame to 360\" handle was cleared after 9ms"}
{"t":"2026-09-26T07:28:03.564Z","type":"debug","text":"JSHandle@symbol JSHandle@symbol \"Setting the current frame to 361\" handle was cleared after 1ms"}
{"t":"2026-09-26T07:28:03.603Z","type":"debug","text":"JSHandle@symbol JSHandle@symbol \"Setting the current frame to 362\" handle was cleared after 10ms"}
{"t":"2026-09-26T07:28:03.626Z","type":"debug","text":"JSHandle@symbol JSHandle@symbol \"Setting the current frame to 363\" handle was cleared after 1ms"}
{"t":"2026-09-26T07:28:03.671Z","type":"debug","text":"JSHandle@symbol JSHandle@symbol \"Setting the current frame to 364\" handle was cleared after 11ms"}
{"t":"2026-09-26T07:28:03.695Z","type":"debug","text":"JSHandle@symbol JSHandle@symbol \"Setting the current frame to 365\" handle was cleared after 0ms"}
{"t":"2026-09-26T07:28:03.737Z","type":"debug","text":"JSHandle@symbol JSHandle@symbol \"Setting the current frame to 366\" handle was cleared after 9ms"}
{"t":"2026-09-26T07:28:03.761Z","type":"debug","text":"JSHandle@symbol JSHandle@symbol \"Setting the current frame to 367\" handle was cleared after 1ms"}
{"t":"2026-09-26T07:28:03.793Z","type":"debug","text":"JSHandle@symbol JSHandle@symbol \"Setting the current frame to 368\" handle was cleared after 1ms"}
{"t":"2026-09-26T07:28:03.827Z","type":"debug","text":"JSHandle@symbol JSHandle@symbol \"Setting the current frame to 369\" handle was cleared after 0ms"}
{"t":"2026-09-26T07:28:03.861Z","type":"debug","text":"JSHandle@symbol JSHandle@symbol \"Setting the current frame to 370\" handle was cleared after 0ms"}
{"t":"2026-09-26T07:28:03.893Z","type":"debug","text":"JSHandle@symbol JSHandle@symbol \"Setting the current frame to 371\" handle was cleared after 1ms"}
{"t":"2026-09-26T07:28:03.926Z","type":"debug","text":"JSHandle@symbol JSHandle@symbol \"Setting the current frame to 372\" handle was cleared after 1ms"}
{"t":"2026-09-26T07:28:03.960Z","type":"debug","text":"JSHandle@symbol JSHandle@symbol \"Setting the current frame to 373\" handle was cleared after 0ms"}
{"t":"2026-09-26T07:28:03.994Z","type":"debug","text":"JSHandle@symbol JSHandle@symbol \"Setting the current frame to 374\" handle was cleared after 1ms"}
{"t":"2026-09-26T07:28:04.027Z","type":"debug","text":"JSHandle@symbol JSHandle@symbol \"Setting the current frame to 375\" handle was cleared after 0ms"}
{"t":"2026-09-26T07:28:04.060Z","type":"debug","text":"JSHandle@symbol JSHandle@symbol \"Setting the current frame to 376\" handle was cleared after 1ms"}
{"t":"2026-09-26T07:28:04.093Z","type":"debug","text":"JSHandle@symbol JSHandle@symbol \"Setting the current frame to 377\" handle was cleared after 0ms"}
{"t":"2026-09-26T07:28:04.127Z","type":"debug","text":"JSHandle@symbol JSHandle@symbol \"Setting the current frame to 378\" handle was cleared after 0ms"}
{"t":"2026-09-26T07:28:04.161Z","type":"debug","text":"JSHandle@symbol JSHandle@symbol \"Setting the current frame to 379\" handle was cleared after 0ms"}
{"t":"2026-09-26T07:28:04.193Z","type":"debug","text":"JSHandle@symbol JSHandle@symbol \"Setting the current frame to 380\" handle was cleared after 0ms"}
{"t":"2026-09-26T07:28:04.226Z","type":"debug","text":"JSHandle@symbol JSHandle@symbol \"Setting the current frame to 381\" handle was cleared after 0ms"}
{"t":"2026-09-26T07:28:04.260Z","type":"debug","text":"JSHandle@symbol JSHandle@symbol \"Setting the current frame to 382\" handle was cleared after 0ms"}
{"t":"2026-09-26T07:28:04.293Z","type":"debug","text":"JSHandle@symbol JSHandle@symbol \"Setting the current frame to 383\" handle was cleared after 1ms"}
{"t":"2026-09-26T07:28:04.328Z","type":"debug","text":"JSHandle@symbol JSHandle@symbol \"Setting the current frame to 384\" handle was cleared after 1ms"}
{"t":"2026-09-26T07:28:04.360Z","type":"debug","text":"JSHandle@symbol JSHandle@symbol \"Setting the current frame to 385\" handle was cleared after 0ms"}
{"t":"2026-09-26T07:28:04.394Z","type":"debug","text":"JSHandle@symbol JSHandle@symbol \"Setting the current frame to 386\" handle was cleared after 0ms"}
{"t":"2026-09-26T07:28:04.427Z","type":"debug","text":"JSHandle@symbol JSHandle@symbol \"Setting the current frame to 387\" handle was cleared after 1ms"}
{"t":"2026-09-26T07:28:04.460Z","type":"debug","text":"JSHandle@symbol JSHandle@symbol \"Setting the current frame to 388\" handle was cleared after 1ms"}
{"t":"2026-09-26T07:28:04.494Z","type":"debug","text":"JSHandle@symbol JSHandle@symbol \"Setting the current frame to 389\" handle was cleared after 1ms"}
{"t":"2026-09-26T07:28:04.528Z","type":"debug","text":"JSHandle@symbol JSHandle@symbol \"Setting the current frame to 390\" handle was cleared after 0ms"}
{"t":"2026-09-26T07:28:04.561Z","type":"debug","text":"JSHandle@symbol JSHandle@symbol \"Setting the current frame to 391\" handle was cleared after 1ms"}
{"t":"2026-09-26T07:28:04.594Z","type":"debug","text":"JSHandle@symbol JSHandle@symbol \"Setting the current frame to 392\" handle was cleared after 1ms"}
{"t":"2026-09-26T07:28:04.627Z","type":"debug","text":"JSHandle@symbol JSHandle@symbol \"Setting the current frame to 393\" handle was cleared after 1ms"}
{"t":"2026-09-26T07:28:04.660Z","type":"debug","text":"JSHandle@symbol JSHandle@symbol \"Setting the current frame to 394\" handle was cleared after 1ms"}
{"t":"2026-09-26T07:28:04.694Z","type":"debug","text":"JSHandle@symbol JSHandle@symbol \"Setting the current frame to 395\" handle was cleared after 0ms"}
{"t":"2026-09-26T07:28:04.727Z","type":"debug","text":"JSHandle@symbol JSHandle@symbol \"Setting the current frame to 396\" handle was cleared after 1ms"}
{"t":"2026-09-26T07:28:04.761Z","type":"debug","text":"JSHandle@symbol JSHandle@symbol \"Setting the current frame to 397\" handle was cleared after 1ms"}
{"t":"2026-09-26T07:28:04.795Z","type":"debug","text":"JSHandle@symbol JSHandle@symbol \"Setting the current frame to 398\" handle was cleared after 0ms"}
{"t":"2026-09-26T07:28:04.829Z","type":"debug","text":"JSHandle@symbol JSHandle@symbol \"Setting the current frame to 399\" handle was cleared after 0ms"}
{"t":"2026-09-26T07:28:04.860Z","type":"debug","text":"JSHandle@symbol JSHandle@symbol \"Setting the current frame to 400\" handle was cleared after 1ms"}
{"t":"2026-09-26T07:28:04.893Z","type":"debug","text":"JSHandle@symbol JSHandle@symbol \"Setting the current frame to 401\" handle was cleared after 0ms"}
{"t":"2026-09-26T07:28:04.927Z","type":"debug","text":"JSHandle@symbol JSHandle@symbol \"Setting the current frame to 402\" handle was cleared after 1ms"}
{"t":"2026-09-26T07:28:04.960Z","type":"debug","text":"JSHandle@symbol JSHandle@symbol \"Setting the current frame to 403\" handle was cleared after 0ms"}
{"t":"2026-09-26T07:28:04.993Z","type":"debug","text":"JSHandle@symbol JSHandle@symbol \"Setting the current frame to 404\" handle was cleared after 1ms"}
{"t":"2026-09-26T07:28:05.031Z","type":"debug","text":"JSHandle@symbol JSHandle@symbol \"Setting the current frame to 405\" handle was cleared after 0ms"}
{"t":"2026-09-26T07:28:05.065Z","type":"debug","text":"JSHandle@symbol JSHandle@symbol \"Setting the current frame to 406\" handle was cleared after 0ms"}
{"t":"2026-09-26T07:28:05.103Z","type":"debug","text":"JSHandle@symbol JSHandle@symbol \"Setting the current frame to 407\" handle was cleared after 1ms"}
{"t":"2026-09-26T07:28:05.131Z","type":"debug","text":"JSHandle@symbol JSHandle@symbol \"Setting the current frame to 408\" handle was cleared after 1ms"}
{"t":"2026-09-26T07:28:05.170Z","type":"debug","text":"JSHandle@symbol JSHandle@symbol \"Setting the current frame to 409\" handle was cleared after 6ms"}
{"t":"2026-09-26T07:28:05.199Z","type":"debug","text":"JSHandle@symbol JSHandle@symbol \"Setting the current frame to 410\" handle was cleared after 1ms"}
{"t":"2026-09-26T07:28:05.237Z","type":"debug","text":"JSHandle@symbol JSHandle@symbol \"Setting the current frame to 411\" handle was cleared after 5ms"}
{"t":"2026-09-26T07:28:05.266Z","type":"debug","text":"JSHandle@symbol JSHandle@symbol \"Setting the current frame to 412\" handle was cleared after 1ms"}
{"t":"2026-09-26T07:28:05.303Z","type":"debug","text":"JSHandle@symbol JSHandle@symbol \"Setting the current frame to 413\" handle was cleared after 6ms"}
{"t":"2026-09-26T07:28:05.329Z","type":"debug","text":"JSHandle@symbol JSHandle@symbol \"Setting the current frame to 414\" handle was cleared after 1ms"}
{"t":"2026-09-26T07:28:05.371Z","type":"debug","text":"JSHandle@symbol JSHandle@symbol \"Setting the current frame to 415\" handle was cleared after 10ms"}
{"t":"2026-09-26T07:28:05.395Z","type":"debug","text":"JSHandle@symbol JSHandle@symbol \"Setting the current frame to 416\" handle was cleared after 0ms"}
{"t":"2026-09-26T07:28:05.437Z","type":"debug","text":"JSHandle@symbol JSHandle@symbol \"Setting the current frame to 417\" handle was cleared after 11ms"}
{"t":"2026-09-26T07:28:05.461Z","type":"debug","text":"JSHandle@symbol JSHandle@symbol \"Setting the current frame to 418\" handle was cleared after 1ms"}
{"t":"2026-09-26T07:28:05.503Z","type":"debug","text":"JSHandle@symbol JSHandle@symbol \"Setting the current frame to 419\" handle was cleared after 11ms"}
{"t":"2026-09-26T07:28:05.527Z","type":"debug","text":"JSHandle@symbol JSHandle@symbol \"Setting the current frame to 420\" handle was cleared after 1ms"}
{"t":"2026-09-26T07:28:05.569Z","type":"debug","text":"JSHandle@symbol JSHandle@symbol \"Setting the current frame to 421\" handle was cleared after 10ms"}
{"t":"2026-09-26T07:28:05.597Z","type":"debug","text":"JSHandle@symbol JSHandle@symbol \"Setting the current frame to 422\" handle was cleared after 1ms"}
{"t":"2026-09-26T07:28:05.638Z","type":"debug","text":"JSHandle@symbol JSHandle@symbol \"Setting the current frame to 423\" handle was cleared after 6ms"}
{"t":"2026-09-26T07:28:05.668Z","type":"debug","text":"JSHandle@symbol JSHandle@symbol \"Setting the current frame to 424\" handle was cleared after 1ms"}
{"t":"2026-09-26T07:28:05.704Z","type":"debug","text":"JSHandle@symbol JSHandle@symbol \"Setting the current frame to 425\" handle was cleared after 6ms"}
{"t":"2026-09-26T07:28:05.733Z","type":"debug","text":"JSHandle@symbol JSHandle@symbol \"Setting the current frame to 426\" handle was cleared after 0ms"}
{"t":"2026-09-26T07:28:05.769Z","type":"debug","text":"JSHandle@symbol JSHandle@symbol \"Setting the current frame to 427\" handle was cleared after 6ms"}
{"t":"2026-09-26T07:28:05.798Z","type":"debug","text":"JSHandle@symbol JSHandle@symbol \"Setting the current frame to 428\" handle was cleared after 1ms"}
{"t":"2026-09-26T07:28:05.837Z","type":"debug","text":"JSHandle@symbol JSHandle@symbol \"Setting the current frame to 429\" handle was cleared after 5ms"}
{"t":"2026-09-26T07:28:05.866Z","type":"debug","text":"JSHandle@symbol JSHandle@symbol \"Setting the current frame to 430\" handle was cleared after 1ms"}
{"t":"2026-09-26T07:28:05.905Z","type":"debug","text":"JSHandle@symbol JSHandle@symbol \"Setting the current frame to 431\" handle was cleared after 5ms"}
{"t":"2026-09-26T07:28:05.933Z","type":"debug","text":"JSHandle@symbol JSHandle@symbol \"Setting the current frame to 432\" handle was cleared after 1ms"}
{"t":"2026-09-26T07:28:05.970Z","type":"debug","text":"JSHandle@symbol JSHandle@symbol \"Setting the current frame to 433\" handle was cleared after 4ms"}
{"t":"2026-09-26T07:28:05.997Z","type":"debug","text":"JSHandle@symbol JSHandle@symbol \"Setting the current frame to 434\" handle was cleared after 1ms"}
{"t":"2026-09-26T07:28:06.036Z","type":"debug","text":"JSHandle@symbol JSHandle@symbol \"Setting the current frame to 435\" handle was cleared after 6ms"}
{"t":"2026-09-26T07:28:06.060Z","type":"debug","text":"JSHandle@symbol JSHandle@symbol \"Setting the current frame to 436\" handle was cleared after 1ms"}
{"t":"2026-09-26T07:28:06.103Z","type":"debug","text":"JSHandle@symbol JSHandle@symbol \"Setting the current frame to 437\" handle was cleared after 9ms"}
{"t":"2026-09-26T07:28:06.127Z","type":"debug","text":"JSHandle@symbol JSHandle@symbol \"Setting the current frame to 438\" handle was cleared after 0ms"}
{"t":"2026-09-26T07:28:06.170Z","type":"debug","text":"JSHandle@symbol JSHandle@symbol \"Setting the current frame to 439\" handle was cleared after 10ms"}
{"t":"2026-09-26T07:28:06.193Z","type":"debug","text":"JSHandle@symbol JSHandle@symbol \"Setting the current frame to 440\" handle was cleared after 1ms"}
{"t":"2026-09-26T07:28:06.236Z","type":"debug","text":"JSHandle@symbol JSHandle@symbol \"Setting the current frame to 441\" handle was cleared after 11ms"}
{"t":"2026-09-26T07:28:06.260Z","type":"debug","text":"JSHandle@symbol JSHandle@symbol \"Setting the current frame to 442\" handle was cleared after 1ms"}
{"t":"2026-09-26T07:28:06.303Z","type":"debug","text":"JSHandle@symbol JSHandle@symbol \"Setting the current frame to 443\" handle was cleared after 12ms"}
{"t":"2026-09-26T07:28:06.329Z","type":"debug","text":"JSHandle@symbol JSHandle@symbol \"Setting the current frame to 444\" handle was cleared after 0ms"}
{"t":"2026-09-26T07:28:06.370Z","type":"debug","text":"JSHandle@symbol JSHandle@symbol \"Setting the current frame to 445\" handle was cleared after 10ms"}
{"t":"2026-09-26T07:28:06.393Z","type":"debug","text":"JSHandle@symbol JSHandle@symbol \"Setting the current frame to 446\" handle was cleared after 1ms"}
{"t":"2026-09-26T07:28:06.436Z","type":"debug","text":"JSHandle@symbol JSHandle@symbol \"Setting the current frame to 447\" handle was cleared after 11ms"}
{"t":"2026-09-26T07:28:06.460Z","type":"debug","text":"JSHandle@symbol JSHandle@symbol \"Setting the current frame to 448\" handle was cleared after 0ms"}
{"t":"2026-09-26T07:28:06.503Z","type":"debug","text":"JSHandle@symbol JSHandle@symbol \"Setting the current frame to 449\" handle was cleared after 11ms"}
{"t":"2026-09-26T07:28:06.528Z","type":"debug","text":"JSHandle@symbol JSHandle@symbol \"Setting the current frame to 450\" handle was cleared after 1ms"}
{"t":"2026-09-26T07:28:06.571Z","type":"debug","text":"JSHandle@symbol JSHandle@symbol \"Setting the current frame to 451\" handle was cleared after 5ms"}
{"t":"2026-09-26T07:28:06.599Z","type":"debug","text":"JSHandle@symbol JSHandle@symbol \"Setting the current frame to 452\" handle was cleared after 1ms"}
{"t":"2026-09-26T07:28:06.637Z","type":"debug","text":"JSHandle@symbol JSHandle@symbol \"Setting the current frame to 453\" handle was cleared after 4ms"}
{"t":"2026-09-26T07:28:06.662Z","type":"debug","text":"JSHandle@symbol JSHandle@symbol \"Setting the current frame to 454\" handle was cleared after 1ms"}
{"t":"2026-09-26T07:28:06.703Z","type":"debug","text":"JSHandle@symbol JSHandle@symbol \"Setting the current frame to 455\" handle was cleared after 8ms"}
{"t":"2026-09-26T07:28:06.729Z","type":"debug","text":"JSHandle@symbol JSHandle@symbol \"Setting the current frame to 456\" handle was cleared after 1ms"}
{"t":"2026-09-26T07:28:06.770Z","type":"debug","text":"JSHandle@symbol JSHandle@symbol \"Setting the current frame to 457\" handle was cleared after 9ms"}
{"t":"2026-09-26T07:28:06.795Z","type":"debug","text":"JSHandle@symbol JSHandle@symbol \"Setting the current frame to 458\" handle was cleared after 0ms"}
{"t":"2026-09-26T07:28:06.838Z","type":"debug","text":"JSHandle@symbol JSHandle@symbol \"Setting the current frame to 459\" handle was cleared after 8ms"}
{"t":"2026-09-26T07:28:06.861Z","type":"debug","text":"JSHandle@symbol JSHandle@symbol \"Setting the current frame to 460\" handle was cleared after 1ms"}
{"t":"2026-09-26T07:28:06.903Z","type":"debug","text":"JSHandle@symbol JSHandle@symbol \"Setting the current frame to 461\" handle was cleared after 9ms"}
{"t":"2026-09-26T07:28:06.927Z","type":"debug","text":"JSHandle@symbol JSHandle@symbol \"Setting the current frame to 462\" handle was cleared after 1ms"}
{"t":"2026-09-26T07:28:06.970Z","type":"debug","text":"JSHandle@symbol JSHandle@symbol \"Setting the current frame to 463\" handle was cleared after 10ms"}
{"t":"2026-09-26T07:28:06.994Z","type":"debug","text":"JSHandle@symbol JSHandle@symbol \"Setting the current frame to 464\" handle was cleared after 0ms"}
{"t":"2026-09-26T07:28:07.036Z","type":"debug","text":"JSHandle@symbol JSHandle@symbol \"Setting the current frame to 465\" handle was cleared after 9ms"}
{"t":"2026-09-26T07:28:07.059Z","type":"debug","text":"JSHandle@symbol JSHandle@symbol \"Setting the current frame to 466\" handle was cleared after 1ms"}
{"t":"2026-09-26T07:28:07.103Z","type":"debug","text":"JSHandle@symbol JSHandle@symbol \"Setting the current frame to 467\" handle was cleared after 11ms"}
{"t":"2026-09-26T07:28:07.127Z","type":"debug","text":"JSHandle@symbol JSHandle@symbol \"Setting the current frame to 468\" handle was cleared after 1ms"}
{"t":"2026-09-26T07:28:07.170Z","type":"debug","text":"JSHandle@symbol JSHandle@symbol \"Setting the current frame to 469\" handle was cleared after 11ms"}
{"t":"2026-09-26T07:28:07.195Z","type":"debug","text":"JSHandle@symbol JSHandle@symbol \"Setting the current frame to 470\" handle was cleared after 0ms"}
{"t":"2026-09-26T07:28:07.237Z","type":"debug","text":"JSHandle@symbol JSHandle@symbol \"Setting the current frame to 471\" handle was cleared after 9ms"}
{"t":"2026-09-26T07:28:07.260Z","type":"debug","text":"JSHandle@symbol JSHandle@symbol \"Setting the current frame to 472\" handle was cleared after 1ms"}
{"t":"2026-09-26T07:28:07.304Z","type":"debug","text":"JSHandle@symbol JSHandle@symbol \"Setting the current frame to 473\" handle was cleared after 10ms"}
{"t":"2026-09-26T07:28:07.328Z","type":"debug","text":"JSHandle@symbol JSHandle@symbol \"Setting the current frame to 474\" handle was cleared after 1ms"}
{"t":"2026-09-26T07:28:07.370Z","type":"debug","text":"JSHandle@symbol JSHandle@symbol \"Setting the current frame to 475\" handle was cleared after 9ms"}
{"t":"2026-09-26T07:28:07.395Z","type":"debug","text":"JSHandle@symbol JSHandle@symbol \"Setting the current frame to 476\" handle was cleared after 1ms"}
{"t":"2026-09-26T07:28:07.437Z","type":"debug","text":"JSHandle@symbol JSHandle@symbol \"Setting the current frame to 477\" handle was cleared after 10ms"}
{"t":"2026-09-26T07:28:07.461Z","type":"debug","text":"JSHandle@symbol JSHandle@symbol \"Setting the current frame to 478\" handle was cleared after 0ms"}
{"t":"2026-09-26T07:28:07.503Z","type":"debug","text":"JSHandle@symbol JSHandle@symbol \"Setting the current frame to 479\" handle was cleared after 9ms"}
{"t":"2026-09-26T07:28:07.527Z","type":"debug","text":"JSHandle@symbol JSHandle@symbol \"Setting the current frame to 480\" handle was cleared after 1ms"}
{"t":"2026-09-26T07:28:07.570Z","type":"debug","text":"JSHandle@symbol JSHandle@symbol \"Setting the current frame to 481\" handle was cleared after 10ms"}
{"t":"2026-09-26T07:28:07.593Z","type":"debug","text":"JSHandle@symbol JSHandle@symbol \"Setting the current frame to 482\" handle was cleared after 1ms"}
{"t":"2026-09-26T07:28:07.637Z","type":"debug","text":"JSHandle@symbol JSHandle@symbol \"Setting the current frame to 483\" handle was cleared after 10ms"}
{"t":"2026-09-26T07:28:07.660Z","type":"debug","text":"JSHandle@symbol JSHandle@symbol \"Setting the current frame to 484\" handle was cleared after 1ms"}
{"t":"2026-09-26T07:28:07.703Z","type":"debug","text":"JSHandle@symbol JSHandle@symbol \"Setting the current frame to 485\" handle was cleared after 10ms"}
{"t":"2026-09-26T07:28:07.726Z","type":"debug","text":"JSHandle@symbol JSHandle@symbol \"Setting the current frame to 486\" handle was cleared after 1ms"}
{"t":"2026-09-26T07:28:07.770Z","type":"debug","text":"JSHandle@symbol JSHandle@symbol \"Setting the current frame to 487\" handle was cleared after 11ms"}
{"t":"2026-09-26T07:28:07.794Z","type":"debug","text":"JSHandle@symbol JSHandle@symbol \"Setting the current frame to 488\" handle was cleared after 0ms"}
{"t":"2026-09-26T07:28:07.836Z","type":"debug","text":"JSHandle@symbol JSHandle@symbol \"Setting the current frame to 489\" handle was cleared after 9ms"}
{"t":"2026-09-26T07:28:07.860Z","type":"debug","text":"JSHandle@symbol JSHandle@symbol \"Setting the current frame to 490\" handle was cleared after 0ms"}
{"t":"2026-09-26T07:28:07.903Z","type":"debug","text":"JSHandle@symbol JSHandle@symbol \"Setting the current frame to 491\" handle was cleared after 12ms"}
{"t":"2026-09-26T07:28:07.926Z","type":"debug","text":"JSHandle@symbol JSHandle@symbol \"Setting the current frame to 492\" handle was cleared after 0ms"}
{"t":"2026-09-26T07:28:07.970Z","type":"debug","text":"JSHandle@symbol JSHandle@symbol \"Setting the current frame to 493\" handle was cleared after 12ms"}
{"t":"2026-09-26T07:28:07.992Z","type":"debug","text":"JSHandle@symbol JSHandle@symbol \"Setting the current frame to 494\" handle was cleared after 1ms"}
{"t":"2026-09-26T07:28:08.036Z","type":"debug","text":"JSHandle@symbol JSHandle@symbol \"Setting the current frame to 495\" handle was cleared after 10ms"}
{"t":"2026-09-26T07:28:08.059Z","type":"debug","text":"JSHandle@symbol JSHandle@symbol \"Setting the current frame to 496\" handle was cleared after 1ms"}
{"t":"2026-09-26T07:28:08.103Z","type":"debug","text":"JSHandle@symbol JSHandle@symbol \"Setting the current frame to 497\" handle was cleared after 11ms"}
{"t":"2026-09-26T07:28:08.125Z","type":"debug","text":"JSHandle@symbol JSHandle@symbol \"Setting the current frame to 498\" handle was cleared after 1ms"}
{"t":"2026-09-26T07:28:08.170Z","type":"debug","text":"JSHandle@symbol JSHandle@symbol \"Setting the current frame to 499\" handle was cleared after 12ms"}
{"t":"2026-09-26T07:28:08.194Z","type":"debug","text":"JSHandle@symbol JSHandle@symbol \"Setting the current frame to 500\" handle was cleared after 1ms"}
{"t":"2026-09-26T07:28:08.237Z","type":"debug","text":"JSHandle@symbol JSHandle@symbol \"Setting the current frame to 501\" handle was cleared after 12ms"}
{"t":"2026-09-26T07:28:08.260Z","type":"debug","text":"JSHandle@symbol JSHandle@symbol \"Setting the current frame to 502\" handle was cleared after 1ms"}
{"t":"2026-09-26T07:28:08.303Z","type":"debug","text":"JSHandle@symbol JSHandle@symbol \"Setting the current frame to 503\" handle was cleared after 11ms"}
{"t":"2026-09-26T07:28:08.326Z","type":"debug","text":"JSHandle@symbol JSHandle@symbol \"Setting the current frame to 504\" handle was cleared after 1ms"}
{"t":"2026-09-26T07:28:08.370Z","type":"debug","text":"JSHandle@symbol JSHandle@symbol \"Setting the current frame to 505\" handle was cleared after 10ms"}
{"t":"2026-09-26T07:28:08.394Z","type":"debug","text":"JSHandle@symbol JSHandle@symbol \"Setting the current frame to 506\" handle was cleared after 1ms"}
{"t":"2026-09-26T07:28:08.437Z","type":"debug","text":"JSHandle@symbol JSHandle@symbol \"Setting the current frame to 507\" handle was cleared after 11ms"}
{"t":"2026-09-26T07:28:08.460Z","type":"debug","text":"JSHandle@symbol JSHandle@symbol \"Setting the current frame to 508\" handle was cleared after 1ms"}
{"t":"2026-09-26T07:28:08.503Z","type":"debug","text":"JSHandle@symbol JSHandle@symbol \"Setting the current frame to 509\" handle was cleared after 11ms"}
{"t":"2026-09-26T07:28:08.527Z","type":"debug","text":"JSHandle@symbol JSHandle@symbol \"Setting the current frame to 510\" handle was cleared after 0ms"}
{"t":"2026-09-26T07:28:08.570Z","type":"debug","text":"JSHandle@symbol JSHandle@symbol \"Setting the current frame to 511\" handle was cleared after 10ms"}
{"t":"2026-09-26T07:28:08.593Z","type":"debug","text":"JSHandle@symbol JSHandle@symbol \"Setting the current frame to 512\" handle was cleared after 0ms"}
{"t":"2026-09-26T07:28:08.637Z","type":"debug","text":"JSHandle@symbol JSHandle@symbol \"Setting the current frame to 513\" handle was cleared after 11ms"}
{"t":"2026-09-26T07:28:08.660Z","type":"debug","text":"JSHandle@symbol JSHandle@symbol \"Setting the current frame to 514\" handle was cleared after 1ms"}
{"t":"2026-09-26T07:28:08.705Z","type":"debug","text":"JSHandle@symbol JSHandle@symbol \"Setting the current frame to 515\" handle was cleared after 12ms"}
{"t":"2026-09-26T07:28:08.729Z","type":"debug","text":"JSHandle@symbol JSHandle@symbol \"Setting the current frame to 516\" handle was cleared after 0ms"}
{"t":"2026-09-26T07:28:08.769Z","type":"debug","text":"JSHandle@symbol JSHandle@symbol \"Setting the current frame to 517\" handle was cleared after 12ms"}
{"t":"2026-09-26T07:28:08.792Z","type":"debug","text":"JSHandle@symbol JSHandle@symbol \"Setting the current frame to 518\" handle was cleared after 0ms"}
{"t":"2026-09-26T07:28:08.837Z","type":"debug","text":"JSHandle@symbol JSHandle@symbol \"Setting the current frame to 519\" handle was cleared after 10ms"}
{"t":"2026-09-26T07:28:08.859Z","type":"debug","text":"JSHandle@symbol JSHandle@symbol \"Setting the current frame to 520\" handle was cleared after 1ms"}
{"t":"2026-09-26T07:28:08.903Z","type":"debug","text":"JSHandle@symbol JSHandle@symbol \"Setting the current frame to 521\" handle was cleared after 10ms"}
{"t":"2026-09-26T07:28:08.925Z","type":"debug","text":"JSHandle@symbol JSHandle@symbol \"Setting the current frame to 522\" handle was cleared after 0ms"}
{"t":"2026-09-26T07:28:08.970Z","type":"debug","text":"JSHandle@symbol JSHandle@symbol \"Setting the current frame to 523\" handle was cleared after 13ms"}
{"t":"2026-09-26T07:28:08.992Z","type":"debug","text":"JSHandle@symbol JSHandle@symbol \"Setting the current frame to 524\" handle was cleared after 1ms"}
{"t":"2026-09-26T07:28:09.038Z","type":"debug","text":"JSHandle@symbol JSHandle@symbol \"Setting the current frame to 525\" handle was cleared after 8ms"}
{"t":"2026-09-26T07:28:09.062Z","type":"debug","text":"JSHandle@symbol JSHandle@symbol \"Setting the current frame to 526\" handle was cleared after 0ms"}
{"t":"2026-09-26T07:28:09.104Z","type":"debug","text":"JSHandle@symbol JSHandle@symbol \"Setting the current frame to 527\" handle was cleared after 11ms"}
{"t":"2026-09-26T07:28:09.127Z","type":"debug","text":"JSHandle@symbol JSHandle@symbol \"Setting the current frame to 528\" handle was cleared after 1ms"}
{"t":"2026-09-26T07:28:09.170Z","type":"debug","text":"JSHandle@symbol JSHandle@symbol \"Setting the current frame to 529\" handle was cleared after 9ms"}
{"t":"2026-09-26T07:28:09.193Z","type":"debug","text":"JSHandle@symbol JSHandle@symbol \"Setting the current frame to 530\" handle was cleared after 1ms"}
{"t":"2026-09-26T07:28:09.236Z","type":"debug","text":"JSHandle@symbol JSHandle@symbol \"Setting the current frame to 531\" handle was cleared after 11ms"}
{"t":"2026-09-26T07:28:09.259Z","type":"debug","text":"JSHandle@symbol JSHandle@symbol \"Setting the current frame to 532\" handle was cleared after 1ms"}
{"t":"2026-09-26T07:28:09.303Z","type":"debug","text":"JSHandle@symbol JSHandle@symbol \"Setting the current frame to 533\" handle was cleared after 10ms"}
{"t":"2026-09-26T07:28:09.325Z","type":"debug","text":"JSHandle@symbol JSHandle@symbol \"Setting the current frame to 534\" handle was cleared after 1ms"}
{"t":"2026-09-26T07:28:09.370Z","type":"debug","text":"JSHandle@symbol JSHandle@symbol \"Setting the current frame to 535\" handle was cleared after 11ms"}
{"t":"2026-09-26T07:28:09.393Z","type":"debug","text":"JSHandle@symbol JSHandle@symbol \"Setting the current frame to 536\" handle was cleared after 1ms"}
{"t":"2026-09-26T07:28:09.437Z","type":"debug","text":"JSHandle@symbol JSHandle@symbol \"Setting the current frame to 537\" handle was cleared after 11ms"}
{"t":"2026-09-26T07:28:09.460Z","type":"debug","text":"JSHandle@symbol JSHandle@symbol \"Setting the current frame to 538\" handle was cleared after 1ms"}
{"t":"2026-09-26T07:28:09.504Z","type":"debug","text":"JSHandle@symbol JSHandle@symbol \"Setting the current frame to 539\" handle was cleared after 12ms"}
{"t":"2026-09-26T07:28:09.527Z","type":"debug","text":"JSHandle@symbol JSHandle@symbol \"Setting the current frame to 540\" handle was cleared after 1ms"}
{"t":"2026-09-26T07:28:09.569Z","type":"debug","text":"JSHandle@symbol JSHandle@symbol \"Setting the current frame to 541\" handle was cleared after 11ms"}
{"t":"2026-09-26T07:28:09.592Z","type":"debug","text":"JSHandle@symbol JSHandle@symbol \"Setting the current frame to 542\" handle was cleared after 0ms"}
{"t":"2026-09-26T07:28:09.636Z","type":"debug","text":"JSHandle@symbol JSHandle@symbol \"Setting the current frame to 543\" handle was cleared after 12ms"}
{"t":"2026-09-26T07:28:09.658Z","type":"debug","text":"JSHandle@symbol JSHandle@symbol \"Setting the current frame to 544\" handle was cleared after 1ms"}
{"t":"2026-09-26T07:28:09.703Z","type":"debug","text":"JSHandle@symbol JSHandle@symbol \"Setting the current frame to 545\" handle was cleared after 11ms"}
{"t":"2026-09-26T07:28:09.731Z","type":"debug","text":"JSHandle@symbol JSHandle@symbol \"Setting the current frame to 546\" handle was cleared after 0ms"}
{"t":"2026-09-26T07:28:09.770Z","type":"debug","text":"JSHandle@symbol JSHandle@symbol \"Setting the current frame to 547\" handle was cleared after 12ms"}
{"t":"2026-09-26T07:28:09.793Z","type":"debug","text":"JSHandle@symbol JSHandle@symbol \"Setting the current frame to 548\" handle was cleared after 0ms"}
{"t":"2026-09-26T07:28:09.837Z","type":"debug","text":"JSHandle@symbol JSHandle@symbol \"Setting the current frame to 549\" handle was cleared after 12ms"}
{"t":"2026-09-26T07:28:09.859Z","type":"debug","text":"JSHandle@symbol JSHandle@symbol \"Setting the current frame to 550\" handle was cleared after 0ms"}
{"t":"2026-09-26T07:28:09.903Z","type":"debug","text":"JSHandle@symbol JSHandle@symbol \"Setting the current frame to 551\" handle was cleared after 11ms"}
{"t":"2026-09-26T07:28:09.925Z","type":"debug","text":"JSHandle@symbol JSHandle@symbol \"Setting the current frame to 552\" handle was cleared after 1ms"}
{"t":"2026-09-26T07:28:09.970Z","type":"debug","text":"JSHandle@symbol JSHandle@symbol \"Setting the current frame to 553\" handle was cleared after 11ms"}
{"t":"2026-09-26T07:28:09.992Z","type":"debug","text":"JSHandle@symbol JSHandle@symbol \"Setting the current frame to 554\" handle was cleared after 1ms"}
{"t":"2026-09-26T07:28:10.026Z","type":"debug","text":"JSHandle@symbol JSHandle@symbol \"Setting the current frame to 555\" handle was cleared after 0ms"}
{"t":"2026-09-26T07:28:10.059Z","type":"debug","text":"JSHandle@symbol JSHandle@symbol \"Setting the current frame to 556\" handle was cleared after 1ms"}
{"t":"2026-09-26T07:28:10.092Z","type":"debug","text":"JSHandle@symbol JSHandle@symbol \"Setting the current frame to 557\" handle was cleared after 1ms"}
{"t":"2026-09-26T07:28:10.125Z","type":"debug","text":"JSHandle@symbol JSHandle@symbol \"Setting the current frame to 558\" handle was cleared after 1ms"}
{"t":"2026-09-26T07:28:10.158Z","type":"debug","text":"JSHandle@symbol JSHandle@symbol \"Setting the current frame to 559\" handle was cleared after 1ms"}
{"t":"2026-09-26T07:28:10.192Z","type":"debug","text":"JSHandle@symbol JSHandle@symbol \"Setting the current frame to 560\" handle was cleared after 1ms"}
{"t":"2026-09-26T07:28:10.225Z","type":"debug","text":"JSHandle@symbol JSHandle@symbol \"Setting the current frame to 561\" handle was cleared after 1ms"}
{"t":"2026-09-26T07:28:10.260Z","type":"debug","text":"JSHandle@symbol JSHandle@symbol \"Setting the current frame to 562\" handle was cleared after 1ms"}
{"t":"2026-09-26T07:28:10.292Z","type":"debug","text":"JSHandle@symbol JSHandle@symbol \"Setting the current frame to 563\" handle was cleared after 0ms"}
{"t":"2026-09-26T07:28:10.325Z","type":"debug","text":"JSHandle@symbol JSHandle@symbol \"Setting the current frame to 564\" handle was cleared after 1ms"}
{"t":"2026-09-26T07:28:10.359Z","type":"debug","text":"JSHandle@symbol JSHandle@symbol \"Setting the current frame to 565\" handle was cleared after 0ms"}
{"t":"2026-09-26T07:28:10.392Z","type":"debug","text":"JSHandle@symbol JSHandle@symbol \"Setting the current frame to 566\" handle was cleared after 0ms"}
{"t":"2026-09-26T07:28:10.426Z","type":"debug","text":"JSHandle@symbol JSHandle@symbol \"Setting the current frame to 567\" handle was cleared after 1ms"}
{"t":"2026-09-26T07:28:10.457Z","type":"debug","text":"JSHandle@symbol JSHandle@symbol \"Setting the current frame to 568\" handle was cleared after 1ms"}
{"t":"2026-09-26T07:28:10.493Z","type":"debug","text":"JSHandle@symbol JSHandle@symbol \"Setting the current frame to 569\" handle was cleared after 1ms"}
{"t":"2026-09-26T07:28:10.525Z","type":"debug","text":"JSHandle@symbol JSHandle@symbol \"Setting the current frame to 570\" handle was cleared after 0ms"}
{"t":"2026-09-26T07:28:10.558Z","type":"debug","text":"JSHandle@symbol JSHandle@symbol \"Setting the current frame to 571\" handle was cleared after 0ms"}
{"t":"2026-09-26T07:28:10.591Z","type":"debug","text":"JSHandle@symbol JSHandle@symbol \"Setting the current frame to 572\" handle was cleared after 0ms"}
{"t":"2026-09-26T07:28:10.624Z","type":"debug","text":"JSHandle@symbol JSHandle@symbol \"Setting the current frame to 573\" handle was cleared after 1ms"}
{"t":"2026-09-26T07:28:10.658Z","type":"debug","text":"JSHandle@symbol JSHandle@symbol \"Setting the current frame to 574\" handle was cleared after 1ms"}
{"t":"2026-09-26T07:28:10.692Z","type":"debug","text":"JSHandle@symbol JSHandle@symbol \"Setting the current frame to 575\" handle was cleared after 0ms"}
{"t":"2026-09-26T07:28:10.727Z","type":"debug","text":"JSHandle@symbol JSHandle@symbol \"Setting the current frame to 576\" handle was cleared after 1ms"}
{"t":"2026-09-26T07:28:10.758Z","type":"debug","text":"JSHandle@symbol JSHandle@symbol \"Setting the current frame to 577\" handle was cleared after 1ms"}
{"t":"2026-09-26T07:28:10.791Z","type":"debug","text":"JSHandle@symbol JSHandle@symbol \"Setting the current frame to 578\" handle was cleared after 1ms"}
{"t":"2026-09-26T07:28:10.825Z","type":"debug","text":"JSHandle@symbol JSHandle@symbol \"Setting the current frame to 579\" handle was cleared after 0ms"}
{"t":"2026-09-26T07:28:10.858Z","type":"debug","text":"JSHandle@symbol JSHandle@symbol \"Setting the current frame to 580\" handle was cleared after 0ms"}
{"t":"2026-09-26T07:28:10.893Z","type":"debug","text":"JSHandle@symbol JSHandle@symbol \"Setting the current frame to 581\" handle was cleared after 1ms"}
{"t":"2026-09-26T07:28:10.927Z","type":"debug","text":"JSHandle@symbol JSHandle@symbol \"Setting the current frame to 582\" handle was cleared after 0ms"}
{"t":"2026-09-26T07:28:10.959Z","type":"debug","text":"JSHandle@symbol JSHandle@symbol \"Setting the current frame to 583\" handle was cleared after 0ms"}
{"t":"2026-09-26T07:28:10.992Z","type":"debug","text":"JSHandle@symbol JSHandle@symbol \"Setting the current frame to 584\" handle was cleared after 0ms"}
{"t":"2026-09-26T07:28:11.025Z","type":"debug","text":"JSHandle@symbol JSHandle@symbol \"Setting the current frame to 585\" handle was cleared after 1ms"}
{"t":"2026-09-26T07:28:11.059Z","type":"debug","text":"JSHandle@symbol JSHandle@symbol \"Setting the current frame to 586\" handle was cleared after 0ms"}
{"t":"2026-09-26T07:28:11.092Z","type":"debug","text":"JSHandle@symbol JSHandle@symbol \"Setting the current frame to 587\" handle was cleared after 1ms"}
{"t":"2026-09-26T07:28:11.126Z","type":"debug","text":"JSHandle@symbol JSHandle@symbol \"Setting the current frame to 588\" handle was cleared after 0ms"}
{"t":"2026-09-26T07:28:11.158Z","type":"debug","text":"JSHandle@symbol JSHandle@symbol \"Setting the current frame to 589\" handle was cleared after 0ms"}
{"t":"2026-09-26T07:28:11.191Z","type":"debug","text":"JSHandle@symbol JSHandle@symbol \"Setting the current frame to 590\" handle was cleared after 1ms"}
{"t":"2026-09-26T07:28:11.225Z","type":"debug","text":"JSHandle@symbol JSHandle@symbol \"Setting the current frame to 591\" handle was cleared after 1ms"}
{"t":"2026-09-26T07:28:11.259Z","type":"debug","text":"JSHandle@symbol JSHandle@symbol \"Setting the current frame to 592\" handle was cleared after 0ms"}
{"t":"2026-09-26T07:28:11.291Z","type":"debug","text":"JSHandle@symbol JSHandle@symbol \"Setting the current frame to 593\" handle was cleared after 1ms"}
{"t":"2026-09-26T07:28:11.326Z","type":"debug","text":"JSHandle@symbol JSHandle@symbol \"Setting the current frame to 594\" handle was cleared after 0ms"}
{"t":"2026-09-26T07:28:11.360Z","type":"debug","text":"JSHandle@symbol JSHandle@symbol \"Setting the current frame to 595\" handle was cleared after 1ms"}
{"t":"2026-09-26T07:28:11.392Z","type":"debug","text":"JSHandle@symbol JSHandle@symbol \"Setting the current frame to 596\" handle was cleared after 1ms"}
{"t":"2026-09-26T07:28:11.425Z","type":"debug","text":"JSHandle@symbol JSHandle@symbol \"Setting the current frame to 597\" handle was cleared after 1ms"}
{"t":"2026-09-26T07:28:11.458Z","type":"debug","text":"JSHandle@symbol JSHandle@symbol \"Setting the current frame to 598\" handle was cleared after 0ms"}
{"t":"2026-09-26T07:28:11.491Z","type":"debug","text":"JSHandle@symbol JSHandle@symbol \"Setting the current frame to 599\" handle was cleared after 1ms"}
{"t":"2026-09-26T07:28:11.524Z","type":"debug","text":"JSHandle@symbol JSHandle@symbol \"Setting the current frame to 600\" handle was cleared after 1ms"}
{"t":"2026-09-26T07:28:11.558Z","type":"debug","text":"JSHandle@symbol JSHandle@symbol \"Setting the current frame to 601\" handle was cleared after 1ms"}
{"t":"2026-09-26T07:28:11.591Z","type":"debug","text":"JSHandle@symbol JSHandle@symbol \"Setting the current frame to 602\" handle was cleared after 1ms"}
{"t":"2026-09-26T07:28:11.625Z","type":"debug","text":"JSHandle@symbol JSHandle@symbol \"Setting the current frame to 603\" handle was cleared after 1ms"}
{"t":"2026-09-26T07:28:11.658Z","type":"debug","text":"JSHandle@symbol JSHandle@symbol \"Setting the current frame to 604\" handle was cleared after 1ms"}
{"t":"2026-09-26T07:28:11.692Z","type":"debug","text":"JSHandle@symbol JSHandle@symbol \"Setting the current frame to 605\" handle was cleared after 1ms"}
{"t":"2026-09-26T07:28:11.727Z","type":"debug","text":"JSHandle@symbol JSHandle@symbol \"Setting the current frame to 606\" handle was cleared after 1ms"}
{"t":"2026-09-26T07:28:11.758Z","type":"debug","text":"JSHandle@symbol JSHandle@symbol \"Setting the current frame to 607\" handle was cleared after 1ms"}
{"t":"2026-09-26T07:28:11.792Z","type":"debug","text":"JSHandle@symbol JSHandle@symbol \"Setting the current frame to 608\" handle was cleared after 0ms"}
{"t":"2026-09-26T07:28:11.826Z","type":"debug","text":"JSHandle@symbol JSHandle@symbol \"Setting the current frame to 609\" handle was cleared after 1ms"}
{"t":"2026-09-26T07:28:11.859Z","type":"debug","text":"JSHandle@symbol JSHandle@symbol \"Setting the current frame to 610\" handle was cleared after 0ms"}
{"t":"2026-09-26T07:28:11.892Z","type":"debug","text":"JSHandle@symbol JSHandle@symbol \"Setting the current frame to 611\" handle was cleared after 0ms"}
{"t":"2026-09-26T07:28:11.925Z","type":"debug","text":"JSHandle@symbol JSHandle@symbol \"Setting the current frame to 612\" handle was cleared after 0ms"}
{"t":"2026-09-26T07:28:11.959Z","type":"debug","text":"JSHandle@symbol JSHandle@symbol \"Setting the current frame to 613\" handle was cleared after 0ms"}
{"t":"2026-09-26T07:28:11.992Z","type":"debug","text":"JSHandle@symbol JSHandle@symbol \"Setting the current frame to 614\" handle was cleared after 1ms"}
{"t":"2026-09-26T07:28:12.025Z","type":"debug","text":"JSHandle@symbol JSHandle@symbol \"Setting the current frame to 615\" handle was cleared after 1ms"}
{"t":"2026-09-26T07:28:12.059Z","type":"debug","text":"JSHandle@symbol JSHandle@symbol \"Setting the current frame to 616\" handle was cleared after 1ms"}
{"t":"2026-09-26T07:28:12.092Z","type":"debug","text":"JSHandle@symbol JSHandle@symbol \"Setting the current frame to 617\" handle was cleared after 1ms"}
{"t":"2026-09-26T07:28:12.125Z","type":"debug","text":"JSHandle@symbol JSHandle@symbol \"Setting the current frame to 618\" handle was cleared after 0ms"}
{"t":"2026-09-26T07:28:12.157Z","type":"debug","text":"JSHandle@symbol JSHandle@symbol \"Setting the current frame to 619\" handle was cleared after 1ms"}
{"t":"2026-09-26T07:28:12.191Z","type":"debug","text":"JSHandle@symbol JSHandle@symbol \"Setting the current frame to 620\" handle was cleared after 0ms"}
{"t":"2026-09-26T07:28:12.226Z","type":"debug","text":"JSHandle@symbol JSHandle@symbol \"Setting the current frame to 621\" handle was cleared after 1ms"}
{"t":"2026-09-26T07:28:12.259Z","type":"debug","text":"JSHandle@symbol JSHandle@symbol \"Setting the current frame to 622\" handle was cleared after 1ms"}
{"t":"2026-09-26T07:28:12.292Z","type":"debug","text":"JSHandle@symbol JSHandle@symbol \"Setting the current frame to 623\" handle was cleared after 1ms"}
{"t":"2026-09-26T07:28:12.325Z","type":"debug","text":"JSHandle@symbol JSHandle@symbol \"Setting the current frame to 624\" handle was cleared after 0ms"}
{"t":"2026-09-26T07:28:12.359Z","type":"debug","text":"JSHandle@symbol JSHandle@symbol \"Setting the current frame to 625\" handle was cleared after 1ms"}
{"t":"2026-09-26T07:28:12.391Z","type":"debug","text":"JSHandle@symbol JSHandle@symbol \"Setting the current frame to 626\" handle was cleared after 1ms"}
{"t":"2026-09-26T07:28:12.425Z","type":"debug","text":"JSHandle@symbol JSHandle@symbol \"Setting the current frame to 627\" handle was cleared after 0ms"}
{"t":"2026-09-26T07:28:12.458Z","type":"debug","text":"JSHandle@symbol JSHandle@symbol \"Setting the current frame to 628\" handle was cleared after 1ms"}
{"t":"2026-09-26T07:28:12.491Z","type":"debug","text":"JSHandle@symbol JSHandle@symbol \"Setting the current frame to 629\" handle was cleared after 1ms"}
{"t":"2026-09-26T07:28:12.525Z","type":"debug","text":"JSHandle@symbol JSHandle@symbol \"Setting the current frame to 630\" handle was cleared after 0ms"}
{"t":"2026-09-26T07:28:12.558Z","type":"debug","text":"JSHandle@symbol JSHandle@symbol \"Setting the current frame to 631\" handle was cleared after 1ms"}
{"t":"2026-09-26T07:28:12.591Z","type":"debug","text":"JSHandle@symbol JSHandle@symbol \"Setting the current frame to 632\" handle was cleared after 1ms"}
{"t":"2026-09-26T07:28:12.626Z","type":"debug","text":"JSHandle@symbol JSHandle@symbol \"Setting the current frame to 633\" handle was cleared after 0ms"}
{"t":"2026-09-26T07:28:12.658Z","type":"debug","text":"JSHandle@symbol JSHandle@symbol \"Setting the current frame to 634\" handle was cleared after 0ms"}
{"t":"2026-09-26T07:28:12.692Z","type":"debug","text":"JSHandle@symbol JSHandle@symbol \"Setting the current frame to 635\" handle was cleared after 1ms"}
{"t":"2026-09-26T07:28:12.727Z","type":"debug","text":"JSHandle@symbol JSHandle@symbol \"Setting the current frame to 636\" handle was cleared after 0ms"}
{"t":"2026-09-26T07:28:12.758Z","type":"debug","text":"JSHandle@symbol JSHandle@symbol \"Setting the current frame to 637\" handle was cleared after 1ms"}
{"t":"2026-09-26T07:28:12.791Z","type":"debug","text":"JSHandle@symbol JSHandle@symbol \"Setting the current frame to 638\" handle was cleared after 1ms"}
{"t":"2026-09-26T07:28:12.825Z","type":"debug","text":"JSHandle@symbol JSHandle@symbol \"Setting the current frame to 639\" handle was cleared after 0ms"}
{"t":"2026-09-26T07:28:12.859Z","type":"debug","text":"JSHandle@symbol JSHandle@symbol \"Setting the current frame to 640\" handle was cleared after 0ms"}
{"t":"2026-09-26T07:28:12.892Z","type":"debug","text":"JSHandle@symbol JSHandle@symbol \"Setting the current frame to 641\" handle was cleared after 0ms"}
{"t":"2026-09-26T07:28:12.925Z","type":"debug","text":"JSHandle@symbol JSHandle@symbol \"Setting the current frame to 642\" handle was cleared after 0ms"}
{"t":"2026-09-26T07:28:12.959Z","type":"debug","text":"JSHandle@symbol JSHandle@symbol \"Setting the current frame to 643\" handle was cleared after 0ms"}
{"t":"2026-09-26T07:28:12.992Z","type":"debug","text":"JSHandle@symbol JSHandle@symbol \"Setting the current frame to 644\" handle was cleared after 0ms"}
{"t":"2026-09-26T07:28:13.025Z","type":"debug","text":"JSHandle@symbol JSHandle@symbol \"Setting the current frame to 645\" handle was cleared after 0ms"}
{"t":"2026-09-26T07:28:13.058Z","type":"debug","text":"JSHandle@symbol JSHandle@symbol \"Setting the current frame to 646\" handle was cleared after 1ms"}
{"t":"2026-09-26T07:28:13.091Z","type":"debug","text":"JSHandle@symbol JSHandle@symbol \"Setting the current frame to 647\" handle was cleared after 1ms"}
{"t":"2026-09-26T07:28:13.126Z","type":"debug","text":"JSHandle@symbol JSHandle@symbol \"Setting the current frame to 648\" handle was cleared after 0ms"}
{"t":"2026-09-26T07:28:13.157Z","type":"debug","text":"JSHandle@symbol JSHandle@symbol \"Setting the current frame to 649\" handle was cleared after 1ms"}
{"t":"2026-09-26T07:28:13.191Z","type":"debug","text":"JSHandle@symbol JSHandle@symbol \"Setting the current frame to 650\" handle was cleared after 0ms"}
{"t":"2026-09-26T07:28:13.225Z","type":"debug","text":"JSHandle@symbol JSHandle@symbol \"Setting the current frame to 651\" handle was cleared after 0ms"}
{"t":"2026-09-26T07:28:13.259Z","type":"debug","text":"JSHandle@symbol JSHandle@symbol \"Setting the current frame to 652\" handle was cleared after 1ms"}
{"t":"2026-09-26T07:28:13.292Z","type":"debug","text":"JSHandle@symbol JSHandle@symbol \"Setting the current frame to 653\" handle was cleared after 0ms"}
{"t":"2026-09-26T07:28:13.325Z","type":"debug","text":"JSHandle@symbol JSHandle@symbol \"Setting the current frame to 654\" handle was cleared after 1ms"}
{"t":"2026-09-26T07:28:13.357Z","type":"debug","text":"JSHandle@symbol JSHandle@symbol \"Setting the current frame to 655\" handle was cleared after 1ms"}
{"t":"2026-09-26T07:28:13.392Z","type":"debug","text":"JSHandle@symbol JSHandle@symbol \"Setting the current frame to 656\" handle was cleared after 0ms"}
{"t":"2026-09-26T07:28:13.425Z","type":"debug","text":"JSHandle@symbol JSHandle@symbol \"Setting the current frame to 657\" handle was cleared after 0ms"}
{"t":"2026-09-26T07:28:13.459Z","type":"debug","text":"JSHandle@symbol JSHandle@symbol \"Setting the current frame to 658\" handle was cleared after 0ms"}
{"t":"2026-09-26T07:28:13.492Z","type":"debug","text":"JSHandle@symbol JSHandle@symbol \"Setting the current frame to 659\" handle was cleared after 0ms"}
{"t":"2026-09-26T07:28:13.526Z","type":"debug","text":"JSHandle@symbol JSHandle@symbol \"Setting the current frame to 660\" handle was cleared after 1ms"}
{"t":"2026-09-26T07:28:13.559Z","type":"debug","text":"JSHandle@symbol JSHandle@symbol \"Setting the current frame to 661\" handle was cleared after 1ms"}
{"t":"2026-09-26T07:28:13.592Z","type":"debug","text":"JSHandle@symbol JSHandle@symbol \"Setting the current frame to 662\" handle was cleared after 1ms"}
{"t":"2026-09-26T07:28:13.625Z","type":"debug","text":"JSHandle@symbol JSHandle@symbol \"Setting the current frame to 663\" handle was cleared after 1ms"}
{"t":"2026-09-26T07:28:13.658Z","type":"debug","text":"JSHandle@symbol JSHandle@symbol \"Setting the current frame to 664\" handle was cleared after 0ms"}
{"t":"2026-09-26T07:28:13.691Z","type":"debug","text":"JSHandle@symbol JSHandle@symbol \"Setting the current frame to 665\" handle was cleared after 1ms"}
{"t":"2026-09-26T07:28:13.729Z","type":"debug","text":"JSHandle@symbol JSHandle@symbol \"Setting the current frame to 666\" handle was cleared after 0ms"}
{"t":"2026-09-26T07:28:13.758Z","type":"debug","text":"JSHandle@symbol JSHandle@symbol \"Setting the current frame to 667\" handle was cleared after 0ms"}
{"t":"2026-09-26T07:28:13.792Z","type":"debug","text":"JSHandle@symbol JSHandle@symbol \"Setting the current frame to 668\" handle was cleared after 0ms"}
{"t":"2026-09-26T07:28:13.825Z","type":"debug","text":"JSHandle@symbol JSHandle@symbol \"Setting the current frame to 669\" handle was cleared after 0ms"}
{"t":"2026-09-26T07:28:13.857Z","type":"debug","text":"JSHandle@symbol JSHandle@symbol \"Setting the current frame to 670\" handle was cleared after 1ms"}
{"t":"2026-09-26T07:28:13.892Z","type":"debug","text":"JSHandle@symbol JSHandle@symbol \"Setting the current frame to 671\" handle was cleared after 0ms"}
{"t":"2026-09-26T07:28:13.925Z","type":"debug","text":"JSHandle@symbol JSHandle@symbol \"Setting the current frame to 672\" handle was cleared after 1ms"}
{"t":"2026-09-26T07:28:13.959Z","type":"debug","text":"JSHandle@symbol JSHandle@symbol \"Setting the current frame to 673\" handle was cleared after 0ms"}
{"t":"2026-09-26T07:28:14.002Z","type":"debug","text":"JSHandle@symbol JSHandle@symbol \"Setting the current frame to 674\" handle was cleared after 1ms"}
{"t":"2026-09-26T07:28:14.032Z","type":"debug","text":"JSHandle@symbol JSHandle@symbol \"Setting the current frame to 675\" handle was cleared after 1ms"}
{"t":"2026-09-26T07:28:14.071Z","type":"debug","text":"JSHandle@symbol JSHandle@symbol \"Setting the current frame to 676\" handle was cleared after 4ms"}
{"t":"2026-09-26T07:28:14.101Z","type":"debug","text":"JSHandle@symbol JSHandle@symbol \"Setting the current frame to 677\" handle was cleared after 1ms"}
{"t":"2026-09-26T07:28:14.136Z","type":"debug","text":"JSHandle@symbol JSHandle@symbol \"Setting the current frame to 678\" handle was cleared after 9ms"}
{"t":"2026-09-26T07:28:14.160Z","type":"debug","text":"JSHandle@symbol JSHandle@symbol \"Setting the current frame to 679\" handle was cleared after 1ms"}
{"t":"2026-09-26T07:28:14.203Z","type":"debug","text":"JSHandle@symbol JSHandle@symbol \"Setting the current frame to 680\" handle was cleared after 9ms"}
{"t":"2026-09-26T07:28:14.227Z","type":"debug","text":"JSHandle@symbol JSHandle@symbol \"Setting the current frame to 681\" handle was cleared after 1ms"}
{"t":"2026-09-26T07:28:14.269Z","type":"debug","text":"JSHandle@symbol JSHandle@symbol \"Setting the current frame to 682\" handle was cleared after 9ms"}
{"t":"2026-09-26T07:28:14.291Z","type":"debug","text":"JSHandle@symbol JSHandle@symbol \"Setting the current frame to 683\" handle was cleared after 1ms"}
{"t":"2026-09-26T07:28:14.337Z","type":"debug","text":"JSHandle@symbol JSHandle@symbol \"Setting the current frame to 684\" handle was cleared after 12ms"}
{"t":"2026-09-26T07:28:14.362Z","type":"debug","text":"JSHandle@symbol JSHandle@symbol \"Setting the current frame to 685\" handle was cleared after 0ms"}
{"t":"2026-09-26T07:28:14.402Z","type":"debug","text":"JSHandle@symbol JSHandle@symbol \"Setting the current frame to 686\" handle was cleared after 9ms"}
{"t":"2026-09-26T07:28:14.427Z","type":"debug","text":"JSHandle@symbol JSHandle@symbol \"Setting the current frame to 687\" handle was cleared after 1ms"}
{"t":"2026-09-26T07:28:14.471Z","type":"debug","text":"JSHandle@symbol JSHandle@symbol \"Setting the current frame to 688\" handle was cleared after 11ms"}
{"t":"2026-09-26T07:28:14.497Z","type":"debug","text":"JSHandle@symbol JSHandle@symbol \"Setting the current frame to 689\" handle was cleared after 1ms"}
{"t":"2026-09-26T07:28:14.536Z","type":"debug","text":"JSHandle@symbol JSHandle@symbol \"Setting the current frame to 690\" handle was cleared after 8ms"}
{"t":"2026-09-26T07:28:14.559Z","type":"debug","text":"JSHandle@symbol JSHandle@symbol \"Setting the current frame to 691\" handle was cleared after 0ms"}
{"t":"2026-09-26T07:28:14.603Z","type":"debug","text":"JSHandle@symbol JSHandle@symbol \"Setting the current frame to 692\" handle was cleared after 13ms"}
{"t":"2026-09-26T07:28:14.626Z","type":"debug","text":"JSHandle@symbol JSHandle@symbol \"Setting the current frame to 693\" handle was cleared after 0ms"}
{"t":"2026-09-26T07:28:14.670Z","type":"debug","text":"JSHandle@symbol JSHandle@symbol \"Setting the current frame to 694\" handle was cleared after 12ms"}
{"t":"2026-09-26T07:28:14.692Z","type":"debug","text":"JSHandle@symbol JSHandle@symbol \"Setting the current frame to 695\" handle was cleared after 1ms"}
{"t":"2026-09-26T07:28:14.736Z","type":"debug","text":"JSHandle@symbol JSHandle@symbol \"Setting the current frame to 696\" handle was cleared after 10ms"}
{"t":"2026-09-26T07:28:14.759Z","type":"debug","text":"JSHandle@symbol JSHandle@symbol \"Setting the current frame to 697\" handle was cleared after 0ms"}
{"t":"2026-09-26T07:28:14.803Z","type":"debug","text":"JSHandle@symbol JSHandle@symbol \"Setting the current frame to 698\" handle was cleared after 12ms"}
{"t":"2026-09-26T07:28:14.825Z","type":"debug","text":"JSHandle@symbol JSHandle@symbol \"Setting the current frame to 699\" handle was cleared after 1ms"}
{"t":"2026-09-26T07:28:14.870Z","type":"debug","text":"JSHandle@symbol JSHandle@symbol \"Setting the current frame to 700\" handle was cleared after 12ms"}
{"t":"2026-09-26T07:28:14.892Z","type":"debug","text":"JSHandle@symbol JSHandle@symbol \"Setting the current frame to 701\" handle was cleared after 1ms"}
{"t":"2026-09-26T07:28:14.936Z","type":"debug","text":"JSHandle@symbol JSHandle@symbol \"Setting the current frame to 702\" handle was cleared after 11ms"}
{"t":"2026-09-26T07:28:14.958Z","type":"debug","text":"JSHandle@symbol JSHandle@symbol \"Setting the current frame to 703\" handle was cleared after 0ms"}
{"t":"2026-09-26T07:28:15.003Z","type":"debug","text":"JSHandle@symbol JSHandle@symbol \"Setting the current frame to 704\" handle was cleared after 12ms"}
{"t":"2026-09-26T07:28:15.026Z","type":"debug","text":"JSHandle@symbol JSHandle@symbol \"Setting the current frame to 705\" handle was cleared after 1ms"}
{"t":"2026-09-26T07:28:15.070Z","type":"debug","text":"JSHandle@symbol JSHandle@symbol \"Setting the current frame to 706\" handle was cleared after 12ms"}
{"t":"2026-09-26T07:28:15.092Z","type":"debug","text":"JSHandle@symbol JSHandle@symbol \"Setting the current frame to 707\" handle was cleared after 1ms"}
{"t":"2026-09-26T07:28:15.136Z","type":"debug","text":"JSHandle@symbol JSHandle@symbol \"Setting the current frame to 708\" handle was cleared after 8ms"}
{"t":"2026-09-26T07:28:15.158Z","type":"debug","text":"JSHandle@symbol JSHandle@symbol \"Setting the current frame to 709\" handle was cleared after 1ms"}
{"t":"2026-09-26T07:28:15.203Z","type":"debug","text":"JSHandle@symbol JSHandle@symbol \"Setting the current frame to 710\" handle was cleared after 12ms"}
{"t":"2026-09-26T07:28:15.225Z","type":"debug","text":"JSHandle@symbol JSHandle@symbol \"Setting the current frame to 711\" handle was cleared after 1ms"}
{"t":"2026-09-26T07:28:15.269Z","type":"debug","text":"JSHandle@symbol JSHandle@symbol \"Setting the current frame to 712\" handle was cleared after 10ms"}
{"t":"2026-09-26T07:28:15.291Z","type":"debug","text":"JSHandle@symbol JSHandle@symbol \"Setting the current frame to 713\" handle was cleared after 1ms"}
{"t":"2026-09-26T07:28:15.336Z","type":"debug","text":"JSHandle@symbol JSHandle@symbol \"Setting the current frame to 714\" handle was cleared after 12ms"}
{"t":"2026-09-26T07:28:15.359Z","type":"debug","text":"JSHandle@symbol JSHandle@symbol \"Setting the current frame to 715\" handle was cleared after 1ms"}
{"t":"2026-09-26T07:28:15.403Z","type":"debug","text":"JSHandle@symbol JSHandle@symbol \"Setting the current frame to 716\" handle was cleared after 11ms"}
{"t":"2026-09-26T07:28:15.427Z","type":"debug","text":"JSHandle@symbol JSHandle@symbol \"Setting the current frame to 717\" handle was cleared after 0ms"}
{"t":"2026-09-26T07:28:15.469Z","type":"debug","text":"JSHandle@symbol JSHandle@symbol \"Setting the current frame to 718\" handle was cleared after 12ms"}
{"t":"2026-09-26T07:28:15.492Z","type":"debug","text":"JSHandle@symbol JSHandle@symbol \"Setting the current frame to 719\" handle was cleared after 0ms"}
{"t":"2026-09-26T07:28:15.537Z","type":"debug","text":"JSHandle@symbol JSHandle@symbol \"Setting the current frame to 720\" handle was cleared after 13ms"}
{"t":"2026-09-26T07:28:15.559Z","type":"debug","text":"JSHandle@symbol JSHandle@symbol \"Setting the current frame to 721\" handle was cleared after 1ms"}
{"t":"2026-09-26T07:28:15.603Z","type":"debug","text":"JSHandle@symbol JSHandle@symbol \"Setting the current frame to 722\" handle was cleared after 8ms"}
{"t":"2026-09-26T07:28:15.627Z","type":"debug","text":"JSHandle@symbol JSHandle@symbol \"Setting the current frame to 723\" handle was cleared after 1ms"}
{"t":"2026-09-26T07:28:15.670Z","type":"debug","text":"JSHandle@symbol JSHandle@symbol \"Setting the current frame to 724\" handle was cleared after 10ms"}
{"t":"2026-09-26T07:28:15.694Z","type":"debug","text":"JSHandle@symbol JSHandle@symbol \"Setting the current frame to 725\" handle was cleared after 0ms"}
{"t":"2026-09-26T07:28:15.736Z","type":"debug","text":"JSHandle@symbol JSHandle@symbol \"Setting the current frame to 726\" handle was cleared after 10ms"}
{"t":"2026-09-26T07:28:15.759Z","type":"debug","text":"JSHandle@symbol JSHandle@symbol \"Setting the current frame to 727\" handle was cleared after 1ms"}
{"t":"2026-09-26T07:28:15.803Z","type":"debug","text":"JSHandle@symbol JSHandle@symbol \"Setting the current frame to 728\" handle was cleared after 12ms"}
{"t":"2026-09-26T07:28:15.826Z","type":"debug","text":"JSHandle@symbol JSHandle@symbol \"Setting the current frame to 729\" handle was cleared after 1ms"}
{"t":"2026-09-26T07:28:15.870Z","type":"debug","text":"JSHandle@symbol JSHandle@symbol \"Setting the current frame to 730\" handle was cleared after 12ms"}
{"t":"2026-09-26T07:28:15.892Z","type":"debug","text":"JSHandle@symbol JSHandle@symbol \"Setting the current frame to 731\" handle was cleared after 0ms"}
{"t":"2026-09-26T07:28:15.937Z","type":"debug","text":"JSHandle@symbol JSHandle@symbol \"Setting the current frame to 732\" handle was cleared after 13ms"}
{"t":"2026-09-26T07:28:15.958Z","type":"debug","text":"JSHandle@symbol JSHandle@symbol \"Setting the current frame to 733\" handle was cleared after 1ms"}
{"t":"2026-09-26T07:28:16.003Z","type":"debug","text":"JSHandle@symbol JSHandle@symbol \"Setting the current frame to 734\" handle was cleared after 12ms"}
{"t":"2026-09-26T07:28:16.025Z","type":"debug","text":"JSHandle@symbol JSHandle@symbol \"Setting the current frame to 735\" handle was cleared after 1ms"}
{"t":"2026-09-26T07:28:16.070Z","type":"debug","text":"JSHandle@symbol JSHandle@symbol \"Setting the current frame to 736\" handle was cleared after 12ms"}
{"t":"2026-09-26T07:28:16.092Z","type":"debug","text":"JSHandle@symbol JSHandle@symbol \"Setting the current frame to 737\" handle was cleared after 0ms"}
{"t":"2026-09-26T07:28:16.136Z","type":"debug","text":"JSHandle@symbol JSHandle@symbol \"Setting the current frame to 738\" handle was cleared after 9ms"}
{"t":"2026-09-26T07:28:16.158Z","type":"debug","text":"JSHandle@symbol JSHandle@symbol \"Setting the current frame to 739\" handle was cleared after 0ms"}
{"t":"2026-09-26T07:28:16.203Z","type":"debug","text":"JSHandle@symbol JSHandle@symbol \"Setting the current frame to 740\" handle was cleared after 13ms"}
{"t":"2026-09-26T07:28:16.227Z","type":"debug","text":"JSHandle@symbol JSHandle@symbol \"Setting the current frame to 741\" handle was cleared after 1ms"}
{"t":"2026-09-26T07:28:16.269Z","type":"debug","text":"JSHandle@symbol JSHandle@symbol \"Setting the current frame to 742\" handle was cleared after 12ms"}
{"t":"2026-09-26T07:28:16.291Z","type":"debug","text":"JSHandle@symbol JSHandle@symbol \"Setting the current frame to 743\" handle was cleared after 1ms"}
{"t":"2026-09-26T07:28:16.338Z","type":"debug","text":"JSHandle@symbol JSHandle@symbol \"Setting the current frame to 744\" handle was cleared after 14ms"}
{"t":"2026-09-26T07:28:16.363Z","type":"debug","text":"JSHandle@symbol JSHandle@symbol \"Setting the current frame to 745\" handle was cleared after 0ms"}
{"t":"2026-09-26T07:28:16.391Z","type":"debug","text":"JSHandle@symbol JSHandle@symbol \"Setting the current frame to 746\" handle was cleared after 1ms"}
{"t":"2026-09-26T07:28:16.425Z","type":"debug","text":"JSHandle@symbol JSHandle@symbol \"Setting the current frame to 747\" handle was cleared after 1ms"}
{"t":"2026-09-26T07:28:16.458Z","type":"debug","text":"JSHandle@symbol JSHandle@symbol \"Setting the current frame to 748\" handle was cleared after 1ms"}
{"t":"2026-09-26T07:28:16.491Z","type":"debug","text":"JSHandle@symbol JSHandle@symbol \"Setting the current frame to 749\" handle was cleared after 1ms"}
{"t":"2026-09-26T07:28:16.525Z","type":"debug","text":"JSHandle@symbol JSHandle@symbol \"Setting the current frame to 750\" handle was cleared after 0ms"}
{"t":"2026-09-26T07:28:16.558Z","type":"debug","text":"JSHandle@symbol JSHandle@symbol \"Setting the current frame to 751\" handle was cleared after 1ms"}
{"t":"2026-09-26T07:28:16.594Z","type":"debug","text":"JSHandle@symbol JSHandle@symbol \"Setting the current frame to 752\" handle was cleared after 0ms"}
{"t":"2026-09-26T07:28:16.625Z","type":"debug","text":"JSHandle@symbol JSHandle@symbol \"Setting the current frame to 753\" handle was cleared after 1ms"}
{"t":"2026-09-26T07:28:16.658Z","type":"debug","text":"JSHandle@symbol JSHandle@symbol \"Setting the current frame to 754\" handle was cleared after 0ms"}
{"t":"2026-09-26T07:28:16.691Z","type":"debug","text":"JSHandle@symbol JSHandle@symbol \"Setting the current frame to 755\" handle was cleared after 1ms"}
{"t":"2026-09-26T07:28:16.724Z","type":"debug","text":"JSHandle@symbol JSHandle@symbol \"Setting the current frame to 756\" handle was cleared after 1ms"}
{"t":"2026-09-26T07:28:16.757Z","type":"debug","text":"JSHandle@symbol JSHandle@symbol \"Setting the current frame to 757\" handle was cleared after 1ms"}
{"t":"2026-09-26T07:28:16.793Z","type":"debug","text":"JSHandle@symbol JSHandle@symbol \"Setting the current frame to 758\" handle was cleared after 1ms"}
{"t":"2026-09-26T07:28:16.826Z","type":"debug","text":"JSHandle@symbol JSHandle@symbol \"Setting the current frame to 759\" handle was cleared after 1ms"}
{"t":"2026-09-26T07:28:16.858Z","type":"debug","text":"JSHandle@symbol JSHandle@symbol \"Setting the current frame to 760\" handle was cleared after 1ms"}
{"t":"2026-09-26T07:28:16.891Z","type":"debug","text":"JSHandle@symbol JSHandle@symbol \"Setting the current frame to 761\" handle was cleared after 1ms"}
{"t":"2026-09-26T07:28:16.925Z","type":"debug","text":"JSHandle@symbol JSHandle@symbol \"Setting the current frame to 762\" handle was cleared after 0ms"}
{"t":"2026-09-26T07:28:16.958Z","type":"debug","text":"JSHandle@symbol JSHandle@symbol \"Setting the current frame to 763\" handle was cleared after 1ms"}
{"t":"2026-09-26T07:28:16.991Z","type":"debug","text":"JSHandle@symbol JSHandle@symbol \"Setting the current frame to 764\" handle was cleared after 1ms"}
{"t":"2026-09-26T07:28:17.024Z","type":"debug","text":"JSHandle@symbol JSHandle@symbol \"Setting the current frame to 765\" handle was cleared after 0ms"}
{"t":"2026-09-26T07:28:17.058Z","type":"debug","text":"JSHandle@symbol JSHandle@symbol \"Setting the current frame to 766\" handle was cleared after 0ms"}
{"t":"2026-09-26T07:28:17.090Z","type":"debug","text":"JSHandle@symbol JSHandle@symbol \"Setting the current frame to 767\" handle was cleared after 1ms"}
{"t":"2026-09-26T07:28:17.125Z","type":"debug","text":"JSHandle@symbol JSHandle@symbol \"Setting the current frame to 768\" handle was cleared after 1ms"}
{"t":"2026-09-26T07:28:17.158Z","type":"debug","text":"JSHandle@symbol JSHandle@symbol \"Setting the current frame to 769\" handle was cleared after 0ms"}
{"t":"2026-09-26T07:28:17.192Z","type":"debug","text":"JSHandle@symbol JSHandle@symbol \"Setting the current frame to 770\" handle was cleared after 1ms"}
{"t":"2026-09-26T07:28:17.224Z","type":"debug","text":"JSHandle@symbol JSHandle@symbol \"Setting the current frame to 771\" handle was cleared after 0ms"}
{"t":"2026-09-26T07:28:17.257Z","type":"debug","text":"JSHandle@symbol JSHandle@symbol \"Setting the current frame to 772\" handle was cleared after 1ms"}
{"t":"2026-09-26T07:28:17.293Z","type":"debug","text":"JSHandle@symbol JSHandle@symbol \"Setting the current frame to 773\" handle was cleared after 1ms"}
{"t":"2026-09-26T07:28:17.325Z","type":"debug","text":"JSHandle@symbol JSHandle@symbol \"Setting the current frame to 774\" handle was cleared after 0ms"}
{"t":"2026-09-26T07:28:17.359Z","type":"debug","text":"JSHandle@symbol JSHandle@symbol \"Setting the current frame to 775\" handle was cleared after 0ms"}
{"t":"2026-09-26T07:28:17.392Z","type":"debug","text":"JSHandle@symbol JSHandle@symbol \"Setting the current frame to 776\" handle was cleared after 1ms"}
{"t":"2026-09-26T07:28:17.425Z","type":"debug","text":"JSHandle@symbol JSHandle@symbol \"Setting the current frame to 777\" handle was cleared after 0ms"}
{"t":"2026-09-26T07:28:17.458Z","type":"debug","text":"JSHandle@symbol JSHandle@symbol \"Setting the current frame to 778\" handle was cleared after 0ms"}
{"t":"2026-09-26T07:28:17.491Z","type":"debug","text":"JSHandle@symbol JSHandle@symbol \"Setting the current frame to 779\" handle was cleared after 0ms"}
{"t":"2026-09-26T07:28:17.528Z","type":"debug","text":"JSHandle@symbol JSHandle@symbol \"Setting the current frame to 780\" handle was cleared after 1ms"}
{"t":"2026-09-26T07:28:17.558Z","type":"debug","text":"JSHandle@symbol JSHandle@symbol \"Setting the current frame to 781\" handle was cleared after 1ms"}
{"t":"2026-09-26T07:28:17.594Z","type":"debug","text":"JSHandle@symbol JSHandle@symbol \"Setting the current frame to 782\" handle was cleared after 1ms"}
{"t":"2026-09-26T07:28:17.627Z","type":"debug","text":"JSHandle@symbol JSHandle@symbol \"Setting the current frame to 783\" handle was cleared after 0ms"}
{"t":"2026-09-26T07:28:17.668Z","type":"debug","text":"JSHandle@symbol JSHandle@symbol \"Setting the current frame to 784\" handle was cleared after 0ms"}
{"t":"2026-09-26T07:28:17.696Z","type":"debug","text":"JSHandle@symbol JSHandle@symbol \"Setting the current frame to 785\" handle was cleared after 1ms"}
{"t":"2026-09-26T07:28:17.736Z","type":"debug","text":"JSHandle@symbol JSHandle@symbol \"Setting the current frame to 786\" handle was cleared after 6ms"}
{"t":"2026-09-26T07:28:17.759Z","type":"debug","text":"JSHandle@symbol JSHandle@symbol \"Setting the current frame to 787\" handle was cleared after 1ms"}
{"t":"2026-09-26T07:28:17.803Z","type":"debug","text":"JSHandle@symbol JSHandle@symbol \"Setting the current frame to 788\" handle was cleared after 11ms"}
{"t":"2026-09-26T07:28:17.826Z","type":"debug","text":"JSHandle@symbol JSHandle@symbol \"Setting the current frame to 789\" handle was cleared after 0ms"}
{"t":"2026-09-26T07:28:17.869Z","type":"debug","text":"JSHandle@symbol JSHandle@symbol \"Setting the current frame to 790\" handle was cleared after 12ms"}
{"t":"2026-09-26T07:28:17.893Z","type":"debug","text":"JSHandle@symbol JSHandle@symbol \"Setting the current frame to 791\" handle was cleared after 0ms"}
{"t":"2026-09-26T07:28:17.936Z","type":"debug","text":"JSHandle@symbol JSHandle@symbol \"Setting the current frame to 792\" handle was cleared after 10ms"}
{"t":"2026-09-26T07:28:17.961Z","type":"debug","text":"JSHandle@symbol JSHandle@symbol \"Setting the current frame to 793\" handle was cleared after 0ms"}
{"t":"2026-09-26T07:28:18.002Z","type":"debug","text":"JSHandle@symbol JSHandle@symbol \"Setting the current frame to 794\" handle was cleared after 10ms"}
{"t":"2026-09-26T07:28:18.027Z","type":"debug","text":"JSHandle@symbol JSHandle@symbol \"Setting the current frame to 795\" handle was cleared after 0ms"}
{"t":"2026-09-26T07:28:18.071Z","type":"debug","text":"JSHandle@symbol JSHandle@symbol \"Setting the current frame to 796\" handle was cleared after 9ms"}
{"t":"2026-09-26T07:28:18.099Z","type":"debug","text":"JSHandle@symbol JSHandle@symbol \"Setting the current frame to 797\" handle was cleared after 1ms"}
{"t":"2026-09-26T07:28:18.136Z","type":"debug","text":"JSHandle@symbol JSHandle@symbol \"Setting the current frame to 798\" handle was cleared after 10ms"}
{"t":"2026-09-26T07:28:18.158Z","type":"debug","text":"JSHandle@symbol JSHandle@symbol \"Setting the current frame to 799\" handle was cleared after 1ms"}
{"t":"2026-09-26T07:28:18.202Z","type":"debug","text":"JSHandle@symbol JSHandle@symbol \"Setting the current frame to 800\" handle was cleared after 9ms"}
{"t":"2026-09-26T07:28:18.225Z","type":"debug","text":"JSHandle@symbol JSHandle@symbol \"Setting the current frame to 801\" handle was cleared after 0ms"}
{"t":"2026-09-26T07:28:18.271Z","type":"debug","text":"JSHandle@symbol JSHandle@symbol \"Setting the current frame to 802\" handle was cleared after 11ms"}
{"t":"2026-09-26T07:28:18.293Z","type":"debug","text":"JSHandle@symbol JSHandle@symbol \"Setting the current frame to 803\" handle was cleared after 1ms"}
{"t":"2026-09-26T07:28:18.336Z","type":"debug","text":"JSHandle@symbol JSHandle@symbol \"Setting the current frame to 804\" handle was cleared after 10ms"}
{"t":"2026-09-26T07:28:18.359Z","type":"debug","text":"JSHandle@symbol JSHandle@symbol \"Setting the current frame to 805\" handle was cleared after 0ms"}
{"t":"2026-09-26T07:28:18.403Z","type":"debug","text":"JSHandle@symbol JSHandle@symbol \"Setting the current frame to 806\" handle was cleared after 11ms"}
{"t":"2026-09-26T07:28:18.427Z","type":"debug","text":"JSHandle@symbol JSHandle@symbol \"Setting the current frame to 807\" handle was cleared after 1ms"}
{"t":"2026-09-26T07:28:18.469Z","type":"debug","text":"JSHandle@symbol JSHandle@symbol \"Setting the current frame to 808\" handle was cleared after 9ms"}
{"t":"2026-09-26T07:28:18.492Z","type":"debug","text":"JSHandle@symbol JSHandle@symbol \"Setting the current frame to 809\" handle was cleared after 1ms"}
{"t":"2026-09-26T07:28:18.536Z","type":"debug","text":"JSHandle@symbol JSHandle@symbol \"Setting the current frame to 810\" handle was cleared after 12ms"}
{"t":"2026-09-26T07:28:18.559Z","type":"debug","text":"JSHandle@symbol JSHandle@symbol \"Setting the current frame to 811\" handle was cleared after 1ms"}
{"t":"2026-09-26T07:28:18.603Z","type":"debug","text":"JSHandle@symbol JSHandle@symbol \"Setting the current frame to 812\" handle was cleared after 12ms"}
{"t":"2026-09-26T07:28:18.625Z","type":"debug","text":"JSHandle@symbol JSHandle@symbol \"Setting the current frame to 813\" handle was cleared after 1ms"}
{"t":"2026-09-26T07:28:18.669Z","type":"debug","text":"JSHandle@symbol JSHandle@symbol \"Setting the current frame to 814\" handle was cleared after 12ms"}
{"t":"2026-09-26T07:28:18.692Z","type":"debug","text":"JSHandle@symbol JSHandle@symbol \"Setting the current frame to 815\" handle was cleared after 0ms"}
{"t":"2026-09-26T07:28:18.736Z","type":"debug","text":"JSHandle@symbol JSHandle@symbol \"Setting the current frame to 816\" handle was cleared after 13ms"}
{"t":"2026-09-26T07:28:18.760Z","type":"debug","text":"JSHandle@symbol JSHandle@symbol \"Setting the current frame to 817\" handle was cleared after 0ms"}
{"t":"2026-09-26T07:28:18.803Z","type":"debug","text":"JSHandle@symbol JSHandle@symbol \"Setting the current frame to 818\" handle was cleared after 11ms"}
{"t":"2026-09-26T07:28:18.825Z","type":"debug","text":"JSHandle@symbol JSHandle@symbol \"Setting the current frame to 819\" handle was cleared after 0ms"}
{"t":"2026-09-26T07:28:18.869Z","type":"debug","text":"JSHandle@symbol JSHandle@symbol \"Setting the current frame to 820\" handle was cleared after 11ms"}
{"t":"2026-09-26T07:28:18.891Z","type":"debug","text":"JSHandle@symbol JSHandle@symbol \"Setting the current frame to 821\" handle was cleared after 1ms"}
{"t":"2026-09-26T07:28:18.937Z","type":"debug","text":"JSHandle@symbol JSHandle@symbol \"Setting the current frame to 822\" handle was cleared after 13ms"}
{"t":"2026-09-26T07:28:18.959Z","type":"debug","text":"JSHandle@symbol JSHandle@symbol \"Setting the current frame to 823\" handle was cleared after 1ms"}
{"t":"2026-09-26T07:28:19.003Z","type":"debug","text":"JSHandle@symbol JSHandle@symbol \"Setting the current frame to 824\" handle was cleared after 12ms"}
{"t":"2026-09-26T07:28:19.025Z","type":"debug","text":"JSHandle@symbol JSHandle@symbol \"Setting the current frame to 825\" handle was cleared after 1ms"}
{"t":"2026-09-26T07:28:19.069Z","type":"debug","text":"JSHandle@symbol JSHandle@symbol \"Setting the current frame to 826\" handle was cleared after 7ms"}
{"t":"2026-09-26T07:28:19.091Z","type":"debug","text":"JSHandle@symbol JSHandle@symbol \"Setting the current frame to 827\" handle was cleared after 1ms"}
{"t":"2026-09-26T07:28:19.137Z","type":"debug","text":"JSHandle@symbol JSHandle@symbol \"Setting the current frame to 828\" handle was cleared after 12ms"}
{"t":"2026-09-26T07:28:19.158Z","type":"debug","text":"JSHandle@symbol JSHandle@symbol \"Setting the current frame to 829\" handle was cleared after 1ms"}
{"t":"2026-09-26T07:28:19.202Z","type":"debug","text":"JSHandle@symbol JSHandle@symbol \"Setting the current frame to 830\" handle was cleared after 12ms"}
{"t":"2026-09-26T07:28:19.227Z","type":"debug","text":"JSHandle@symbol JSHandle@symbol \"Setting the current frame to 831\" handle was cleared after 1ms"}
{"t":"2026-09-26T07:28:19.270Z","type":"debug","text":"JSHandle@symbol JSHandle@symbol \"Setting the current frame to 832\" handle was cleared after 11ms"}
{"t":"2026-09-26T07:28:19.293Z","type":"debug","text":"JSHandle@symbol JSHandle@symbol \"Setting the current frame to 833\" handle was cleared after 1ms"}
{"t":"2026-09-26T07:28:19.337Z","type":"debug","text":"JSHandle@symbol JSHandle@symbol \"Setting the current frame to 834\" handle was cleared after 3ms"}
{"t":"2026-09-26T07:28:19.363Z","type":"debug","text":"JSHandle@symbol JSHandle@symbol \"Setting the current frame to 835\" handle was cleared after 1ms"}
{"t":"2026-09-26T07:28:19.404Z","type":"debug","text":"JSHandle@symbol JSHandle@symbol \"Setting the current frame to 836\" handle was cleared after 10ms"}
{"t":"2026-09-26T07:28:19.427Z","type":"debug","text":"JSHandle@symbol JSHandle@symbol \"Setting the current frame to 837\" handle was cleared after 1ms"}
{"t":"2026-09-26T07:28:19.469Z","type":"debug","text":"JSHandle@symbol JSHandle@symbol \"Setting the current frame to 838\" handle was cleared after 10ms"}
{"t":"2026-09-26T07:28:19.492Z","type":"debug","text":"JSHandle@symbol JSHandle@symbol \"Setting the current frame to 839\" handle was cleared after 0ms"}
{"t":"2026-09-26T07:28:19.536Z","type":"debug","text":"JSHandle@symbol JSHandle@symbol \"Setting the current frame to 840\" handle was cleared after 11ms"}
{"t":"2026-09-26T07:28:19.558Z","type":"debug","text":"JSHandle@symbol JSHandle@symbol \"Setting the current frame to 841\" handle was cleared after 1ms"}
{"t":"2026-09-26T07:28:19.603Z","type":"debug","text":"JSHandle@symbol JSHandle@symbol \"Setting the current frame to 842\" handle was cleared after 11ms"}
{"t":"2026-09-26T07:28:19.625Z","type":"debug","text":"JSHandle@symbol JSHandle@symbol \"Setting the current frame to 843\" handle was cleared after 0ms"}
{"t":"2026-09-26T07:28:19.669Z","type":"debug","text":"JSHandle@symbol JSHandle@symbol \"Setting the current frame to 844\" handle was cleared after 12ms"}
{"t":"2026-09-26T07:28:19.693Z","type":"debug","text":"JSHandle@symbol JSHandle@symbol \"Setting the current frame to 845\" handle was cleared after 1ms"}
{"t":"2026-09-26T07:28:19.736Z","type":"debug","text":"JSHandle@symbol JSHandle@symbol \"Setting the current frame to 846\" handle was cleared after 9ms"}
{"t":"2026-09-26T07:28:19.759Z","type":"debug","text":"JSHandle@symbol JSHandle@symbol \"Setting the current frame to 847\" handle was cleared after 0ms"}
{"t":"2026-09-26T07:28:19.802Z","type":"debug","text":"JSHandle@symbol JSHandle@symbol \"Setting the current frame to 848\" handle was cleared after 12ms"}
{"t":"2026-09-26T07:28:19.825Z","type":"debug","text":"JSHandle@symbol JSHandle@symbol \"Setting the current frame to 849\" handle was cleared after 0ms"}
{"t":"2026-09-26T07:28:19.869Z","type":"debug","text":"JSHandle@symbol JSHandle@symbol \"Setting the current frame to 850\" handle was cleared after 12ms"}
{"t":"2026-09-26T07:28:19.894Z","type":"debug","text":"JSHandle@symbol JSHandle@symbol \"Setting the current frame to 851\" handle was cleared after 0ms"}
{"t":"2026-09-26T07:28:19.936Z","type":"debug","text":"JSHandle@symbol JSHandle@symbol \"Setting the current frame to 852\" handle was cleared after 10ms"}
{"t":"2026-09-26T07:28:19.959Z","type":"debug","text":"JSHandle@symbol JSHandle@symbol \"Setting the current frame to 853\" handle was cleared after 0ms"}
{"t":"2026-09-26T07:28:20.002Z","type":"debug","text":"JSHandle@symbol JSHandle@symbol \"Setting the current frame to 854\" handle was cleared after 12ms"}
{"t":"2026-09-26T07:28:20.024Z","type":"debug","text":"JSHandle@symbol JSHandle@symbol \"Setting the current frame to 855\" handle was cleared after 1ms"}
{"t":"2026-09-26T07:28:20.070Z","type":"debug","text":"JSHandle@symbol JSHandle@symbol \"Setting the current frame to 856\" handle was cleared after 13ms"}
{"t":"2026-09-26T07:28:20.095Z","type":"debug","text":"JSHandle@symbol JSHandle@symbol \"Setting the current frame to 857\" handle was cleared after 0ms"}
{"t":"2026-09-26T07:28:20.136Z","type":"debug","text":"JSHandle@symbol JSHandle@symbol \"Setting the current frame to 858\" handle was cleared after 10ms"}
{"t":"2026-09-26T07:28:20.158Z","type":"debug","text":"JSHandle@symbol JSHandle@symbol \"Setting the current frame to 859\" handle was cleared after 1ms"}
{"t":"2026-09-26T07:28:20.203Z","type":"debug","text":"JSHandle@symbol JSHandle@symbol \"Setting the current frame to 860\" handle was cleared after 11ms"}
{"t":"2026-09-26T07:28:20.227Z","type":"debug","text":"JSHandle@symbol JSHandle@symbol \"Setting the current frame to 861\" handle was cleared after 1ms"}
{"t":"2026-09-26T07:28:20.269Z","type":"debug","text":"JSHandle@symbol JSHandle@symbol \"Setting the current frame to 862\" handle was cleared after 10ms"}
{"t":"2026-09-26T07:28:20.293Z","type":"debug","text":"JSHandle@symbol JSHandle@symbol \"Setting the current frame to 863\" handle was cleared after 0ms"}
{"t":"2026-09-26T07:28:20.336Z","type":"debug","text":"JSHandle@symbol JSHandle@symbol \"Setting the current frame to 864\" handle was cleared after 11ms"}
{"t":"2026-09-26T07:28:20.358Z","type":"debug","text":"JSHandle@symbol JSHandle@symbol \"Setting the current frame to 865\" handle was cleared after 0ms"}
{"t":"2026-09-26T07:28:20.403Z","type":"debug","text":"JSHandle@symbol JSHandle@symbol \"Setting the current frame to 866\" handle was cleared after 12ms"}
{"t":"2026-09-26T07:28:20.425Z","type":"debug","text":"JSHandle@symbol JSHandle@symbol \"Setting the current frame to 867\" handle was cleared after 1ms"}
{"t":"2026-09-26T07:28:20.469Z","type":"debug","text":"JSHandle@symbol JSHandle@symbol \"Setting the current frame to 868\" handle was cleared after 12ms"}
{"t":"2026-09-26T07:28:20.491Z","type":"debug","text":"JSHandle@symbol JSHandle@symbol \"Setting the current frame to 869\" handle was cleared after 1ms"}
{"t":"2026-09-26T07:28:20.537Z","type":"debug","text":"JSHandle@symbol JSHandle@symbol \"Setting the current frame to 870\" handle was cleared after 13ms"}
{"t":"2026-09-26T07:28:20.562Z","type":"debug","text":"JSHandle@symbol JSHandle@symbol \"Setting the current frame to 871\" handle was cleared after 1ms"}
{"t":"2026-09-26T07:28:20.602Z","type":"debug","text":"JSHandle@symbol JSHandle@symbol \"Setting the current frame to 872\" handle was cleared after 9ms"}
{"t":"2026-09-26T07:28:20.625Z","type":"debug","text":"JSHandle@symbol JSHandle@symbol \"Setting the current frame to 873\" handle was cleared after 0ms"}
{"t":"2026-09-26T07:28:20.669Z","type":"debug","text":"JSHandle@symbol JSHandle@symbol \"Setting the current frame to 874\" handle was cleared after 10ms"}
{"t":"2026-09-26T07:28:20.691Z","type":"debug","text":"JSHandle@symbol JSHandle@symbol \"Setting the current frame to 875\" handle was cleared after 1ms"}
{"t":"2026-09-26T07:28:20.736Z","type":"debug","text":"JSHandle@symbol JSHandle@symbol \"Setting the current frame to 876\" handle was cleared after 10ms"}
{"t":"2026-09-26T07:28:20.759Z","type":"debug","text":"JSHandle@symbol JSHandle@symbol \"Setting the current frame to 877\" handle was cleared after 0ms"}
{"t":"2026-09-26T07:28:20.803Z","type":"debug","text":"JSHandle@symbol JSHandle@symbol \"Setting the current frame to 878\" handle was cleared after 9ms"}
{"t":"2026-09-26T07:28:20.825Z","type":"debug","text":"JSHandle@symbol JSHandle@symbol \"Setting the current frame to 879\" handle was cleared after 0ms"}
{"t":"2026-09-26T07:28:20.869Z","type":"debug","text":"JSHandle@symbol JSHandle@symbol \"Setting the current frame to 880\" handle was cleared after 11ms"}
{"t":"2026-09-26T07:28:20.891Z","type":"debug","text":"JSHandle@symbol JSHandle@symbol \"Setting the current frame to 881\" handle was cleared after 0ms"}
{"t":"2026-09-26T07:28:20.936Z","type":"debug","text":"JSHandle@symbol JSHandle@symbol \"Setting the current frame to 882\" handle was cleared after 11ms"}
{"t":"2026-09-26T07:28:20.959Z","type":"debug","text":"JSHandle@symbol JSHandle@symbol \"Setting the current frame to 883\" handle was cleared after 1ms"}
{"t":"2026-09-26T07:28:21.003Z","type":"debug","text":"JSHandle@symbol JSHandle@symbol \"Setting the current frame to 884\" handle was cleared after 11ms"}
{"t":"2026-09-26T07:28:21.026Z","type":"debug","text":"JSHandle@symbol JSHandle@symbol \"Setting the current frame to 885\" handle was cleared after 0ms"}
{"t":"2026-09-26T07:28:21.070Z","type":"debug","text":"JSHandle@symbol JSHandle@symbol \"Setting the current frame to 886\" handle was cleared after 12ms"}
{"t":"2026-09-26T07:28:21.092Z","type":"debug","text":"JSHandle@symbol JSHandle@symbol \"Setting the current frame to 887\" handle was cleared after 1ms"}
{"t":"2026-09-26T07:28:21.136Z","type":"debug","text":"JSHandle@symbol JSHandle@symbol \"Setting the current frame to 888\" handle was cleared after 12ms"}
{"t":"2026-09-26T07:28:21.158Z","type":"debug","text":"JSHandle@symbol JSHandle@symbol \"Setting the current frame to 889\" handle was cleared after 0ms"}
{"t":"2026-09-26T07:28:21.202Z","type":"debug","text":"JSHandle@symbol JSHandle@symbol \"Setting the current frame to 890\" handle was cleared after 12ms"}
{"t":"2026-09-26T07:28:21.224Z","type":"debug","text":"JSHandle@symbol JSHandle@symbol \"Setting the current frame to 891\" handle was cleared after 1ms"}
{"t":"2026-09-26T07:28:21.269Z","type":"debug","text":"JSHandle@symbol JSHandle@symbol \"Setting the current frame to 892\" handle was cleared after 11ms"}
{"t":"2026-09-26T07:28:21.292Z","type":"debug","text":"JSHandle@symbol JSHandle@symbol \"Setting the current frame to 893\" handle was cleared after 1ms"}
{"t":"2026-09-26T07:28:21.337Z","type":"debug","text":"JSHandle@symbol JSHandle@symbol \"Setting the current frame to 894\" handle was cleared after 12ms"}
{"t":"2026-09-26T07:28:21.360Z","type":"debug","text":"JSHandle@symbol JSHandle@symbol \"Setting the current frame to 895\" handle was cleared after 1ms"}
{"t":"2026-09-26T07:28:21.403Z","type":"debug","text":"JSHandle@symbol JSHandle@symbol \"Setting the current frame to 896\" handle was cleared after 9ms"}
{"t":"2026-09-26T07:28:21.425Z","type":"debug","text":"JSHandle@symbol JSHandle@symbol \"Setting the current frame to 897\" handle was cleared after 0ms"}
{"t":"2026-09-26T07:28:21.470Z","type":"debug","text":"JSHandle@symbol JSHandle@symbol \"Setting the current frame to 898\" handle was cleared after 12ms"}
{"t":"2026-09-26T07:28:21.492Z","type":"debug","text":"JSHandle@symbol JSHandle@symbol \"Setting the current frame to 899\" handle was cleared after 0ms"}
{"t":"2026-09-26T07:28:21.536Z","type":"debug","text":"JSHandle@symbol JSHandle@symbol \"Setting the current frame to 900\" handle was cleared after 12ms"}
{"t":"2026-09-26T07:28:21.559Z","type":"debug","text":"JSHandle@symbol JSHandle@symbol \"Setting the current frame to 901\" handle was cleared after 0ms"}
{"t":"2026-09-26T07:28:21.602Z","type":"debug","text":"JSHandle@symbol JSHandle@symbol \"Setting the current frame to 902\" handle was cleared after 10ms"}
{"t":"2026-09-26T07:28:21.625Z","type":"debug","text":"JSHandle@symbol JSHandle@symbol \"Setting the current frame to 903\" handle was cleared after 0ms"}
{"t":"2026-09-26T07:28:21.669Z","type":"debug","text":"JSHandle@symbol JSHandle@symbol \"Setting the current frame to 904\" handle was cleared after 12ms"}
{"t":"2026-09-26T07:28:21.693Z","type":"debug","text":"JSHandle@symbol JSHandle@symbol \"Setting the current frame to 905\" handle was cleared after 0ms"}
{"t":"2026-09-26T07:28:21.736Z","type":"debug","text":"JSHandle@symbol JSHandle@symbol \"Setting the current frame to 906\" handle was cleared after 12ms"}
{"t":"2026-09-26T07:28:21.758Z","type":"debug","text":"JSHandle@symbol JSHandle@symbol \"Setting the current frame to 907\" handle was cleared after 1ms"}
{"t":"2026-09-26T07:28:21.803Z","type":"debug","text":"JSHandle@symbol JSHandle@symbol \"Setting the current frame to 908\" handle was cleared after 12ms"}
{"t":"2026-09-26T07:28:21.825Z","type":"debug","text":"JSHandle@symbol JSHandle@symbol \"Setting the current frame to 909\" handle was cleared after 1ms"}
{"t":"2026-09-26T07:28:21.869Z","type":"debug","text":"JSHandle@symbol JSHandle@symbol \"Setting the current frame to 910\" handle was cleared after 12ms"}
{"t":"2026-09-26T07:28:21.894Z","type":"debug","text":"JSHandle@symbol JSHandle@symbol \"Setting the current frame to 911\" handle was cleared after 1ms"}
{"t":"2026-09-26T07:28:21.936Z","type":"debug","text":"JSHandle@symbol JSHandle@symbol \"Setting the current frame to 912\" handle was cleared after 11ms"}
{"t":"2026-09-26T07:28:21.959Z","type":"debug","text":"JSHandle@symbol JSHandle@symbol \"Setting the current frame to 913\" handle was cleared after 0ms"}
{"t":"2026-09-26T07:28:22.002Z","type":"debug","text":"JSHandle@symbol JSHandle@symbol \"Setting the current frame to 914\" handle was cleared after 12ms"}
{"t":"2026-09-26T07:28:22.025Z","type":"debug","text":"JSHandle@symbol JSHandle@symbol \"Setting the current frame to 915\" handle was cleared after 0ms"}
{"t":"2026-09-26T07:28:22.070Z","type":"debug","text":"JSHandle@symbol JSHandle@symbol \"Setting the current frame to 916\" handle was cleared after 12ms"}
{"t":"2026-09-26T07:28:22.092Z","type":"debug","text":"JSHandle@symbol JSHandle@symbol \"Setting the current frame to 917\" handle was cleared after 0ms"}
{"t":"2026-09-26T07:28:22.136Z","type":"debug","text":"JSHandle@symbol JSHandle@symbol \"Setting the current frame to 918\" handle was cleared after 12ms"}
{"t":"2026-09-26T07:28:22.158Z","type":"debug","text":"JSHandle@symbol JSHandle@symbol \"Setting the current frame to 919\" handle was cleared after 1ms"}
{"t":"2026-09-26T07:28:22.202Z","type":"debug","text":"JSHandle@symbol JSHandle@symbol \"Setting the current frame to 920\" handle was cleared after 9ms"}
{"t":"2026-09-26T07:28:22.227Z","type":"debug","text":"JSHandle@symbol JSHandle@symbol \"Setting the current frame to 921\" handle was cleared after 1ms"}
{"t":"2026-09-26T07:28:22.269Z","type":"debug","text":"JSHandle@symbol JSHandle@symbol \"Setting the current frame to 922\" handle was cleared after 11ms"}
{"t":"2026-09-26T07:28:22.292Z","type":"debug","text":"JSHandle@symbol JSHandle@symbol \"Setting the current frame to 923\" handle was cleared after 1ms"}
{"t":"2026-09-26T07:28:22.336Z","type":"debug","text":"JSHandle@symbol JSHandle@symbol \"Setting the current frame to 924\" handle was cleared after 11ms"}
{"t":"2026-09-26T07:28:22.359Z","type":"debug","text":"JSHandle@symbol JSHandle@symbol \"Setting the current frame to 925\" handle was cleared after 0ms"}
{"t":"2026-09-26T07:28:22.403Z","type":"debug","text":"JSHandle@symbol JSHandle@symbol \"Setting the current frame to 926\" handle was cleared after 12ms"}
{"t":"2026-09-26T07:28:22.425Z","type":"debug","text":"JSHandle@symbol JSHandle@symbol \"Setting the current frame to 927\" handle was cleared after 1ms"}
{"t":"2026-09-26T07:28:22.469Z","type":"debug","text":"JSHandle@symbol JSHandle@symbol \"Setting the current frame to 928\" handle was cleared after 11ms"}
{"t":"2026-09-26T07:28:22.491Z","type":"debug","text":"JSHandle@symbol JSHandle@symbol \"Setting the current frame to 929\" handle was cleared after 0ms"}
{"t":"2026-09-26T07:28:22.536Z","type":"debug","text":"JSHandle@symbol JSHandle@symbol \"Setting the current frame to 930\" handle was cleared after 11ms"}
{"t":"2026-09-26T07:28:22.559Z","type":"debug","text":"JSHandle@symbol JSHandle@symbol \"Setting the current frame to 931\" handle was cleared after 0ms"}
{"t":"2026-09-26T07:28:22.602Z","type":"debug","text":"JSHandle@symbol JSHandle@symbol \"Setting the current frame to 932\" handle was cleared after 11ms"}
{"t":"2026-09-26T07:28:22.624Z","type":"debug","text":"JSHandle@symbol JSHandle@symbol \"Setting the current frame to 933\" handle was cleared after 1ms"}
{"t":"2026-09-26T07:28:22.669Z","type":"debug","text":"JSHandle@symbol JSHandle@symbol \"Setting the current frame to 934\" handle was cleared after 9ms"}
{"t":"2026-09-26T07:28:22.692Z","type":"debug","text":"JSHandle@symbol JSHandle@symbol \"Setting the current frame to 935\" handle was cleared after 1ms"}
{"t":"2026-09-26T07:28:22.735Z","type":"debug","text":"JSHandle@symbol JSHandle@symbol \"Setting the current frame to 936\" handle was cleared after 10ms"}
{"t":"2026-09-26T07:28:22.757Z","type":"debug","text":"JSHandle@symbol JSHandle@symbol \"Setting the current frame to 937\" handle was cleared after 1ms"}
{"t":"2026-09-26T07:28:22.802Z","type":"debug","text":"JSHandle@symbol JSHandle@symbol \"Setting the current frame to 938\" handle was cleared after 9ms"}
{"t":"2026-09-26T07:28:22.825Z","type":"debug","text":"JSHandle@symbol JSHandle@symbol \"Setting the current frame to 939\" handle was cleared after 0ms"}
{"t":"2026-09-26T07:28:22.869Z","type":"debug","text":"JSHandle@symbol JSHandle@symbol \"Setting the current frame to 940\" handle was cleared after 12ms"}
{"t":"2026-09-26T07:28:22.894Z","type":"debug","text":"JSHandle@symbol JSHandle@symbol \"Setting the current frame to 941\" handle was cleared after 0ms"}
{"t":"2026-09-26T07:28:22.936Z","type":"debug","text":"JSHandle@symbol JSHandle@symbol \"Setting the current frame to 942\" handle was cleared after 9ms"}
{"t":"2026-09-26T07:28:22.967Z","type":"debug","text":"JSHandle@symbol JSHandle@symbol \"Setting the current frame to 943\" handle was cleared after 0ms"}
{"t":"2026-09-26T07:28:23.003Z","type":"debug","text":"JSHandle@symbol JSHandle@symbol \"Setting the current frame to 944\" handle was cleared after 7ms"}
{"t":"2026-09-26T07:28:23.026Z","type":"debug","text":"JSHandle@symbol JSHandle@symbol \"Setting the current frame to 945\" handle was cleared after 1ms"}
{"t":"2026-09-26T07:28:23.070Z","type":"debug","text":"JSHandle@symbol JSHandle@symbol \"Setting the current frame to 946\" handle was cleared after 10ms"}
{"t":"2026-09-26T07:28:23.092Z","type":"debug","text":"JSHandle@symbol JSHandle@symbol \"Setting the current frame to 947\" handle was cleared after 1ms"}
{"t":"2026-09-26T07:28:23.136Z","type":"debug","text":"JSHandle@symbol JSHandle@symbol \"Setting the current frame to 948\" handle was cleared after 9ms"}
{"t":"2026-09-26T07:28:23.158Z","type":"debug","text":"JSHandle@symbol JSHandle@symbol \"Setting the current frame to 949\" handle was cleared after 0ms"}
{"t":"2026-09-26T07:28:23.202Z","type":"debug","text":"JSHandle@symbol JSHandle@symbol \"Setting the current frame to 950\" handle was cleared after 10ms"}
{"t":"2026-09-26T07:28:23.226Z","type":"debug","text":"JSHandle@symbol JSHandle@symbol \"Setting the current frame to 951\" handle was cleared after 1ms"}
{"t":"2026-09-26T07:28:23.270Z","type":"debug","text":"JSHandle@symbol JSHandle@symbol \"Setting the current frame to 952\" handle was cleared after 7ms"}
{"t":"2026-09-26T07:28:23.294Z","type":"debug","text":"JSHandle@symbol JSHandle@symbol \"Setting the current frame to 953\" handle was cleared after 1ms"}
{"t":"2026-09-26T07:28:23.336Z","type":"debug","text":"JSHandle@symbol JSHandle@symbol \"Setting the current frame to 954\" handle was cleared after 11ms"}
{"t":"2026-09-26T07:28:23.361Z","type":"debug","text":"JSHandle@symbol JSHandle@symbol \"Setting the current frame to 955\" handle was cleared after 0ms"}
{"t":"2026-09-26T07:28:23.403Z","type":"debug","text":"JSHandle@symbol JSHandle@symbol \"Setting the current frame to 956\" handle was cleared after 5ms"}
{"t":"2026-09-26T07:28:23.426Z","type":"debug","text":"JSHandle@symbol JSHandle@symbol \"Setting the current frame to 957\" handle was cleared after 1ms"}
{"t":"2026-09-26T07:28:23.469Z","type":"debug","text":"JSHandle@symbol JSHandle@symbol \"Setting the current frame to 958\" handle was cleared after 9ms"}
{"t":"2026-09-26T07:28:23.491Z","type":"debug","text":"JSHandle@symbol JSHandle@symbol \"Setting the current frame to 959\" handle was cleared after 1ms"}
{"t":"2026-09-26T07:28:23.535Z","type":"debug","text":"JSHandle@symbol JSHandle@symbol \"Setting the current frame to 960\" handle was cleared after 12ms"}
{"t":"2026-09-26T07:28:23.557Z","type":"debug","text":"JSHandle@symbol JSHandle@symbol \"Setting the current frame to 961\" handle was cleared after 0ms"}
{"t":"2026-09-26T07:28:23.603Z","type":"debug","text":"JSHandle@symbol JSHandle@symbol \"Setting the current frame to 962\" handle was cleared after 11ms"}
{"t":"2026-09-26T07:28:23.625Z","type":"debug","text":"JSHandle@symbol JSHandle@symbol \"Setting the current frame to 963\" handle was cleared after 1ms"}
{"t":"2026-09-26T07:28:23.669Z","type":"debug","text":"JSHandle@symbol JSHandle@symbol \"Setting the current frame to 964\" handle was cleared after 11ms"}
{"t":"2026-09-26T07:28:23.692Z","type":"debug","text":"JSHandle@symbol JSHandle@symbol \"Setting the current frame to 965\" handle was cleared after 0ms"}
{"t":"2026-09-26T07:28:23.735Z","type":"debug","text":"JSHandle@symbol JSHandle@symbol \"Setting the current frame to 966\" handle was cleared after 9ms"}
{"t":"2026-09-26T07:28:23.758Z","type":"debug","text":"JSHandle@symbol JSHandle@symbol \"Setting the current frame to 967\" handle was cleared after 0ms"}
{"t":"2026-09-26T07:28:23.803Z","type":"debug","text":"JSHandle@symbol JSHandle@symbol \"Setting the current frame to 968\" handle was cleared after 11ms"}
{"t":"2026-09-26T07:28:23.827Z","type":"debug","text":"JSHandle@symbol JSHandle@symbol \"Setting the current frame to 969\" handle was cleared after 1ms"}
{"t":"2026-09-26T07:28:23.869Z","type":"debug","text":"JSHandle@symbol JSHandle@symbol \"Setting the current frame to 970\" handle was cleared after 8ms"}
{"t":"2026-09-26T07:28:23.892Z","type":"debug","text":"JSHandle@symbol JSHandle@symbol \"Setting the current frame to 971\" handle was cleared after 1ms"}
{"t":"2026-09-26T07:28:23.935Z","type":"debug","text":"JSHandle@symbol JSHandle@symbol \"Setting the current frame to 972\" handle was cleared after 12ms"}
{"t":"2026-09-26T07:28:23.958Z","type":"debug","text":"JSHandle@symbol JSHandle@symbol \"Setting the current frame to 973\" handle was cleared after 0ms"}
{"t":"2026-09-26T07:28:24.003Z","type":"debug","text":"JSHandle@symbol JSHandle@symbol \"Setting the current frame to 974\" handle was cleared after 12ms"}
{"t":"2026-09-26T07:28:24.027Z","type":"debug","text":"JSHandle@symbol JSHandle@symbol \"Setting the current frame to 975\" handle was cleared after 1ms"}
{"t":"2026-09-26T07:28:24.070Z","type":"debug","text":"JSHandle@symbol JSHandle@symbol \"Setting the current frame to 976\" handle was cleared after 9ms"}
{"t":"2026-09-26T07:28:24.094Z","type":"debug","text":"JSHandle@symbol JSHandle@symbol \"Setting the current frame to 977\" handle was cleared after 1ms"}
{"t":"2026-09-26T07:28:24.137Z","type":"debug","text":"JSHandle@symbol JSHandle@symbol \"Setting the current frame to 978\" handle was cleared after 12ms"}
{"t":"2026-09-26T07:28:24.159Z","type":"debug","text":"JSHandle@symbol JSHandle@symbol \"Setting the current frame to 979\" handle was cleared after 0ms"}
{"t":"2026-09-26T07:28:24.202Z","type":"debug","text":"JSHandle@symbol JSHandle@symbol \"Setting the current frame to 980\" handle was cleared after 11ms"}
{"t":"2026-09-26T07:28:24.224Z","type":"debug","text":"JSHandle@symbol JSHandle@symbol \"Setting the current frame to 981\" handle was cleared after 0ms"}
{"t":"2026-09-26T07:28:24.269Z","type":"debug","text":"JSHandle@symbol JSHandle@symbol \"Setting the current frame to 982\" handle was cleared after 12ms"}
{"t":"2026-09-26T07:28:24.293Z","type":"debug","text":"JSHandle@symbol JSHandle@symbol \"Setting the current frame to 983\" handle was cleared after 1ms"}
{"t":"2026-09-26T07:28:24.336Z","type":"debug","text":"JSHandle@symbol JSHandle@symbol \"Setting the current frame to 984\" handle was cleared after 12ms"}
{"t":"2026-09-26T07:28:24.357Z","type":"debug","text":"JSHandle@symbol JSHandle@symbol \"Setting the current frame to 985\" handle was cleared after 1ms"}
{"t":"2026-09-26T07:28:24.403Z","type":"debug","text":"JSHandle@symbol JSHandle@symbol \"Setting the current frame to 986\" handle was cleared after 11ms"}
{"t":"2026-09-26T07:28:24.426Z","type":"debug","text":"JSHandle@symbol JSHandle@symbol \"Setting the current frame to 987\" handle was cleared after 0ms"}
{"t":"2026-09-26T07:28:24.470Z","type":"debug","text":"JSHandle@symbol JSHandle@symbol \"Setting the current frame to 988\" handle was cleared after 13ms"}
{"t":"2026-09-26T07:28:24.491Z","type":"debug","text":"JSHandle@symbol JSHandle@symbol \"Setting the current frame to 989\" handle was cleared after 1ms"}
{"t":"2026-09-26T07:28:24.536Z","type":"debug","text":"JSHandle@symbol JSHandle@symbol \"Setting the current frame to 990\" handle was cleared after 13ms"}
{"t":"2026-09-26T07:28:24.561Z","type":"debug","text":"JSHandle@symbol JSHandle@symbol \"Setting the current frame to 991\" handle was cleared after 1ms"}
{"t":"2026-09-26T07:28:24.602Z","type":"debug","text":"JSHandle@symbol JSHandle@symbol \"Setting the current frame to 992\" handle was cleared after 12ms"}
{"t":"2026-09-26T07:28:24.627Z","type":"debug","text":"JSHandle@symbol JSHandle@symbol \"Setting the current frame to 993\" handle was cleared after 1ms"}
{"t":"2026-09-26T07:28:24.669Z","type":"debug","text":"JSHandle@symbol JSHandle@symbol \"Setting the current frame to 994\" handle was cleared after 10ms"}
{"t":"2026-09-26T07:28:24.692Z","type":"debug","text":"JSHandle@symbol JSHandle@symbol \"Setting the current frame to 995\" handle was cleared after 1ms"}
{"t":"2026-09-26T07:28:24.736Z","type":"debug","text":"JSHandle@symbol JSHandle@symbol \"Setting the current frame to 996\" handle was cleared after 11ms"}
{"t":"2026-09-26T07:28:24.759Z","type":"debug","text":"JSHandle@symbol JSHandle@symbol \"Setting the current frame to 997\" handle was cleared after 0ms"}
{"t":"2026-09-26T07:28:24.802Z","type":"debug","text":"JSHandle@symbol JSHandle@symbol \"Setting the current frame to 998\" handle was cleared after 11ms"}
{"t":"2026-09-26T07:28:24.825Z","type":"debug","text":"JSHandle@symbol JSHandle@symbol \"Setting the current frame to 999\" handle was cleared after 1ms"}
{"t":"2026-09-26T07:28:24.869Z","type":"debug","text":"JSHandle@symbol JSHandle@symbol \"Setting the current frame to 1000\" handle was cleared after 12ms"}
{"t":"2026-09-26T07:28:24.891Z","type":"debug","text":"JSHandle@symbol JSHandle@symbol \"Setting the current frame to 1001\" handle was cleared after 0ms"}
{"t":"2026-09-26T07:28:24.936Z","type":"debug","text":"JSHandle@symbol JSHandle@symbol \"Setting the current frame to 1002\" handle was cleared after 10ms"}
{"t":"2026-09-26T07:28:24.959Z","type":"debug","text":"JSHandle@symbol JSHandle@symbol \"Setting the current frame to 1003\" handle was cleared after 0ms"}
{"t":"2026-09-26T07:28:25.003Z","type":"debug","text":"JSHandle@symbol JSHandle@symbol \"Setting the current frame to 1004\" handle was cleared after 12ms"}
{"t":"2026-09-26T07:28:25.026Z","type":"debug","text":"JSHandle@symbol JSHandle@symbol \"Setting the current frame to 1005\" handle was cleared after 1ms"}
{"t":"2026-09-26T07:28:25.069Z","type":"debug","text":"JSHandle@symbol JSHandle@symbol \"Setting the current frame to 1006\" handle was cleared after 12ms"}
{"t":"2026-09-26T07:28:25.097Z","type":"debug","text":"JSHandle@symbol JSHandle@symbol \"Setting the current frame to 1007\" handle was cleared after 0ms"}
{"t":"2026-09-26T07:28:25.135Z","type":"debug","text":"JSHandle@symbol JSHandle@symbol \"Setting the current frame to 1008\" handle was cleared after 10ms"}
{"t":"2026-09-26T07:28:25.160Z","type":"debug","text":"JSHandle@symbol JSHandle@symbol \"Setting the current frame to 1009\" handle was cleared after 0ms"}
{"t":"2026-09-26T07:28:25.202Z","type":"debug","text":"JSHandle@symbol JSHandle@symbol \"Setting the current frame to 1010\" handle was cleared after 11ms"}
{"t":"2026-09-26T07:28:25.224Z","type":"debug","text":"JSHandle@symbol JSHandle@symbol \"Setting the current frame to 1011\" handle was cleared after 1ms"}
{"t":"2026-09-26T07:28:25.269Z","type":"debug","text":"JSHandle@symbol JSHandle@symbol \"Setting the current frame to 1012\" handle was cleared after 13ms"}
{"t":"2026-09-26T07:28:25.292Z","type":"debug","text":"JSHandle@symbol JSHandle@symbol \"Setting the current frame to 1013\" handle was cleared after 1ms"}
{"t":"2026-09-26T07:28:25.337Z","type":"debug","text":"JSHandle@symbol JSHandle@symbol \"Setting the current frame to 1014\" handle was cleared after 12ms"}
{"t":"2026-09-26T07:28:25.362Z","type":"debug","text":"JSHandle@symbol JSHandle@symbol \"Setting the current frame to 1015\" handle was cleared after 0ms"}
{"t":"2026-09-26T07:28:25.402Z","type":"debug","text":"JSHandle@symbol JSHandle@symbol \"Setting the current frame to 1016\" handle was cleared after 10ms"}
{"t":"2026-09-26T07:28:25.426Z","type":"debug","text":"JSHandle@symbol JSHandle@symbol \"Setting the current frame to 1017\" handle was cleared after 1ms"}
{"t":"2026-09-26T07:28:25.469Z","type":"debug","text":"JSHandle@symbol JSHandle@symbol \"Setting the current frame to 1018\" handle was cleared after 11ms"}
{"t":"2026-09-26T07:28:25.495Z","type":"debug","text":"JSHandle@symbol JSHandle@symbol \"Setting the current frame to 1019\" handle was cleared after 2ms"}
{"t":"2026-09-26T07:28:25.536Z","type":"debug","text":"JSHandle@symbol JSHandle@symbol \"Setting the current frame to 1020\" handle was cleared after 11ms"}
{"t":"2026-09-26T07:28:25.562Z","type":"debug","text":"JSHandle@symbol JSHandle@symbol \"Setting the current frame to 1021\" handle was cleared after 1ms"}
{"t":"2026-09-26T07:28:25.603Z","type":"debug","text":"JSHandle@symbol JSHandle@symbol \"Setting the current frame to 1022\" handle was cleared after 8ms"}
{"t":"2026-09-26T07:28:25.627Z","type":"debug","text":"JSHandle@symbol JSHandle@symbol \"Setting the current frame to 1023\" handle was cleared after 0ms"}
{"t":"2026-09-26T07:28:25.669Z","type":"debug","text":"JSHandle@symbol JSHandle@symbol \"Setting the current frame to 1024\" handle was cleared after 11ms"}
{"t":"2026-09-26T07:28:25.693Z","type":"debug","text":"JSHandle@symbol JSHandle@symbol \"Setting the current frame to 1025\" handle was cleared after 0ms"}
{"t":"2026-09-26T07:28:25.736Z","type":"debug","text":"JSHandle@symbol JSHandle@symbol \"Setting the current frame to 1026\" handle was cleared after 11ms"}
{"t":"2026-09-26T07:28:25.761Z","type":"debug","text":"JSHandle@symbol JSHandle@symbol \"Setting the current frame to 1027\" handle was cleared after 1ms"}
{"t":"2026-09-26T07:28:25.802Z","type":"debug","text":"JSHandle@symbol JSHandle@symbol \"Setting the current frame to 1028\" handle was cleared after 10ms"}
{"t":"2026-09-26T07:28:25.826Z","type":"debug","text":"JSHandle@symbol JSHandle@symbol \"Setting the current frame to 1029\" handle was cleared after 0ms"}
{"t":"2026-09-26T07:28:25.869Z","type":"debug","text":"JSHandle@symbol JSHandle@symbol \"Setting the current frame to 1030\" handle was cleared after 9ms"}
{"t":"2026-09-26T07:28:25.893Z","type":"debug","text":"JSHandle@symbol JSHandle@symbol \"Setting the current frame to 1031\" handle was cleared after 0ms"}
{"t":"2026-09-26T07:28:25.937Z","type":"debug","text":"JSHandle@symbol JSHandle@symbol \"Setting the current frame to 1032\" handle was cleared after 4ms"}
{"t":"2026-09-26T07:28:25.967Z","type":"debug","text":"JSHandle@symbol JSHandle@symbol \"Setting the current frame to 1033\" handle was cleared after 1ms"}
{"t":"2026-09-26T07:28:26.003Z","type":"debug","text":"JSHandle@symbol JSHandle@symbol \"Setting the current frame to 1034\" handle was cleared after 5ms"}
{"t":"2026-09-26T07:28:26.028Z","type":"debug","text":"JSHandle@symbol JSHandle@symbol \"Setting the current frame to 1035\" handle was cleared after 1ms"}
{"t":"2026-09-26T07:28:26.069Z","type":"debug","text":"JSHandle@symbol JSHandle@symbol \"Setting the current frame to 1036\" handle was cleared after 10ms"}
{"t":"2026-09-26T07:28:26.095Z","type":"debug","text":"JSHandle@symbol JSHandle@symbol \"Setting the current frame to 1037\" handle was cleared after 1ms"}
{"t":"2026-09-26T07:28:26.136Z","type":"debug","text":"JSHandle@symbol JSHandle@symbol \"Setting the current frame to 1038\" handle was cleared after 10ms"}
{"t":"2026-09-26T07:28:26.159Z","type":"debug","text":"JSHandle@symbol JSHandle@symbol \"Setting the current frame to 1039\" handle was cleared after 1ms"}
{"t":"2026-09-26T07:28:26.203Z","type":"debug","text":"JSHandle@symbol JSHandle@symbol \"Setting the current frame to 1040\" handle was cleared after 10ms"}
{"t":"2026-09-26T07:28:26.226Z","type":"debug","text":"JSHandle@symbol JSHandle@symbol \"Setting the current frame to 1041\" handle was cleared after 0ms"}
{"t":"2026-09-26T07:28:26.270Z","type":"debug","text":"JSHandle@symbol JSHandle@symbol \"Setting the current frame to 1042\" handle was cleared after 12ms"}
{"t":"2026-09-26T07:28:26.292Z","type":"debug","text":"JSHandle@symbol JSHandle@symbol \"Setting the current frame to 1043\" handle was cleared after 1ms"}
{"t":"2026-09-26T07:28:26.336Z","type":"debug","text":"JSHandle@symbol JSHandle@symbol \"Setting the current frame to 1044\" handle was cleared after 11ms"}
{"t":"2026-09-26T07:28:26.357Z","type":"debug","text":"JSHandle@symbol JSHandle@symbol \"Setting the current frame to 1045\" handle was cleared after 1ms"}
{"t":"2026-09-26T07:28:26.402Z","type":"debug","text":"JSHandle@symbol JSHandle@symbol \"Setting the current frame to 1046\" handle was cleared after 9ms"}
{"t":"2026-09-26T07:28:26.425Z","type":"debug","text":"JSHandle@symbol JSHandle@symbol \"Setting the current frame to 1047\" handle was cleared after 0ms"}
{"t":"2026-09-26T07:28:26.469Z","type":"debug","text":"JSHandle@symbol JSHandle@symbol \"Setting the current frame to 1048\" handle was cleared after 9ms"}
{"t":"2026-09-26T07:28:26.492Z","type":"debug","text":"JSHandle@symbol JSHandle@symbol \"Setting the current frame to 1049\" handle was cleared after 1ms"}
{"t":"2026-09-26T07:28:26.536Z","type":"debug","text":"JSHandle@symbol JSHandle@symbol \"Setting the current frame to 1050\" handle was cleared after 10ms"}
{"t":"2026-09-26T07:28:26.562Z","type":"debug","text":"JSHandle@symbol JSHandle@symbol \"Setting the current frame to 1051\" handle was cleared after 1ms"}
{"t":"2026-09-26T07:28:26.602Z","type":"debug","text":"JSHandle@symbol JSHandle@symbol \"Setting the current frame to 1052\" handle was cleared after 10ms"}
{"t":"2026-09-26T07:28:26.627Z","type":"debug","text":"JSHandle@symbol JSHandle@symbol \"Setting the current frame to 1053\" handle was cleared after 0ms"}
{"t":"2026-09-26T07:28:26.669Z","type":"debug","text":"JSHandle@symbol JSHandle@symbol \"Setting the current frame to 1054\" handle was cleared after 10ms"}
{"t":"2026-09-26T07:28:26.693Z","type":"debug","text":"JSHandle@symbol JSHandle@symbol \"Setting the current frame to 1055\" handle was cleared after 1ms"}
{"t":"2026-09-26T07:28:26.736Z","type":"debug","text":"JSHandle@symbol JSHandle@symbol \"Setting the current frame to 1056\" handle was cleared after 9ms"}
{"t":"2026-09-26T07:28:26.759Z","type":"debug","text":"JSHandle@symbol JSHandle@symbol \"Setting the current frame to 1057\" handle was cleared after 0ms"}
{"t":"2026-09-26T07:28:26.802Z","type":"debug","text":"JSHandle@symbol JSHandle@symbol \"Setting the current frame to 1058\" handle was cleared after 9ms"}
{"t":"2026-09-26T07:28:26.824Z","type":"debug","text":"JSHandle@symbol JSHandle@symbol \"Setting the current frame to 1059\" handle was cleared after 1ms"}
{"t":"2026-09-26T07:28:26.869Z","type":"debug","text":"JSHandle@symbol JSHandle@symbol \"Setting the current frame to 1060\" handle was cleared after 11ms"}
{"t":"2026-09-26T07:28:26.891Z","type":"debug","text":"JSHandle@symbol JSHandle@symbol \"Setting the current frame to 1061\" handle was cleared after 0ms"}
{"t":"2026-09-26T07:28:26.936Z","type":"debug","text":"JSHandle@symbol JSHandle@symbol \"Setting the current frame to 1062\" handle was cleared after 12ms"}
{"t":"2026-09-26T07:28:26.959Z","type":"debug","text":"JSHandle@symbol JSHandle@symbol \"Setting the current frame to 1063\" handle was cleared after 0ms"}
{"t":"2026-09-26T07:28:27.002Z","type":"debug","text":"JSHandle@symbol JSHandle@symbol \"Setting the current frame to 1064\" handle was cleared after 8ms"}
{"t":"2026-09-26T07:28:27.027Z","type":"debug","text":"JSHandle@symbol JSHandle@symbol \"Setting the current frame to 1065\" handle was cleared after 1ms"}
{"t":"2026-09-26T07:28:27.070Z","type":"debug","text":"JSHandle@symbol JSHandle@symbol \"Setting the current frame to 1066\" handle was cleared after 8ms"}
{"t":"2026-09-26T07:28:27.093Z","type":"debug","text":"JSHandle@symbol JSHandle@symbol \"Setting the current frame to 1067\" handle was cleared after 1ms"}
{"t":"2026-09-26T07:28:27.137Z","type":"debug","text":"JSHandle@symbol JSHandle@symbol \"Setting the current frame to 1068\" handle was cleared after 10ms"}
{"t":"2026-09-26T07:28:27.161Z","type":"debug","text":"JSHandle@symbol JSHandle@symbol \"Setting the current frame to 1069\" handle was cleared after 0ms"}
{"t":"2026-09-26T07:28:27.203Z","type":"debug","text":"JSHandle@symbol JSHandle@symbol \"Setting the current frame to 1070\" handle was cleared after 9ms"}
{"t":"2026-09-26T07:28:27.228Z","type":"debug","text":"JSHandle@symbol JSHandle@symbol \"Setting the current frame to 1071\" handle was cleared after 0ms"}
{"t":"2026-09-26T07:28:27.269Z","type":"debug","text":"JSHandle@symbol JSHandle@symbol \"Setting the current frame to 1072\" handle was cleared after 10ms"}
{"t":"2026-09-26T07:28:27.292Z","type":"debug","text":"JSHandle@symbol JSHandle@symbol \"Setting the current frame to 1073\" handle was cleared after 1ms"}
{"t":"2026-09-26T07:28:27.336Z","type":"debug","text":"JSHandle@symbol JSHandle@symbol \"Setting the current frame to 1074\" handle was cleared after 9ms"}
{"t":"2026-09-26T07:28:27.359Z","type":"debug","text":"JSHandle@symbol JSHandle@symbol \"Setting the current frame to 1075\" handle was cleared after 1ms"}
{"t":"2026-09-26T07:28:27.403Z","type":"debug","text":"JSHandle@symbol JSHandle@symbol \"Setting the current frame to 1076\" handle was cleared after 11ms"}
{"t":"2026-09-26T07:28:27.426Z","type":"debug","text":"JSHandle@symbol JSHandle@symbol \"Setting the current frame to 1077\" handle was cleared after 0ms"}
{"t":"2026-09-26T07:28:27.470Z","type":"debug","text":"JSHandle@symbol JSHandle@symbol \"Setting the current frame to 1078\" handle was cleared after 11ms"}
{"t":"2026-09-26T07:28:27.493Z","type":"debug","text":"JSHandle@symbol JSHandle@symbol \"Setting the current frame to 1079\" handle was cleared after 1ms"}
{"t":"2026-09-26T07:28:27.536Z","type":"debug","text":"JSHandle@symbol JSHandle@symbol \"Setting the current frame to 1080\" handle was cleared after 9ms"}
{"t":"2026-09-26T07:28:27.559Z","type":"debug","text":"JSHandle@symbol JSHandle@symbol \"Setting the current frame to 1081\" handle was cleared after 1ms"}
{"t":"2026-09-26T07:28:27.602Z","type":"debug","text":"JSHandle@symbol JSHandle@symbol \"Setting the current frame to 1082\" handle was cleared after 10ms"}
{"t":"2026-09-26T07:28:27.628Z","type":"debug","text":"JSHandle@symbol JSHandle@symbol \"Setting the current frame to 1083\" handle was cleared after 1ms"}
{"t":"2026-09-26T07:28:27.678Z","type":"debug","text":"JSHandle@symbol JSHandle@symbol \"Setting the current frame to 1084\" handle was cleared after 4ms"}
{"t":"2026-09-26T07:28:27.703Z","type":"debug","text":"JSHandle@symbol JSHandle@symbol \"Setting the current frame to 1085\" handle was cleared after 1ms"}
{"t":"2026-09-26T07:28:27.754Z","type":"debug","text":"JSHandle@symbol JSHandle@symbol \"Setting the current frame to 1086\" handle was cleared after 4ms"}
{"t":"2026-09-26T07:28:27.777Z","type":"debug","text":"JSHandle@symbol JSHandle@symbol \"Setting the current frame to 1087\" handle was cleared after 1ms"}
{"t":"2026-09-26T07:28:27.819Z","type":"debug","text":"JSHandle@symbol JSHandle@symbol \"Setting the current frame to 1088\" handle was cleared after 1ms"}
{"t":"2026-09-26T07:28:27.851Z","type":"debug","text":"JSHandle@symbol JSHandle@symbol \"Setting the current frame to 1089\" handle was cleared after 0ms"}
{"t":"2026-09-26T07:28:27.886Z","type":"debug","text":"JSHandle@symbol JSHandle@symbol \"Setting the current frame to 1090\" handle was cleared after 7ms"}
{"t":"2026-09-26T07:28:27.920Z","type":"debug","text":"JSHandle@symbol JSHandle@symbol \"Setting the current frame to 1091\" handle was cleared after 9ms"}
{"t":"2026-09-26T07:28:27.953Z","type":"debug","text":"JSHandle@symbol JSHandle@symbol \"Setting the current frame to 1092\" handle was cleared after 8ms"}
{"t":"2026-09-26T07:28:27.986Z","type":"debug","text":"JSHandle@symbol JSHandle@symbol \"Setting the current frame to 1093\" handle was cleared after 8ms"}
{"t":"2026-09-26T07:28:28.019Z","type":"debug","text":"JSHandle@symbol JSHandle@symbol \"Setting the current frame to 1094\" handle was cleared after 6ms"}
{"t":"2026-09-26T07:28:28.054Z","type":"debug","text":"JSHandle@symbol JSHandle@symbol \"Setting the current frame to 1095\" handle was cleared after 6ms"}
{"t":"2026-09-26T07:28:28.095Z","type":"debug","text":"JSHandle@symbol JSHandle@symbol \"Setting the current frame to 1096\" handle was cleared after 5ms"}
{"t":"2026-09-26T07:28:28.124Z","type":"debug","text":"JSHandle@symbol JSHandle@symbol \"Setting the current frame to 1097\" handle was cleared after 1ms"}
{"t":"2026-09-26T07:28:28.174Z","type":"debug","text":"JSHandle@symbol JSHandle@symbol \"Setting the current frame to 1098\" handle was cleared after 4ms"}
{"t":"2026-09-26T07:28:28.196Z","type":"debug","text":"JSHandle@symbol JSHandle@symbol \"Setting the current frame to 1099\" handle was cleared after 0ms"}
{"t":"2026-09-26T07:28:28.235Z","type":"debug","text":"JSHandle@symbol JSHandle@symbol \"Setting the current frame to 1100\" handle was cleared after 4ms"}
{"t":"2026-09-26T07:28:28.262Z","type":"debug","text":"JSHandle@symbol JSHandle@symbol \"Setting the current frame to 1101\" handle was cleared after 1ms"}
{"t":"2026-09-26T07:28:28.304Z","type":"debug","text":"JSHandle@symbol JSHandle@symbol \"Setting the current frame to 1102\" handle was cleared after 1ms"}
{"t":"2026-09-26T07:28:28.336Z","type":"debug","text":"JSHandle@symbol JSHandle@symbol \"Setting the current frame to 1103\" handle was cleared after 1ms"}
{"t":"2026-09-26T07:28:28.370Z","type":"debug","text":"JSHandle@symbol JSHandle@symbol \"Setting the current frame to 1104\" handle was cleared after 3ms"}
{"t":"2026-09-26T07:28:28.403Z","type":"debug","text":"JSHandle@symbol JSHandle@symbol \"Setting the current frame to 1105\" handle was cleared after 4ms"}
{"t":"2026-09-26T07:28:28.435Z","type":"debug","text":"JSHandle@symbol JSHandle@symbol \"Setting the current frame to 1106\" handle was cleared after 3ms"}
{"t":"2026-09-26T07:28:28.470Z","type":"debug","text":"JSHandle@symbol JSHandle@symbol \"Setting the current frame to 1107\" handle was cleared after 4ms"}
{"t":"2026-09-26T07:28:28.504Z","type":"debug","text":"JSHandle@symbol JSHandle@symbol \"Setting the current frame to 1108\" handle was cleared after 4ms"}
{"t":"2026-09-26T07:28:28.536Z","type":"debug","text":"JSHandle@symbol JSHandle@symbol \"Setting the current frame to 1109\" handle was cleared after 6ms"}
{"t":"2026-09-26T07:28:28.569Z","type":"debug","text":"JSHandle@symbol JSHandle@symbol \"Setting the current frame to 1110\" handle was cleared after 2ms"}
{"t":"2026-09-26T07:28:28.603Z","type":"debug","text":"JSHandle@symbol JSHandle@symbol \"Setting the current frame to 1111\" handle was cleared after 3ms"}
{"t":"2026-09-26T07:28:28.636Z","type":"debug","text":"JSHandle@symbol JSHandle@symbol \"Setting the current frame to 1112\" handle was cleared after 5ms"}
{"t":"2026-09-26T07:28:28.670Z","type":"debug","text":"JSHandle@symbol JSHandle@symbol \"Setting the current frame to 1113\" handle was cleared after 5ms"}
{"t":"2026-09-26T07:28:28.709Z","type":"debug","text":"JSHandle@symbol JSHandle@symbol \"Setting the current frame to 1114\" handle was cleared after 3ms"}
{"t":"2026-09-26T07:28:28.736Z","type":"debug","text":"JSHandle@symbol JSHandle@symbol \"Setting the current frame to 1115\" handle was cleared after 1ms"}
{"t":"2026-09-26T07:28:28.788Z","type":"debug","text":"JSHandle@symbol JSHandle@symbol \"Setting the current frame to 1116\" handle was cleared after 0ms"}
{"t":"2026-09-26T07:28:28.810Z","type":"debug","text":"JSHandle@symbol JSHandle@symbol \"Setting the current frame to 1117\" handle was cleared after 0ms"}
{"t":"2026-09-26T07:28:28.852Z","type":"debug","text":"JSHandle@symbol JSHandle@symbol \"Setting the current frame to 1118\" handle was cleared after 2ms"}
{"t":"2026-09-26T07:28:28.878Z","type":"debug","text":"JSHandle@symbol JSHandle@symbol \"Setting the current frame to 1119\" handle was cleared after 1ms"}
{"t":"2026-09-26T07:28:28.920Z","type":"debug","text":"JSHandle@symbol JSHandle@symbol \"Setting the current frame to 1120\" handle was cleared after 7ms"}
{"t":"2026-09-26T07:28:28.945Z","type":"debug","text":"JSHandle@symbol JSHandle@symbol \"Setting the current frame to 1121\" handle was cleared after 1ms"}
{"t":"2026-09-26T07:28:28.986Z","type":"debug","text":"JSHandle@symbol JSHandle@symbol \"Setting the current frame to 1122\" handle was cleared after 11ms"}
{"t":"2026-09-26T07:28:29.012Z","type":"debug","text":"JSHandle@symbol JSHandle@symbol \"Setting the current frame to 1123\" handle was cleared after 1ms"}
{"t":"2026-09-26T07:28:29.052Z","type":"debug","text":"JSHandle@symbol JSHandle@symbol \"Setting the current frame to 1124\" handle was cleared after 10ms"}
{"t":"2026-09-26T07:28:29.076Z","type":"debug","text":"JSHandle@symbol JSHandle@symbol \"Setting the current frame to 1125\" handle was cleared after 1ms"}
{"t":"2026-09-26T07:28:29.118Z","type":"debug","text":"JSHandle@symbol JSHandle@symbol \"Setting the current frame to 1126\" handle was cleared after 9ms"}
{"t":"2026-09-26T07:28:29.142Z","type":"debug","text":"JSHandle@symbol JSHandle@symbol \"Setting the current frame to 1127\" handle was cleared after 1ms"}
{"t":"2026-09-26T07:28:29.186Z","type":"debug","text":"JSHandle@symbol JSHandle@symbol \"Setting the current frame to 1128\" handle was cleared after 3ms"}
{"t":"2026-09-26T07:28:29.214Z","type":"debug","text":"JSHandle@symbol JSHandle@symbol \"Setting the current frame to 1129\" handle was cleared after 0ms"}
{"t":"2026-09-26T07:28:29.253Z","type":"debug","text":"JSHandle@symbol JSHandle@symbol \"Setting the current frame to 1130\" handle was cleared after 9ms"}
{"t":"2026-09-26T07:28:29.278Z","type":"debug","text":"JSHandle@symbol JSHandle@symbol \"Setting the current frame to 1131\" handle was cleared after 1ms"}
{"t":"2026-09-26T07:28:29.320Z","type":"debug","text":"JSHandle@symbol JSHandle@symbol \"Setting the current frame to 1132\" handle was cleared after 5ms"}
{"t":"2026-09-26T07:28:29.345Z","type":"debug","text":"JSHandle@symbol JSHandle@symbol \"Setting the current frame to 1133\" handle was cleared after 0ms"}
{"t":"2026-09-26T07:28:29.386Z","type":"debug","text":"JSHandle@symbol JSHandle@symbol \"Setting the current frame to 1134\" handle was cleared after 1ms"}
{"t":"2026-09-26T07:28:29.418Z","type":"debug","text":"JSHandle@symbol JSHandle@symbol \"Setting the current frame to 1135\" handle was cleared after 0ms"}
{"t":"2026-09-26T07:28:29.452Z","type":"debug","text":"JSHandle@symbol JSHandle@symbol \"Setting the current frame to 1136\" handle was cleared after 6ms"}
{"t":"2026-09-26T07:28:29.487Z","type":"debug","text":"JSHandle@symbol JSHandle@symbol \"Setting the current frame to 1137\" handle was cleared after 10ms"}
{"t":"2026-09-26T07:28:29.519Z","type":"debug","text":"JSHandle@symbol JSHandle@symbol \"Setting the current frame to 1138\" handle was cleared after 7ms"}
{"t":"2026-09-26T07:28:29.553Z","type":"debug","text":"JSHandle@symbol JSHandle@symbol \"Setting the current frame to 1139\" handle was cleared after 8ms"}
{"t":"2026-09-26T07:28:29.587Z","type":"debug","text":"JSHandle@symbol JSHandle@symbol \"Setting the current frame to 1140\" handle was cleared after 9ms"}
{"t":"2026-09-26T07:28:29.619Z","type":"debug","text":"JSHandle@symbol JSHandle@symbol \"Setting the current frame to 1141\" handle was cleared after 5ms"}
{"t":"2026-09-26T07:28:29.654Z","type":"debug","text":"JSHandle@symbol JSHandle@symbol \"Setting the current frame to 1142\" handle was cleared after 8ms"}
{"t":"2026-09-26T07:28:29.680Z","type":"debug","text":"JSHandle@symbol JSHandle@symbol \"Setting the current frame to 1143\" handle was cleared after 1ms"}
{"t":"2026-09-26T07:28:29.719Z","type":"debug","text":"JSHandle@symbol JSHandle@symbol \"Setting the current frame to 1144\" handle was cleared after 3ms"}
{"t":"2026-09-26T07:28:29.744Z","type":"debug","text":"JSHandle@symbol JSHandle@symbol \"Setting the current frame to 1145\" handle was cleared after 0ms"}
{"t":"2026-09-26T07:28:29.786Z","type":"debug","text":"JSHandle@symbol JSHandle@symbol \"Setting the current frame to 1146\" handle was cleared after 3ms"}
{"t":"2026-09-26T07:28:29.815Z","type":"debug","text":"JSHandle@symbol JSHandle@symbol \"Setting the current frame to 1147\" handle was cleared after 1ms"}
{"t":"2026-09-26T07:28:29.853Z","type":"debug","text":"JSHandle@symbol JSHandle@symbol \"Setting the current frame to 1148\" handle was cleared after 7ms"}
{"t":"2026-09-26T07:28:29.880Z","type":"debug","text":"JSHandle@symbol JSHandle@symbol \"Setting the current frame to 1149\" handle was cleared after 0ms"}
{"t":"2026-09-26T07:28:29.919Z","type":"debug","text":"JSHandle@symbol JSHandle@symbol \"Setting the current frame to 1150\" handle was cleared after 7ms"}
{"t":"2026-09-26T07:28:29.946Z","type":"debug","text":"JSHandle@symbol JSHandle@symbol \"Setting the current frame to 1151\" handle was cleared after 1ms"}
{"t":"2026-09-26T07:28:29.985Z","type":"debug","text":"JSHandle@symbol JSHandle@symbol \"Setting the current frame to 1152\" handle was cleared after 6ms"}
{"t":"2026-09-26T07:28:30.014Z","type":"debug","text":"JSHandle@symbol JSHandle@symbol \"Setting the current frame to 1153\" handle was cleared after 1ms"}
{"t":"2026-09-26T07:28:30.052Z","type":"debug","text":"JSHandle@symbol JSHandle@symbol \"Setting the current frame to 1154\" handle was cleared after 2ms"}
{"t":"2026-09-26T07:28:30.079Z","type":"debug","text":"JSHandle@symbol JSHandle@symbol \"Setting the current frame to 1155\" handle was cleared after 0ms"}
{"t":"2026-09-26T07:28:30.119Z","type":"debug","text":"JSHandle@symbol JSHandle@symbol \"Setting the current frame to 1156\" handle was cleared after 10ms"}
{"t":"2026-09-26T07:28:30.146Z","type":"debug","text":"JSHandle@symbol JSHandle@symbol \"Setting the current frame to 1157\" handle was cleared after 1ms"}
{"t":"2026-09-26T07:28:30.187Z","type":"debug","text":"JSHandle@symbol JSHandle@symbol \"Setting the current frame to 1158\" handle was cleared after 8ms"}
{"t":"2026-09-26T07:28:30.213Z","type":"debug","text":"JSHandle@symbol JSHandle@symbol \"Setting the current frame to 1159\" handle was cleared after 1ms"}
{"t":"2026-09-26T07:28:30.253Z","type":"debug","text":"JSHandle@symbol JSHandle@symbol \"Setting the current frame to 1160\" handle was cleared after 6ms"}
{"t":"2026-09-26T07:28:30.279Z","type":"debug","text":"JSHandle@symbol JSHandle@symbol \"Setting the current frame to 1161\" handle was cleared after 0ms"}
{"t":"2026-09-26T07:28:30.320Z","type":"debug","text":"JSHandle@symbol JSHandle@symbol \"Setting the current frame to 1162\" handle was cleared after 6ms"}
{"t":"2026-09-26T07:28:30.349Z","type":"debug","text":"JSHandle@symbol JSHandle@symbol \"Setting the current frame to 1163\" handle was cleared after 0ms"}
{"t":"2026-09-26T07:28:30.386Z","type":"debug","text":"JSHandle@symbol JSHandle@symbol \"Setting the current frame to 1164\" handle was cleared after 9ms"}
{"t":"2026-09-26T07:28:30.410Z","type":"debug","text":"JSHandle@symbol JSHandle@symbol \"Setting the current frame to 1165\" handle was cleared after 1ms"}
{"t":"2026-09-26T07:28:30.452Z","type":"debug","text":"JSHandle@symbol JSHandle@symbol \"Setting the current frame to 1166\" handle was cleared after 9ms"}
{"t":"2026-09-26T07:28:30.479Z","type":"debug","text":"JSHandle@symbol JSHandle@symbol \"Setting the current frame to 1167\" handle was cleared after 1ms"}
{"t":"2026-09-26T07:28:30.519Z","type":"debug","text":"JSHandle@symbol JSHandle@symbol \"Setting the current frame to 1168\" handle was cleared after 9ms"}
{"t":"2026-09-26T07:28:30.545Z","type":"debug","text":"JSHandle@symbol JSHandle@symbol \"Setting the current frame to 1169\" handle was cleared after 1ms"}
{"t":"2026-09-26T07:28:30.586Z","type":"debug","text":"JSHandle@symbol JSHandle@symbol \"Setting the current frame to 1170\" handle was cleared after 11ms"}
{"t":"2026-09-26T07:28:30.611Z","type":"debug","text":"JSHandle@symbol JSHandle@symbol \"Setting the current frame to 1171\" handle was cleared after 0ms"}
{"t":"2026-09-26T07:28:30.652Z","type":"debug","text":"JSHandle@symbol JSHandle@symbol \"Setting the current frame to 1172\" handle was cleared after 8ms"}
{"t":"2026-09-26T07:28:30.677Z","type":"debug","text":"JSHandle@symbol JSHandle@symbol \"Setting the current frame to 1173\" handle was cleared after 0ms"}
{"t":"2026-09-26T07:28:30.719Z","type":"debug","text":"JSHandle@symbol JSHandle@symbol \"Setting the current frame to 1174\" handle was cleared after 11ms"}
{"t":"2026-09-26T07:28:30.745Z","type":"debug","text":"JSHandle@symbol JSHandle@symbol \"Setting the current frame to 1175\" handle was cleared after 1ms"}
{"t":"2026-09-26T07:28:30.786Z","type":"debug","text":"JSHandle@symbol JSHandle@symbol \"Setting the current frame to 1176\" handle was cleared after 8ms"}
{"t":"2026-09-26T07:28:30.810Z","type":"debug","text":"JSHandle@symbol JSHandle@symbol \"Setting the current frame to 1177\" handle was cleared after 0ms"}
{"t":"2026-09-26T07:28:30.852Z","type":"debug","text":"JSHandle@symbol JSHandle@symbol \"Setting the current frame to 1178\" handle was cleared after 9ms"}
{"t":"2026-09-26T07:28:30.876Z","type":"debug","text":"JSHandle@symbol JSHandle@symbol \"Setting the current frame to 1179\" handle was cleared after 0ms"}
{"t":"2026-09-26T07:28:30.920Z","type":"debug","text":"JSHandle@symbol JSHandle@symbol \"Setting the current frame to 1180\" handle was cleared after 11ms"}
{"t":"2026-09-26T07:28:30.943Z","type":"debug","text":"JSHandle@symbol JSHandle@symbol \"Setting the current frame to 1181\" handle was cleared after 1ms"}
{"t":"2026-09-26T07:28:30.986Z","type":"debug","text":"JSHandle@symbol JSHandle@symbol \"Setting the current frame to 1182\" handle was cleared after 11ms"}
{"t":"2026-09-26T07:28:31.013Z","type":"debug","text":"JSHandle@symbol JSHandle@symbol \"Setting the current frame to 1183\" handle was cleared after 0ms"}
{"t":"2026-09-26T07:28:31.053Z","type":"debug","text":"JSHandle@symbol JSHandle@symbol \"Setting the current frame to 1184\" handle was cleared after 10ms"}
{"t":"2026-09-26T07:28:31.077Z","type":"debug","text":"JSHandle@symbol JSHandle@symbol \"Setting the current frame to 1185\" handle was cleared after 1ms"}
{"t":"2026-09-26T07:28:31.119Z","type":"debug","text":"JSHandle@symbol JSHandle@symbol \"Setting the current frame to 1186\" handle was cleared after 8ms"}
{"t":"2026-09-26T07:28:31.145Z","type":"debug","text":"JSHandle@symbol JSHandle@symbol \"Setting the current frame to 1187\" handle was cleared after 0ms"}
{"t":"2026-09-26T07:28:31.186Z","type":"debug","text":"JSHandle@symbol JSHandle@symbol \"Setting the current frame to 1188\" handle was cleared after 9ms"}
{"t":"2026-09-26T07:28:31.209Z","type":"debug","text":"JSHandle@symbol JSHandle@symbol \"Setting the current frame to 1189\" handle was cleared after 1ms"}
{"t":"2026-09-26T07:28:31.252Z","type":"debug","text":"JSHandle@symbol JSHandle@symbol \"Setting the current frame to 1190\" handle was cleared after 10ms"}
{"t":"2026-09-26T07:28:31.276Z","type":"debug","text":"JSHandle@symbol JSHandle@symbol \"Setting the current frame to 1191\" handle was cleared after 0ms"}
{"t":"2026-09-26T07:28:31.319Z","type":"debug","text":"JSHandle@symbol JSHandle@symbol \"Setting the current frame to 1192\" handle was cleared after 10ms"}
{"t":"2026-09-26T07:28:31.342Z","type":"debug","text":"JSHandle@symbol JSHandle@symbol \"Setting the current frame to 1193\" handle was cleared after 1ms"}
{"t":"2026-09-26T07:28:31.386Z","type":"debug","text":"JSHandle@symbol JSHandle@symbol \"Setting the current frame to 1194\" handle was cleared after 7ms"}
{"t":"2026-09-26T07:28:31.415Z","type":"debug","text":"JSHandle@symbol JSHandle@symbol \"Setting the current frame to 1195\" handle was cleared after 1ms"}
{"t":"2026-09-26T07:28:31.453Z","type":"debug","text":"JSHandle@symbol JSHandle@symbol \"Setting the current frame to 1196\" handle was cleared after 10ms"}
{"t":"2026-09-26T07:28:31.476Z","type":"debug","text":"JSHandle@symbol JSHandle@symbol \"Setting the current frame to 1197\" handle was cleared after 0ms"}
{"t":"2026-09-26T07:28:31.519Z","type":"debug","text":"JSHandle@symbol JSHandle@symbol \"Setting the current frame to 1198\" handle was cleared after 8ms"}
{"t":"2026-09-26T07:28:31.545Z","type":"debug","text":"JSHandle@symbol JSHandle@symbol \"Setting the current frame to 1199\" handle was cleared after 1ms"}
{"t":"2026-09-26T07:28:31.587Z","type":"debug","text":"JSHandle@symbol JSHandle@symbol \"Setting the current frame to 1200\" handle was cleared after 12ms"}
{"t":"2026-09-26T07:28:31.611Z","type":"debug","text":"JSHandle@symbol JSHandle@symbol \"Setting the current frame to 1201\" handle was cleared after 1ms"}
{"t":"2026-09-26T07:28:31.653Z","type":"debug","text":"JSHandle@symbol JSHandle@symbol \"Setting the current frame to 1202\" handle was cleared after 9ms"}
{"t":"2026-09-26T07:28:31.679Z","type":"debug","text":"JSHandle@symbol JSHandle@symbol \"Setting the current frame to 1203\" handle was cleared after 1ms"}
{"t":"2026-09-26T07:28:31.720Z","type":"debug","text":"JSHandle@symbol JSHandle@symbol \"Setting the current frame to 1204\" handle was cleared after 4ms"}
{"t":"2026-09-26T07:28:31.748Z","type":"debug","text":"JSHandle@symbol JSHandle@symbol \"Setting the current frame to 1205\" handle was cleared after 1ms"}
{"t":"2026-09-26T07:28:31.785Z","type":"debug","text":"JSHandle@symbol JSHandle@symbol \"Setting the current frame to 1206\" handle was cleared after 2ms"}
{"t":"2026-09-26T07:28:31.811Z","type":"debug","text":"JSHandle@symbol JSHandle@symbol \"Setting the current frame to 1207\" handle was cleared after 0ms"}
{"t":"2026-09-26T07:28:31.853Z","type":"debug","text":"JSHandle@symbol JSHandle@symbol \"Setting the current frame to 1208\" handle was cleared after 7ms"}
{"t":"2026-09-26T07:28:31.883Z","type":"debug","text":"JSHandle@symbol JSHandle@symbol \"Setting the current frame to 1209\" handle was cleared after 0ms"}
{"t":"2026-09-26T07:28:31.920Z","type":"debug","text":"JSHandle@symbol JSHandle@symbol \"Setting the current frame to 1210\" handle was cleared after 7ms"}
{"t":"2026-09-26T07:28:31.947Z","type":"debug","text":"JSHandle@symbol JSHandle@symbol \"Setting the current frame to 1211\" handle was cleared after 0ms"}
{"t":"2026-09-26T07:28:31.987Z","type":"debug","text":"JSHandle@symbol JSHandle@symbol \"Setting the current frame to 1212\" handle was cleared after 11ms"}
{"t":"2026-09-26T07:28:32.010Z","type":"debug","text":"JSHandle@symbol JSHandle@symbol \"Setting the current frame to 1213\" handle was cleared after 0ms"}
{"t":"2026-09-26T07:28:32.053Z","type":"debug","text":"JSHandle@symbol JSHandle@symbol \"Setting the current frame to 1214\" handle was cleared after 10ms"}
{"t":"2026-09-26T07:28:32.076Z","type":"debug","text":"JSHandle@symbol JSHandle@symbol \"Setting the current frame to 1215\" handle was cleared after 1ms"}
{"t":"2026-09-26T07:28:32.119Z","type":"debug","text":"JSHandle@symbol JSHandle@symbol \"Setting the current frame to 1216\" handle was cleared after 7ms"}
{"t":"2026-09-26T07:28:32.143Z","type":"debug","text":"JSHandle@symbol JSHandle@symbol \"Setting the current frame to 1217\" handle was cleared after 1ms"}
{"t":"2026-09-26T07:28:32.185Z","type":"debug","text":"JSHandle@symbol JSHandle@symbol \"Setting the current frame to 1218\" handle was cleared after 8ms"}
{"t":"2026-09-26T07:28:32.209Z","type":"debug","text":"JSHandle@symbol JSHandle@symbol \"Setting the current frame to 1219\" handle was cleared after 0ms"}
{"t":"2026-09-26T07:28:32.254Z","type":"debug","text":"JSHandle@symbol JSHandle@symbol \"Setting the current frame to 1220\" handle was cleared after 12ms"}
{"t":"2026-09-26T07:28:32.277Z","type":"debug","text":"JSHandle@symbol JSHandle@symbol \"Setting the current frame to 1221\" handle was cleared after 0ms"}
{"t":"2026-09-26T07:28:32.319Z","type":"debug","text":"JSHandle@symbol JSHandle@symbol \"Setting the current frame to 1222\" handle was cleared after 8ms"}
{"t":"2026-09-26T07:28:32.346Z","type":"debug","text":"JSHandle@symbol JSHandle@symbol \"Setting the current frame to 1223\" handle was cleared after 1ms"}
{"t":"2026-09-26T07:28:32.386Z","type":"debug","text":"JSHandle@symbol JSHandle@symbol \"Setting the current frame to 1224\" handle was cleared after 4ms"}
{"t":"2026-09-26T07:28:32.413Z","type":"debug","text":"JSHandle@symbol JSHandle@symbol \"Setting the current frame to 1225\" handle was cleared after 1ms"}
{"t":"2026-09-26T07:28:32.453Z","type":"debug","text":"JSHandle@symbol JSHandle@symbol \"Setting the current frame to 1226\" handle was cleared after 6ms"}
{"t":"2026-09-26T07:28:32.480Z","type":"debug","text":"JSHandle@symbol JSHandle@symbol \"Setting the current frame to 1227\" handle was cleared after 1ms"}
{"t":"2026-09-26T07:28:32.519Z","type":"debug","text":"JSHandle@symbol JSHandle@symbol \"Setting the current frame to 1228\" handle was cleared after 3ms"}
{"t":"2026-09-26T07:28:32.551Z","type":"debug","text":"JSHandle@symbol JSHandle@symbol \"Setting the current frame to 1229\" handle was cleared after 1ms"}
{"t":"2026-09-26T07:28:32.585Z","type":"debug","text":"JSHandle@symbol JSHandle@symbol \"Setting the current frame to 1230\" handle was cleared after 4ms"}
{"t":"2026-09-26T07:28:32.619Z","type":"debug","text":"JSHandle@symbol JSHandle@symbol \"Setting the current frame to 1231\" handle was cleared after 8ms"}
{"t":"2026-09-26T07:28:32.653Z","type":"debug","text":"JSHandle@symbol JSHandle@symbol \"Setting the current frame to 1232\" handle was cleared after 6ms"}
{"t":"2026-09-26T07:28:32.686Z","type":"debug","text":"JSHandle@symbol JSHandle@symbol \"Setting the current frame to 1233\" handle was cleared after 7ms"}
{"t":"2026-09-26T07:28:32.720Z","type":"debug","text":"JSHandle@symbol JSHandle@symbol \"Setting the current frame to 1234\" handle was cleared after 8ms"}
{"t":"2026-09-26T07:28:32.753Z","type":"debug","text":"JSHandle@symbol JSHandle@symbol \"Setting the current frame to 1235\" handle was cleared after 4ms"}
{"t":"2026-09-26T07:28:32.786Z","type":"debug","text":"JSHandle@symbol JSHandle@symbol \"Setting the current frame to 1236\" handle was cleared after 9ms"}
{"t":"2026-09-26T07:28:32.820Z","type":"debug","text":"JSHandle@symbol JSHandle@symbol \"Setting the current frame to 1237\" handle was cleared after 9ms"}
{"t":"2026-09-26T07:28:32.853Z","type":"debug","text":"JSHandle@symbol JSHandle@symbol \"Setting the current frame to 1238\" handle was cleared after 8ms"}
{"t":"2026-09-26T07:28:32.877Z","type":"debug","text":"JSHandle@symbol JSHandle@symbol \"Setting the current frame to 1239\" handle was cleared after 0ms"}
{"t":"2026-09-26T07:28:32.919Z","type":"debug","text":"JSHandle@symbol JSHandle@symbol \"Setting the current frame to 1240\" handle was cleared after 9ms"}
{"t":"2026-09-26T07:28:32.945Z","type":"debug","text":"JSHandle@symbol JSHandle@symbol \"Setting the current frame to 1241\" handle was cleared after 1ms"}
{"t":"2026-09-26T07:28:32.986Z","type":"debug","text":"JSHandle@symbol JSHandle@symbol \"Setting the current frame to 1242\" handle was cleared after 5ms"}
{"t":"2026-09-26T07:28:33.011Z","type":"debug","text":"JSHandle@symbol JSHandle@symbol \"Setting the current frame to 1243\" handle was cleared after 1ms"}
{"t":"2026-09-26T07:28:33.052Z","type":"debug","text":"JSHandle@symbol JSHandle@symbol \"Setting the current frame to 1244\" handle was cleared after 4ms"}
{"t":"2026-09-26T07:28:33.081Z","type":"debug","text":"JSHandle@symbol JSHandle@symbol \"Setting the current frame to 1245\" handle was cleared after 1ms"}
{"t":"2026-09-26T07:28:33.119Z","type":"debug","text":"JSHandle@symbol JSHandle@symbol \"Setting the current frame to 1246\" handle was cleared after 1ms"}
{"t":"2026-09-26T07:28:33.146Z","type":"debug","text":"JSHandle@symbol JSHandle@symbol \"Setting the current frame to 1247\" handle was cleared after 1ms"}
{"t":"2026-09-26T07:28:33.186Z","type":"debug","text":"JSHandle@symbol JSHandle@symbol \"Setting the current frame to 1248\" handle was cleared after 6ms"}
{"t":"2026-09-26T07:28:33.211Z","type":"debug","text":"JSHandle@symbol JSHandle@symbol \"Setting the current frame to 1249\" handle was cleared after 1ms"}
{"t":"2026-09-26T07:28:33.244Z","type":"debug","text":"JSHandle@symbol JSHandle@symbol \"Setting the current frame to 1250\" handle was cleared after 0ms"}
{"t":"2026-09-26T07:28:33.275Z","type":"debug","text":"JSHandle@symbol JSHandle@symbol \"Setting the current frame to 1251\" handle was cleared after 1ms"}
{"t":"2026-09-26T07:28:33.311Z","type":"debug","text":"JSHandle@symbol JSHandle@symbol \"Setting the current frame to 1252\" handle was cleared after 0ms"}
{"t":"2026-09-26T07:28:33.343Z","type":"debug","text":"JSHandle@symbol JSHandle@symbol \"Setting the current frame to 1253\" handle was cleared after 1ms"}
{"t":"2026-09-26T07:28:33.376Z","type":"debug","text":"JSHandle@symbol JSHandle@symbol \"Setting the current frame to 1254\" handle was cleared after 1ms"}
{"t":"2026-09-26T07:28:33.414Z","type":"debug","text":"JSHandle@symbol JSHandle@symbol \"Setting the current frame to 1255\" handle was cleared after 1ms"}
{"t":"2026-09-26T07:28:33.444Z","type":"debug","text":"JSHandle@symbol JSHandle@symbol \"Setting the current frame to 1256\" handle was cleared after 0ms"}
{"t":"2026-09-26T07:28:33.477Z","type":"debug","text":"JSHandle@symbol JSHandle@symbol \"Setting the current frame to 1257\" handle was cleared after 1ms"}
{"t":"2026-09-26T07:28:33.511Z","type":"debug","text":"JSHandle@symbol JSHandle@symbol \"Setting the current frame to 1258\" handle was cleared after 0ms"}
{"t":"2026-09-26T07:28:33.542Z","type":"debug","text":"JSHandle@symbol JSHandle@symbol \"Setting the current frame to 1259\" handle was cleared after 0ms"}
{"t":"2026-09-26T07:28:33.577Z","type":"debug","text":"JSHandle@symbol JSHandle@symbol \"Setting the current frame to 1260\" handle was cleared after 1ms"}
{"t":"2026-09-26T07:28:33.612Z","type":"debug","text":"JSHandle@symbol JSHandle@symbol \"Setting the current frame to 1261\" handle was cleared after 0ms"}
{"t":"2026-09-26T07:28:33.643Z","type":"debug","text":"JSHandle@symbol JSHandle@symbol \"Setting the current frame to 1262\" handle was cleared after 1ms"}
{"t":"2026-09-26T07:28:33.676Z","type":"debug","text":"JSHandle@symbol JSHandle@symbol \"Setting the current frame to 1263\" handle was cleared after 0ms"}
{"t":"2026-09-26T07:28:33.710Z","type":"debug","text":"JSHandle@symbol JSHandle@symbol \"Setting the current frame to 1264\" handle was cleared after 1ms"}
{"t":"2026-09-26T07:28:33.746Z","type":"debug","text":"JSHandle@symbol JSHandle@symbol \"Setting the current frame to 1265\" handle was cleared after 1ms"}
{"t":"2026-09-26T07:28:33.778Z","type":"debug","text":"JSHandle@symbol JSHandle@symbol \"Setting the current frame to 1266\" handle was cleared after 1ms"}
{"t":"2026-09-26T07:28:33.817Z","type":"debug","text":"JSHandle@symbol JSHandle@symbol \"Setting the current frame to 1267\" handle was cleared after 0ms"}
{"t":"2026-09-26T07:28:33.852Z","type":"debug","text":"JSHandle@symbol JSHandle@symbol \"Setting the current frame to 1268\" handle was cleared after 1ms"}
{"t":"2026-09-26T07:28:33.887Z","type":"debug","text":"JSHandle@symbol JSHandle@symbol \"Setting the current frame to 1269\" handle was cleared after 5ms"}
{"t":"2026-09-26T07:28:33.919Z","type":"debug","text":"JSHandle@symbol JSHandle@symbol \"Setting the current frame to 1270\" handle was cleared after 5ms"}
{"t":"2026-09-26T07:28:33.952Z","type":"debug","text":"JSHandle@symbol JSHandle@symbol \"Setting the current frame to 1271\" handle was cleared after 9ms"}
{"t":"2026-09-26T07:28:33.985Z","type":"debug","text":"JSHandle@symbol JSHandle@symbol \"Setting the current frame to 1272\" handle was cleared after 5ms"}
{"t":"2026-09-26T07:28:34.020Z","type":"debug","text":"JSHandle@symbol JSHandle@symbol \"Setting the current frame to 1273\" handle was cleared after 10ms"}
{"t":"2026-09-26T07:28:34.052Z","type":"debug","text":"JSHandle@symbol JSHandle@symbol \"Setting the current frame to 1274\" handle was cleared after 7ms"}
{"t":"2026-09-26T07:28:34.086Z","type":"debug","text":"JSHandle@symbol JSHandle@symbol \"Setting the current frame to 1275\" handle was cleared after 7ms"}
{"t":"2026-09-26T07:28:34.120Z","type":"debug","text":"JSHandle@symbol JSHandle@symbol \"Setting the current frame to 1276\" handle was cleared after 6ms"}
{"t":"2026-09-26T07:28:34.151Z","type":"debug","text":"JSHandle@symbol JSHandle@symbol \"Setting the current frame to 1277\" handle was cleared after 1ms"}
{"t":"2026-09-26T07:28:34.186Z","type":"debug","text":"JSHandle@symbol JSHandle@symbol \"Setting the current frame to 1278\" handle was cleared after 2ms"}
{"t":"2026-09-26T07:28:34.219Z","type":"debug","text":"JSHandle@symbol JSHandle@symbol \"Setting the current frame to 1279\" handle was cleared after 3ms"}
{"t":"2026-09-26T07:28:34.253Z","type":"debug","text":"JSHandle@symbol JSHandle@symbol \"Setting the current frame to 1280\" handle was cleared after 6ms"}
{"t":"2026-09-26T07:28:34.285Z","type":"debug","text":"JSHandle@symbol JSHandle@symbol \"Setting the current frame to 1281\" handle was cleared after 6ms"}
{"t":"2026-09-26T07:28:34.319Z","type":"debug","text":"JSHandle@symbol JSHandle@symbol \"Setting the current frame to 1282\" handle was cleared after 6ms"}
{"t":"2026-09-26T07:28:34.352Z","type":"debug","text":"JSHandle@symbol JSHandle@symbol \"Setting the current frame to 1283\" handle was cleared after 4ms"}
{"t":"2026-09-26T07:28:34.386Z","type":"debug","text":"JSHandle@symbol JSHandle@symbol \"Setting the current frame to 1284\" handle was cleared after 3ms"}
{"t":"2026-09-26T07:28:34.420Z","type":"debug","text":"JSHandle@symbol JSHandle@symbol \"Setting the current frame to 1285\" handle was cleared after 5ms"}
{"t":"2026-09-26T07:28:34.452Z","type":"debug","text":"JSHandle@symbol JSHandle@symbol \"Setting the current frame to 1286\" handle was cleared after 6ms"}
{"t":"2026-09-26T07:28:34.485Z","type":"debug","text":"JSHandle@symbol JSHandle@symbol \"Setting the current frame to 1287\" handle was cleared after 9ms"}
{"t":"2026-09-26T07:28:34.519Z","type":"debug","text":"JSHandle@symbol JSHandle@symbol \"Setting the current frame to 1288\" handle was cleared after 7ms"}
{"t":"2026-09-26T07:28:34.553Z","type":"debug","text":"JSHandle@symbol JSHandle@symbol \"Setting the current frame to 1289\" handle was cleared after 8ms"}
{"t":"2026-09-26T07:28:34.594Z","type":"debug","text":"JSHandle@symbol JSHandle@symbol \"Setting the current frame to 1290\" handle was cleared after 6ms"}
{"t":"2026-09-26T07:28:34.619Z","type":"debug","text":"JSHandle@symbol JSHandle@symbol \"Setting the current frame to 1291\" handle was cleared after 1ms"}
{"t":"2026-09-26T07:28:34.672Z","type":"debug","text":"JSHandle@symbol JSHandle@symbol \"Setting the current frame to 1292\" handle was cleared after 7ms"}
{"t":"2026-09-26T07:28:34.695Z","type":"debug","text":"JSHandle@symbol JSHandle@symbol \"Setting the current frame to 1293\" handle was cleared after 1ms"}
{"t":"2026-09-26T07:28:34.735Z","type":"debug","text":"JSHandle@symbol JSHandle@symbol \"Setting the current frame to 1294\" handle was cleared after 3ms"}
{"t":"2026-09-26T07:28:34.764Z","type":"debug","text":"JSHandle@symbol JSHandle@symbol \"Setting the current frame to 1295\" handle was cleared after 1ms"}
{"t":"2026-09-26T07:28:34.811Z","type":"debug","text":"JSHandle@symbol JSHandle@symbol \"Setting the current frame to 1296\" handle was cleared after 6ms"}
{"t":"2026-09-26T07:28:34.835Z","type":"debug","text":"JSHandle@symbol JSHandle@symbol \"Setting the current frame to 1297\" handle was cleared after 1ms"}
{"t":"2026-09-26T07:28:34.889Z","type":"debug","text":"JSHandle@symbol JSHandle@symbol \"Setting the current frame to 1298\" handle was cleared after 7ms"}
{"t":"2026-09-26T07:28:34.914Z","type":"debug","text":"JSHandle@symbol JSHandle@symbol \"Setting the current frame to 1299\" handle was cleared after 0ms"}
{"t":"2026-09-26T07:28:34.953Z","type":"debug","text":"JSHandle@symbol JSHandle@symbol \"Setting the current frame to 1300\" handle was cleared after 1ms"}
{"t":"2026-09-26T07:28:34.985Z","type":"debug","text":"JSHandle@symbol JSHandle@symbol \"Setting the current frame to 1301\" handle was cleared after 0ms"}
{"t":"2026-09-26T07:28:35.020Z","type":"debug","text":"JSHandle@symbol JSHandle@symbol \"Setting the current frame to 1302\" handle was cleared after 6ms"}
{"t":"2026-09-26T07:28:35.052Z","type":"debug","text":"JSHandle@symbol JSHandle@symbol \"Setting the current frame to 1303\" handle was cleared after 2ms"}
{"t":"2026-09-26T07:28:35.086Z","type":"debug","text":"JSHandle@symbol JSHandle@symbol \"Setting the current frame to 1304\" handle was cleared after 2ms"}
{"t":"2026-09-26T07:28:35.119Z","type":"debug","text":"JSHandle@symbol JSHandle@symbol \"Setting the current frame to 1305\" handle was cleared after 1ms"}
{"t":"2026-09-26T07:28:35.167Z","type":"debug","text":"JSHandle@symbol JSHandle@symbol \"Setting the current frame to 1306\" handle was cleared after 9ms"}
{"t":"2026-09-26T07:28:35.191Z","type":"debug","text":"JSHandle@symbol JSHandle@symbol \"Setting the current frame to 1307\" handle was cleared after 1ms"}
{"t":"2026-09-26T07:28:35.229Z","type":"debug","text":"JSHandle@symbol JSHandle@symbol \"Setting the current frame to 1308\" handle was cleared after 0ms"}
{"t":"2026-09-26T07:28:35.267Z","type":"debug","text":"JSHandle@symbol JSHandle@symbol \"Setting the current frame to 1309\" handle was cleared after 0ms"}
{"t":"2026-09-26T07:28:35.299Z","type":"debug","text":"JSHandle@symbol JSHandle@symbol \"Setting the current frame to 1310\" handle was cleared after 0ms"}
{"t":"2026-09-26T07:28:35.333Z","type":"debug","text":"JSHandle@symbol JSHandle@symbol \"Setting the current frame to 1311\" handle was cleared after 1ms"}
{"t":"2026-09-26T07:28:35.367Z","type":"debug","text":"JSHandle@symbol JSHandle@symbol \"Setting the current frame to 1312\" handle was cleared after 1ms"}
{"t":"2026-09-26T07:28:35.409Z","type":"debug","text":"JSHandle@symbol JSHandle@symbol \"Setting the current frame to 1313\" handle was cleared after 5ms"}
{"t":"2026-09-26T07:28:35.431Z","type":"debug","text":"JSHandle@symbol JSHandle@symbol \"Setting the current frame to 1314\" handle was cleared after 1ms"}
{"t":"2026-09-26T07:28:35.469Z","type":"debug","text":"JSHandle@symbol JSHandle@symbol \"Setting the current frame to 1315\" handle was cleared after 7ms"}
{"t":"2026-09-26T07:28:35.496Z","type":"debug","text":"JSHandle@symbol JSHandle@symbol \"Setting the current frame to 1316\" handle was cleared after 0ms"}
{"t":"2026-09-26T07:28:35.536Z","type":"debug","text":"JSHandle@symbol JSHandle@symbol \"Setting the current frame to 1317\" handle was cleared after 5ms"}
{"t":"2026-09-26T07:28:35.564Z","type":"debug","text":"JSHandle@symbol JSHandle@symbol \"Setting the current frame to 1318\" handle was cleared after 0ms"}
{"t":"2026-09-26T07:28:35.603Z","type":"debug","text":"JSHandle@symbol JSHandle@symbol \"Setting the current frame to 1319\" handle was cleared after 9ms"}
{"t":"2026-09-26T07:28:35.632Z","type":"debug","text":"JSHandle@symbol JSHandle@symbol \"Setting the current frame to 1320\" handle was cleared after 0ms"}
{"t":"2026-09-26T07:28:35.669Z","type":"debug","text":"JSHandle@symbol JSHandle@symbol \"Setting the current frame to 1321\" handle was cleared after 5ms"}
{"t":"2026-09-26T07:28:35.702Z","type":"debug","text":"JSHandle@symbol JSHandle@symbol \"Setting the current frame to 1322\" handle was cleared after 1ms"}
{"t":"2026-09-26T07:28:35.736Z","type":"debug","text":"JSHandle@symbol JSHandle@symbol \"Setting the current frame to 1323\" handle was cleared after 4ms"}
{"t":"2026-09-26T07:28:35.769Z","type":"debug","text":"JSHandle@symbol JSHandle@symbol \"Setting the current frame to 1324\" handle was cleared after 1ms"}
{"t":"2026-09-26T07:28:35.804Z","type":"debug","text":"JSHandle@symbol JSHandle@symbol \"Setting the current frame to 1325\" handle was cleared after 0ms"}
{"t":"2026-09-26T07:28:35.848Z","type":"debug","text":"JSHandle@symbol JSHandle@symbol \"Setting the current frame to 1326\" handle was cleared after 6ms"}
{"t":"2026-09-26T07:28:35.871Z","type":"debug","text":"JSHandle@symbol JSHandle@symbol \"Setting the current frame to 1327\" handle was cleared after 0ms"}
{"t":"2026-09-26T07:28:35.917Z","type":"debug","text":"JSHandle@symbol JSHandle@symbol \"Setting the current frame to 1328\" handle was cleared after 1ms"}
{"t":"2026-09-26T07:28:35.950Z","type":"debug","text":"JSHandle@symbol JSHandle@symbol \"Setting the current frame to 1329\" handle was cleared after 1ms"}
{"t":"2026-09-26T07:28:35.982Z","type":"debug","text":"JSHandle@symbol JSHandle@symbol \"Setting the current frame to 1330\" handle was cleared after 0ms"}
{"t":"2026-09-26T07:28:36.027Z","type":"debug","text":"JSHandle@symbol JSHandle@symbol \"Setting the current frame to 1331\" handle was cleared after 6ms"}
{"t":"2026-09-26T07:28:36.050Z","type":"debug","text":"JSHandle@symbol JSHandle@symbol \"Setting the current frame to 1332\" handle was cleared after 0ms"}
{"t":"2026-09-26T07:28:36.087Z","type":"debug","text":"JSHandle@symbol JSHandle@symbol \"Setting the current frame to 1333\" handle was cleared after 1ms"}
{"t":"2026-09-26T07:28:36.114Z","type":"debug","text":"JSHandle@symbol JSHandle@symbol \"Setting the current frame to 1334\" handle was cleared after 1ms"}
{"t":"2026-09-26T07:28:36.153Z","type":"debug","text":"JSHandle@symbol JSHandle@symbol \"Setting the current frame to 1335\" handle was cleared after 7ms"}
{"t":"2026-09-26T07:28:36.184Z","type":"debug","text":"JSHandle@symbol JSHandle@symbol \"Setting the current frame to 1336\" handle was cleared after 1ms"}
{"t":"2026-09-26T07:28:36.218Z","type":"debug","text":"JSHandle@symbol JSHandle@symbol \"Setting the current frame to 1337\" handle was cleared after 5ms"}
{"t":"2026-09-26T07:28:36.255Z","type":"debug","text":"JSHandle@symbol JSHandle@symbol \"Setting the current frame to 1338\" handle was cleared after 5ms"}
{"t":"2026-09-26T07:28:36.286Z","type":"debug","text":"JSHandle@symbol JSHandle@symbol \"Setting the current frame to 1339\" handle was cleared after 2ms"}
{"t":"2026-09-26T07:28:36.319Z","type":"debug","text":"JSHandle@symbol JSHandle@symbol \"Setting the current frame to 1340\" handle was cleared after 5ms"}
{"t":"2026-09-26T07:28:36.352Z","type":"debug","text":"JSHandle@symbol JSHandle@symbol \"Setting the current frame to 1341\" handle was cleared after 4ms"}
{"t":"2026-09-26T07:28:36.386Z","type":"debug","text":"JSHandle@symbol JSHandle@symbol \"Setting the current frame to 1342\" handle was cleared after 5ms"}
{"t":"2026-09-26T07:28:36.419Z","type":"debug","text":"JSHandle@symbol JSHandle@symbol \"Setting the current frame to 1343\" handle was cleared after 4ms"}
{"t":"2026-09-26T07:28:36.451Z","type":"debug","text":"JSHandle@symbol JSHandle@symbol \"Setting the current frame to 1344\" handle was cleared after 6ms"}
{"t":"2026-09-26T07:28:36.485Z","type":"debug","text":"JSHandle@symbol JSHandle@symbol \"Setting the current frame to 1345\" handle was cleared after 6ms"}
{"t":"2026-09-26T07:28:36.519Z","type":"debug","text":"JSHandle@symbol JSHandle@symbol \"Setting the current frame to 1346\" handle was cleared after 7ms"}
{"t":"2026-09-26T07:28:36.552Z","type":"debug","text":"JSHandle@symbol JSHandle@symbol \"Setting the current frame to 1347\" handle was cleared after 2ms"}
{"t":"2026-09-26T07:28:36.586Z","type":"debug","text":"JSHandle@symbol JSHandle@symbol \"Setting the current frame to 1348\" handle was cleared after 6ms"}
{"t":"2026-09-26T07:28:36.619Z","type":"debug","text":"JSHandle@symbol JSHandle@symbol \"Setting the current frame to 1349\" handle was cleared after 8ms"}
{"t":"2026-09-26T07:28:36.652Z","type":"debug","text":"JSHandle@symbol JSHandle@symbol \"Setting the current frame to 1350\" handle was cleared after 2ms"}
{"t":"2026-09-26T07:28:36.685Z","type":"debug","text":"JSHandle@symbol JSHandle@symbol \"Setting the current frame to 1351\" handle was cleared after 7ms"}
{"t":"2026-09-26T07:28:36.727Z","type":"debug","text":"JSHandle@symbol JSHandle@symbol \"Setting the current frame to 1352\" handle was cleared after 8ms"}
{"t":"2026-09-26T07:28:36.754Z","type":"debug","text":"JSHandle@symbol JSHandle@symbol \"Setting the current frame to 1353\" handle was cleared after 1ms"}
{"t":"2026-09-26T07:28:36.815Z","type":"debug","text":"JSHandle@symbol JSHandle@symbol \"Setting the current frame to 1354\" handle was cleared after 9ms"}
{"t":"2026-09-26T07:28:36.818Z","type":"debug","text":"JSHandle@symbol JSHandle@symbol \"Setting the current frame to 1355\" handle was cleared after 1ms"}
{"t":"2026-09-26T07:28:36.869Z","type":"debug","text":"JSHandle@symbol JSHandle@symbol \"Setting the current frame to 1356\" handle was cleared after 9ms"}
{"t":"2026-09-26T07:28:36.885Z","type":"debug","text":"JSHandle@symbol JSHandle@symbol \"Setting the current frame to 1357\" handle was cleared after 2ms"}
{"t":"2026-09-26T07:28:36.936Z","type":"debug","text":"JSHandle@symbol JSHandle@symbol \"Setting the current frame to 1358\" handle was cleared after 8ms"}
{"t":"2026-09-26T07:28:36.954Z","type":"debug","text":"JSHandle@symbol JSHandle@symbol \"Setting the current frame to 1359\" handle was cleared after 0ms"}
{"t":"2026-09-26T07:28:37.015Z","type":"debug","text":"JSHandle@symbol JSHandle@symbol \"Setting the current frame to 1360\" handle was cleared after 10ms"}
{"t":"2026-09-26T07:28:37.018Z","type":"debug","text":"JSHandle@symbol JSHandle@symbol \"Setting the current frame to 1361\" handle was cleared after 1ms"}
{"t":"2026-09-26T07:28:37.069Z","type":"debug","text":"JSHandle@symbol JSHandle@symbol \"Setting the current frame to 1362\" handle was cleared after 6ms"}
{"t":"2026-09-26T07:28:37.089Z","type":"debug","text":"JSHandle@symbol JSHandle@symbol \"Setting the current frame to 1363\" handle was cleared after 0ms"}
{"t":"2026-09-26T07:28:37.135Z","type":"debug","text":"JSHandle@symbol JSHandle@symbol \"Setting the current frame to 1364\" handle was cleared after 5ms"}
{"t":"2026-09-26T07:28:37.161Z","type":"debug","text":"JSHandle@symbol JSHandle@symbol \"Setting the current frame to 1365\" handle was cleared after 1ms"}
{"t":"2026-09-26T07:28:37.202Z","type":"debug","text":"JSHandle@symbol JSHandle@symbol \"Setting the current frame to 1366\" handle was cleared after 7ms"}
{"t":"2026-09-26T07:28:37.230Z","type":"debug","text":"JSHandle@symbol JSHandle@symbol \"Setting the current frame to 1367\" handle was cleared after 0ms"}
{"t":"2026-09-26T07:28:37.269Z","type":"debug","text":"JSHandle@symbol JSHandle@symbol \"Setting the current frame to 1368\" handle was cleared after 7ms"}
{"t":"2026-09-26T07:28:37.297Z","type":"debug","text":"JSHandle@symbol JSHandle@symbol \"Setting the current frame to 1369\" handle was cleared after 1ms"}
{"t":"2026-09-26T07:28:37.336Z","type":"debug","text":"JSHandle@symbol JSHandle@symbol \"Setting the current frame to 1370\" handle was cleared after 5ms"}
{"t":"2026-09-26T07:28:37.363Z","type":"debug","text":"JSHandle@symbol JSHandle@symbol \"Setting the current frame to 1371\" handle was cleared after 1ms"}
{"t":"2026-09-26T07:28:37.402Z","type":"debug","text":"JSHandle@symbol JSHandle@symbol \"Setting the current frame to 1372\" handle was cleared after 6ms"}
{"t":"2026-09-26T07:28:37.430Z","type":"debug","text":"JSHandle@symbol JSHandle@symbol \"Setting the current frame to 1373\" handle was cleared after 1ms"}
{"t":"2026-09-26T07:28:37.468Z","type":"debug","text":"JSHandle@symbol JSHandle@symbol \"Setting the current frame to 1374\" handle was cleared after 4ms"}
{"t":"2026-09-26T07:28:37.494Z","type":"debug","text":"JSHandle@symbol JSHandle@symbol \"Setting the current frame to 1375\" handle was cleared after 0ms"}
{"t":"2026-09-26T07:28:37.536Z","type":"debug","text":"JSHandle@symbol JSHandle@symbol \"Setting the current frame to 1376\" handle was cleared after 8ms"}
{"t":"2026-09-26T07:28:37.565Z","type":"debug","text":"JSHandle@symbol JSHandle@symbol \"Setting the current frame to 1377\" handle was cleared after 1ms"}
{"t":"2026-09-26T07:28:37.602Z","type":"debug","text":"JSHandle@symbol JSHandle@symbol \"Setting the current frame to 1378\" handle was cleared after 5ms"}
{"t":"2026-09-26T07:28:37.634Z","type":"debug","text":"JSHandle@symbol JSHandle@symbol \"Setting the current frame to 1379\" handle was cleared after 0ms"}
{"t":"2026-09-26T07:28:37.670Z","type":"debug","text":"JSHandle@symbol JSHandle@symbol \"Setting the current frame to 1380\" handle was cleared after 3ms"}
{"t":"2026-09-26T07:28:37.710Z","type":"debug","text":"JSHandle@symbol JSHandle@symbol \"Setting the current frame to 1381\" handle was cleared after 8ms"}
{"t":"2026-09-26T07:28:37.736Z","type":"debug","text":"JSHandle@symbol JSHandle@symbol \"Setting the current frame to 1382\" handle was cleared after 6ms"}
{"t":"2026-09-26T07:28:37.769Z","type":"debug","text":"JSHandle@symbol JSHandle@symbol \"Setting the current frame to 1383\" handle was cleared after 3ms"}
{"t":"2026-09-26T07:28:37.802Z","type":"debug","text":"JSHandle@symbol JSHandle@symbol \"Setting the current frame to 1384\" handle was cleared after 3ms"}
{"t":"2026-09-26T07:28:37.837Z","type":"debug","text":"JSHandle@symbol JSHandle@symbol \"Setting the current frame to 1385\" handle was cleared after 8ms"}
{"t":"2026-09-26T07:28:37.869Z","type":"debug","text":"JSHandle@symbol JSHandle@symbol \"Setting the current frame to 1386\" handle was cleared after 1ms"}
{"t":"2026-09-26T07:28:37.902Z","type":"debug","text":"JSHandle@symbol JSHandle@symbol \"Setting the current frame to 1387\" handle was cleared after 1ms"}
{"t":"2026-09-26T07:28:37.943Z","type":"debug","text":"JSHandle@symbol JSHandle@symbol \"Setting the current frame to 1388\" handle was cleared after 6ms"}
{"t":"2026-09-26T07:28:37.969Z","type":"debug","text":"JSHandle@symbol JSHandle@symbol \"Setting the current frame to 1389\" handle was cleared after 4ms"}
{"t":"2026-09-26T07:28:38.003Z","type":"debug","text":"JSHandle@symbol JSHandle@symbol \"Setting the current frame to 1390\" handle was cleared after 4ms"}
{"t":"2026-09-26T07:28:38.035Z","type":"debug","text":"JSHandle@symbol JSHandle@symbol \"Setting the current frame to 1391\" handle was cleared after 1ms"}
{"t":"2026-09-26T07:28:38.068Z","type":"debug","text":"JSHandle@symbol JSHandle@symbol \"Setting the current frame to 1392\" handle was cleared after 6ms"}
{"t":"2026-09-26T07:28:38.103Z","type":"debug","text":"JSHandle@symbol JSHandle@symbol \"Setting the current frame to 1393\" handle was cleared after 8ms"}
{"t":"2026-09-26T07:28:38.136Z","type":"debug","text":"JSHandle@symbol JSHandle@symbol \"Setting the current frame to 1394\" handle was cleared after 5ms"}
{"t":"2026-09-26T07:28:38.169Z","type":"debug","text":"JSHandle@symbol JSHandle@symbol \"Setting the current frame to 1395\" handle was cleared after 3ms"}
{"t":"2026-09-26T07:28:38.202Z","type":"debug","text":"JSHandle@symbol JSHandle@symbol \"Setting the current frame to 1396\" handle was cleared after 9ms"}
{"t":"2026-09-26T07:28:38.236Z","type":"debug","text":"JSHandle@symbol JSHandle@symbol \"Setting the current frame to 1397\" handle was cleared after 9ms"}
{"t":"2026-09-26T07:28:38.270Z","type":"debug","text":"JSHandle@symbol JSHandle@symbol \"Setting the current frame to 1398\" handle was cleared after 8ms"}
{"t":"2026-09-26T07:28:38.302Z","type":"debug","text":"JSHandle@symbol JSHandle@symbol \"Setting the current frame to 1399\" handle was cleared after 5ms"}
{"t":"2026-09-26T07:28:38.336Z","type":"debug","text":"JSHandle@symbol JSHandle@symbol \"Setting the current frame to 1400\" handle was cleared after 11ms"}
{"t":"2026-09-26T07:28:38.370Z","type":"debug","text":"JSHandle@symbol JSHandle@symbol \"Setting the current frame to 1401\" handle was cleared after 10ms"}
{"t":"2026-09-26T07:28:38.403Z","type":"debug","text":"JSHandle@symbol JSHandle@symbol \"Setting the current frame to 1402\" handle was cleared after 7ms"}
{"t":"2026-09-26T07:28:38.436Z","type":"debug","text":"JSHandle@symbol JSHandle@symbol \"Setting the current frame to 1403\" handle was cleared after 7ms"}
{"t":"2026-09-26T07:28:38.469Z","type":"debug","text":"JSHandle@symbol JSHandle@symbol \"Setting the current frame to 1404\" handle was cleared after 6ms"}
{"t":"2026-09-26T07:28:38.503Z","type":"debug","text":"JSHandle@symbol JSHandle@symbol \"Setting the current frame to 1405\" handle was cleared after 8ms"}
{"t":"2026-09-26T07:28:38.536Z","type":"debug","text":"JSHandle@symbol JSHandle@symbol \"Setting the current frame to 1406\" handle was cleared after 9ms"}
{"t":"2026-09-26T07:28:38.569Z","type":"debug","text":"JSHandle@symbol JSHandle@symbol \"Setting the current frame to 1407\" handle was cleared after 9ms"}
{"t":"2026-09-26T07:28:38.603Z","type":"debug","text":"JSHandle@symbol JSHandle@symbol \"Setting the current frame to 1408\" handle was cleared after 9ms"}
{"t":"2026-09-26T07:28:38.635Z","type":"debug","text":"JSHandle@symbol JSHandle@symbol \"Setting the current frame to 1409\" handle was cleared after 9ms"}
{"t":"2026-09-26T07:28:38.669Z","type":"debug","text":"JSHandle@symbol JSHandle@symbol \"Setting the current frame to 1410\" handle was cleared after 8ms"}
{"t":"2026-09-26T07:28:38.703Z","type":"debug","text":"JSHandle@symbol JSHandle@symbol \"Setting the current frame to 1411\" handle was cleared after 2ms"}
{"t":"2026-09-26T07:28:38.737Z","type":"debug","text":"JSHandle@symbol JSHandle@symbol \"Setting the current frame to 1412\" handle was cleared after 1ms"}
{"t":"2026-09-26T07:28:38.769Z","type":"debug","text":"JSHandle@symbol JSHandle@symbol \"Setting the current frame to 1413\" handle was cleared after 2ms"}
{"t":"2026-09-26T07:28:38.802Z","type":"debug","text":"JSHandle@symbol JSHandle@symbol \"Setting the current frame to 1414\" handle was cleared after 5ms"}
{"t":"2026-09-26T07:28:38.845Z","type":"debug","text":"JSHandle@symbol JSHandle@symbol \"Setting the current frame to 1415\" handle was cleared after 8ms"}
{"t":"2026-09-26T07:28:38.876Z","type":"debug","text":"JSHandle@symbol JSHandle@symbol \"Setting the current frame to 1416\" handle was cleared after 5ms"}
{"t":"2026-09-26T07:28:38.902Z","type":"debug","text":"JSHandle@symbol JSHandle@symbol \"Setting the current frame to 1417\" handle was cleared after 5ms"}
{"t":"2026-09-26T07:28:38.945Z","type":"debug","text":"JSHandle@symbol JSHandle@symbol \"Setting the current frame to 1418\" handle was cleared after 7ms"}
{"t":"2026-09-26T07:28:38.971Z","type":"debug","text":"JSHandle@symbol JSHandle@symbol \"Setting the current frame to 1419\" handle was cleared after 0ms"}
{"t":"2026-09-26T07:28:39.017Z","type":"debug","text":"JSHandle@symbol JSHandle@symbol \"Setting the current frame to 1420\" handle was cleared after 1ms"}
{"t":"2026-09-26T07:28:39.061Z","type":"debug","text":"JSHandle@symbol JSHandle@symbol \"Setting the current frame to 1421\" handle was cleared after 5ms"}
{"t":"2026-09-26T07:28:39.086Z","type":"debug","text":"JSHandle@symbol JSHandle@symbol \"Setting the current frame to 1422\" handle was cleared after 3ms"}
{"t":"2026-09-26T07:28:39.118Z","type":"debug","text":"JSHandle@symbol JSHandle@symbol \"Setting the current frame to 1423\" handle was cleared after 2ms"}
{"t":"2026-09-26T07:28:39.153Z","type":"debug","text":"JSHandle@symbol JSHandle@symbol \"Setting the current frame to 1424\" handle was cleared after 5ms"}
{"t":"2026-09-26T07:28:39.186Z","type":"debug","text":"JSHandle@symbol JSHandle@symbol \"Setting the current frame to 1425\" handle was cleared after 3ms"}
{"t":"2026-09-26T07:28:39.218Z","type":"debug","text":"JSHandle@symbol JSHandle@symbol \"Setting the current frame to 1426\" handle was cleared after 2ms"}
{"t":"2026-09-26T07:28:39.252Z","type":"debug","text":"JSHandle@symbol JSHandle@symbol \"Setting the current frame to 1427\" handle was cleared after 0ms"}
{"t":"2026-09-26T07:28:39.285Z","type":"debug","text":"JSHandle@symbol JSHandle@symbol \"Setting the current frame to 1428\" handle was cleared after 1ms"}
{"t":"2026-09-26T07:28:39.319Z","type":"debug","text":"JSHandle@symbol JSHandle@symbol \"Setting the current frame to 1429\" handle was cleared after 7ms"}
{"t":"2026-09-26T07:28:39.351Z","type":"debug","text":"JSHandle@symbol JSHandle@symbol \"Setting the current frame to 1430\" handle was cleared after 5ms"}
{"t":"2026-09-26T07:28:39.385Z","type":"debug","text":"JSHandle@symbol JSHandle@symbol \"Setting the current frame to 1431\" handle was cleared after 9ms"}
{"t":"2026-09-26T07:28:39.419Z","type":"debug","text":"JSHandle@symbol JSHandle@symbol \"Setting the current frame to 1432\" handle was cleared after 8ms"}
{"t":"2026-09-26T07:28:39.453Z","type":"debug","text":"JSHandle@symbol JSHandle@symbol \"Setting the current frame to 1433\" handle was cleared after 5ms"}
{"t":"2026-09-26T07:28:39.493Z","type":"debug","text":"JSHandle@symbol JSHandle@symbol \"Setting the current frame to 1434\" handle was cleared after 7ms"}
{"t":"2026-09-26T07:28:39.527Z","type":"debug","text":"JSHandle@symbol JSHandle@symbol \"Setting the current frame to 1435\" handle was cleared after 7ms"}
{"t":"2026-09-26T07:28:39.554Z","type":"debug","text":"JSHandle@symbol JSHandle@symbol \"Setting the current frame to 1436\" handle was cleared after 4ms"}
{"t":"2026-09-26T07:28:39.586Z","type":"debug","text":"JSHandle@symbol JSHandle@symbol \"Setting the current frame to 1437\" handle was cleared after 3ms"}
{"t":"2026-09-26T07:28:39.618Z","type":"debug","text":"JSHandle@symbol JSHandle@symbol \"Setting the current frame to 1438\" handle was cleared after 5ms"}
{"t":"2026-09-26T07:28:39.652Z","type":"debug","text":"JSHandle@symbol JSHandle@symbol \"Setting the current frame to 1439\" handle was cleared after 3ms"}
{"t":"2026-09-26T07:28:39.687Z","type":"debug","text":"JSHandle@symbol JSHandle@symbol \"Setting the current frame to 1440\" handle was cleared after 4ms"}
{"t":"2026-09-26T07:28:39.725Z","type":"debug","text":"JSHandle@symbol JSHandle@symbol \"Setting the current frame to 1441\" handle was cleared after 4ms"}
{"t":"2026-09-26T07:28:39.752Z","type":"debug","text":"JSHandle@symbol JSHandle@symbol \"Setting the current frame to 1442\" handle was cleared after 4ms"}
{"t":"2026-09-26T07:28:39.797Z","type":"debug","text":"JSHandle@symbol JSHandle@symbol \"Setting the current frame to 1443\" handle was cleared after 3ms"}
{"t":"2026-09-26T07:28:39.818Z","type":"debug","text":"JSHandle@symbol JSHandle@symbol \"Setting the current frame to 1444\" handle was cleared after 3ms"}
{"t":"2026-09-26T07:28:39.861Z","type":"debug","text":"JSHandle@symbol JSHandle@symbol \"Setting the current frame to 1445\" handle was cleared after 3ms"}
{"t":"2026-09-26T07:28:39.886Z","type":"debug","text":"JSHandle@symbol JSHandle@symbol \"Setting the current frame to 1446\" handle was cleared after 7ms"}
{"t":"2026-09-26T07:28:39.927Z","type":"debug","text":"JSHandle@symbol JSHandle@symbol \"Setting the current frame to 1447\" handle was cleared after 3ms"}
{"t":"2026-09-26T07:28:39.952Z","type":"debug","text":"JSHandle@symbol JSHandle@symbol \"Setting the current frame to 1448\" handle was cleared after 8ms"}
{"t":"2026-09-26T07:28:39.992Z","type":"debug","text":"JSHandle@symbol JSHandle@symbol \"Setting the current frame to 1449\" handle was cleared after 2ms"}
{"t":"2026-09-26T07:28:40.018Z","type":"debug","text":"JSHandle@symbol JSHandle@symbol \"Setting the current frame to 1450\" handle was cleared after 9ms"}
{"t":"2026-09-26T07:28:40.060Z","type":"debug","text":"JSHandle@symbol JSHandle@symbol \"Setting the current frame to 1451\" handle was cleared after 3ms"}
{"t":"2026-09-26T07:28:40.085Z","type":"debug","text":"JSHandle@symbol JSHandle@symbol \"Setting the current frame to 1452\" handle was cleared after 8ms"}
{"t":"2026-09-26T07:28:40.127Z","type":"debug","text":"JSHandle@symbol JSHandle@symbol \"Setting the current frame to 1453\" handle was cleared after 3ms"}
{"t":"2026-09-26T07:28:40.151Z","type":"debug","text":"JSHandle@symbol JSHandle@symbol \"Setting the current frame to 1454\" handle was cleared after 7ms"}
{"t":"2026-09-26T07:28:40.196Z","type":"debug","text":"JSHandle@symbol JSHandle@symbol \"Setting the current frame to 1455\" handle was cleared after 3ms"}
{"t":"2026-09-26T07:28:40.219Z","type":"debug","text":"JSHandle@symbol JSHandle@symbol \"Setting the current frame to 1456\" handle was cleared after 4ms"}
{"t":"2026-09-26T07:28:40.263Z","type":"debug","text":"JSHandle@symbol JSHandle@symbol \"Setting the current frame to 1457\" handle was cleared after 5ms"}
{"t":"2026-09-26T07:28:40.286Z","type":"debug","text":"JSHandle@symbol JSHandle@symbol \"Setting the current frame to 1458\" handle was cleared after 5ms"}
{"t":"2026-09-26T07:28:40.332Z","type":"debug","text":"JSHandle@symbol JSHandle@symbol \"Setting the current frame to 1459\" handle was cleared after 4ms"}
{"t":"2026-09-26T07:28:40.353Z","type":"debug","text":"JSHandle@symbol JSHandle@symbol \"Setting the current frame to 1460\" handle was cleared after 0ms"}
{"t":"2026-09-26T07:28:40.396Z","type":"debug","text":"JSHandle@symbol JSHandle@symbol \"Setting the current frame to 1461\" handle was cleared after 3ms"}
{"t":"2026-09-26T07:28:40.418Z","type":"debug","text":"JSHandle@symbol JSHandle@symbol \"Setting the current frame to 1462\" handle was cleared after 2ms"}
{"t":"2026-09-26T07:28:40.465Z","type":"debug","text":"JSHandle@symbol JSHandle@symbol \"Setting the current frame to 1463\" handle was cleared after 4ms"}
{"t":"2026-09-26T07:28:40.484Z","type":"debug","text":"JSHandle@symbol JSHandle@symbol \"Setting the current frame to 1464\" handle was cleared after 1ms"}
{"t":"2026-09-26T07:28:40.529Z","type":"debug","text":"JSHandle@symbol JSHandle@symbol \"Setting the current frame to 1465\" handle was cleared after 4ms"}
{"t":"2026-09-26T07:28:40.553Z","type":"debug","text":"JSHandle@symbol JSHandle@symbol \"Setting the current frame to 1466\" handle was cleared after 5ms"}
{"t":"2026-09-26T07:28:40.595Z","type":"debug","text":"JSHandle@symbol JSHandle@symbol \"Setting the current frame to 1467\" handle was cleared after 3ms"}
{"t":"2026-09-26T07:28:40.618Z","type":"debug","text":"JSHandle@symbol JSHandle@symbol \"Setting the current frame to 1468\" handle was cleared after 7ms"}
{"t":"2026-09-26T07:28:40.661Z","type":"debug","text":"JSHandle@symbol JSHandle@symbol \"Setting the current frame to 1469\" handle was cleared after 1ms"}
{"t":"2026-09-26T07:28:40.686Z","type":"debug","text":"JSHandle@symbol JSHandle@symbol \"Setting the current frame to 1470\" handle was cleared after 8ms"}
{"t":"2026-09-26T07:28:40.727Z","type":"debug","text":"JSHandle@symbol JSHandle@symbol \"Setting the current frame to 1471\" handle was cleared after 3ms"}
{"t":"2026-09-26T07:28:40.752Z","type":"debug","text":"JSHandle@symbol JSHandle@symbol \"Setting the current frame to 1472\" handle was cleared after 7ms"}
{"t":"2026-09-26T07:28:40.796Z","type":"debug","text":"JSHandle@symbol JSHandle@symbol \"Setting the current frame to 1473\" handle was cleared after 4ms"}
{"t":"2026-09-26T07:28:40.819Z","type":"debug","text":"JSHandle@symbol JSHandle@symbol \"Setting the current frame to 1474\" handle was cleared after 4ms"}
{"t":"2026-09-26T07:28:40.861Z","type":"debug","text":"JSHandle@symbol JSHandle@symbol \"Setting the current frame to 1475\" handle was cleared after 2ms"}
{"t":"2026-09-26T07:28:40.885Z","type":"debug","text":"JSHandle@symbol JSHandle@symbol \"Setting the current frame to 1476\" handle was cleared after 2ms"}
{"t":"2026-09-26T07:28:40.928Z","type":"debug","text":"JSHandle@symbol JSHandle@symbol \"Setting the current frame to 1477\" handle was cleared after 3ms"}
{"t":"2026-09-26T07:28:40.953Z","type":"debug","text":"JSHandle@symbol JSHandle@symbol \"Setting the current frame to 1478\" handle was cleared after 4ms"}
{"t":"2026-09-26T07:28:40.996Z","type":"debug","text":"JSHandle@symbol JSHandle@symbol \"Setting the current frame to 1479\" handle was cleared after 4ms"}
{"t":"2026-09-26T07:28:41.019Z","type":"debug","text":"JSHandle@symbol JSHandle@symbol \"Setting the current frame to 1480\" handle was cleared after 2ms"}
{"t":"2026-09-26T07:28:41.063Z","type":"debug","text":"JSHandle@symbol JSHandle@symbol \"Setting the current frame to 1481\" handle was cleared after 4ms"}
{"t":"2026-09-26T07:28:41.086Z","type":"debug","text":"JSHandle@symbol JSHandle@symbol \"Setting the current frame to 1482\" handle was cleared after 4ms"}
{"t":"2026-09-26T07:28:41.130Z","type":"debug","text":"JSHandle@symbol JSHandle@symbol \"Setting the current frame to 1483\" handle was cleared after 3ms"}
{"t":"2026-09-26T07:28:41.153Z","type":"debug","text":"JSHandle@symbol JSHandle@symbol \"Setting the current frame to 1484\" handle was cleared after 4ms"}
{"t":"2026-09-26T07:28:41.197Z","type":"debug","text":"JSHandle@symbol JSHandle@symbol \"Setting the current frame to 1485\" handle was cleared after 4ms"}
{"t":"2026-09-26T07:28:41.220Z","type":"debug","text":"JSHandle@symbol JSHandle@symbol \"Setting the current frame to 1486\" handle was cleared after 4ms"}
{"t":"2026-09-26T07:28:41.262Z","type":"debug","text":"JSHandle@symbol JSHandle@symbol \"Setting the current frame to 1487\" handle was cleared after 3ms"}
{"t":"2026-09-26T07:28:41.285Z","type":"debug","text":"JSHandle@symbol JSHandle@symbol \"Setting the current frame to 1488\" handle was cleared after 3ms"}
{"t":"2026-09-26T07:28:41.333Z","type":"debug","text":"JSHandle@symbol JSHandle@symbol \"Setting the current frame to 1489\" handle was cleared after 4ms"}
{"t":"2026-09-26T07:28:41.358Z","type":"debug","text":"JSHandle@symbol JSHandle@symbol \"Setting the current frame to 1490\" handle was cleared after 0ms"}
{"t":"2026-09-26T07:28:41.394Z","type":"debug","text":"JSHandle@symbol JSHandle@symbol \"Setting the current frame to 1491\" handle was cleared after 0ms"}
{"t":"2026-09-26T07:28:41.431Z","type":"debug","text":"JSHandle@symbol JSHandle@symbol \"Setting the current frame to 1492\" handle was cleared after 1ms"}
{"t":"2026-09-26T07:28:41.460Z","type":"debug","text":"JSHandle@symbol JSHandle@symbol \"Setting the current frame to 1493\" handle was cleared after 1ms"}
{"t":"2026-09-26T07:28:41.493Z","type":"debug","text":"JSHandle@symbol JSHandle@symbol \"Setting the current frame to 1494\" handle was cleared after 1ms"}
{"t":"2026-09-26T07:28:41.526Z","type":"debug","text":"JSHandle@symbol JSHandle@symbol \"Setting the current frame to 1495\" handle was cleared after 0ms"}
{"t":"2026-09-26T07:28:41.559Z","type":"debug","text":"JSHandle@symbol JSHandle@symbol \"Setting the current frame to 1496\" handle was cleared after 0ms"}
{"t":"2026-09-26T07:28:41.594Z","type":"debug","text":"JSHandle@symbol JSHandle@symbol \"Setting the current frame to 1497\" handle was cleared after 1ms"}
{"t":"2026-09-26T07:28:41.624Z","type":"debug","text":"JSHandle@symbol JSHandle@symbol \"Setting the current frame to 1498\" handle was cleared after 0ms"}
{"t":"2026-09-26T07:28:41.658Z","type":"debug","text":"JSHandle@symbol JSHandle@symbol \"Setting the current frame to 1499\" handle was cleared after 0ms"}
{"t":"2026-09-26T07:28:41.694Z","type":"debug","text":"JSHandle@symbol JSHandle@symbol \"Setting the current frame to 1500\" handle was cleared after 1ms"}
{"t":"2026-09-26T07:28:41.729Z","type":"debug","text":"JSHandle@symbol JSHandle@symbol \"Setting the current frame to 1501\" handle was cleared after 1ms"}
{"t":"2026-09-26T07:28:41.765Z","type":"debug","text":"JSHandle@symbol JSHandle@symbol \"Setting the current frame to 1502\" handle was cleared after 1ms"}
{"t":"2026-09-26T07:28:41.796Z","type":"debug","text":"JSHandle@symbol JSHandle@symbol \"Setting the current frame to 1503\" handle was cleared after 2ms"}
{"t":"2026-09-26T07:28:41.834Z","type":"debug","text":"JSHandle@symbol JSHandle@symbol \"Setting the current frame to 1504\" handle was cleared after 1ms"}
{"t":"2026-09-26T07:28:41.868Z","type":"debug","text":"JSHandle@symbol JSHandle@symbol \"Setting the current frame to 1505\" handle was cleared after 0ms"}
{"t":"2026-09-26T07:28:41.918Z","type":"debug","text":"JSHandle@symbol JSHandle@symbol \"Setting the current frame to 1506\" handle was cleared after 10ms"}
{"t":"2026-09-26T07:28:41.941Z","type":"debug","text":"JSHandle@symbol JSHandle@symbol \"Setting the current frame to 1507\" handle was cleared after 0ms"}
{"t":"2026-09-26T07:28:41.985Z","type":"debug","text":"JSHandle@symbol JSHandle@symbol \"Setting the current frame to 1508\" handle was cleared after 0ms"}
{"t":"2026-09-26T07:28:42.011Z","type":"debug","text":"JSHandle@symbol JSHandle@symbol \"Setting the current frame to 1509\" handle was cleared after 1ms"}
{"t":"2026-09-26T07:28:42.053Z","type":"debug","text":"JSHandle@symbol JSHandle@symbol \"Setting the current frame to 1510\" handle was cleared after 9ms"}
{"t":"2026-09-26T07:28:42.083Z","type":"debug","text":"JSHandle@symbol JSHandle@symbol \"Setting the current frame to 1511\" handle was cleared after 0ms"}
{"t":"2026-09-26T07:28:42.119Z","type":"debug","text":"JSHandle@symbol JSHandle@symbol \"Setting the current frame to 1512\" handle was cleared after 0ms"}
{"t":"2026-09-26T07:28:42.153Z","type":"debug","text":"JSHandle@symbol JSHandle@symbol \"Setting the current frame to 1513\" handle was cleared after 1ms"}
{"t":"2026-09-26T07:28:42.200Z","type":"debug","text":"JSHandle@symbol JSHandle@symbol \"Setting the current frame to 1514\" handle was cleared after 6ms"}
{"t":"2026-09-26T07:28:42.222Z","type":"debug","text":"JSHandle@symbol JSHandle@symbol \"Setting the current frame to 1515\" handle was cleared after 0ms"}
{"t":"2026-09-26T07:28:42.263Z","type":"debug","text":"JSHandle@symbol JSHandle@symbol \"Setting the current frame to 1516\" handle was cleared after 0ms"}
{"t":"2026-09-26T07:28:42.295Z","type":"debug","text":"JSHandle@symbol JSHandle@symbol \"Setting the current frame to 1517\" handle was cleared after 1ms"}
{"t":"2026-09-26T07:28:42.327Z","type":"debug","text":"JSHandle@symbol JSHandle@symbol \"Setting the current frame to 1518\" handle was cleared after 0ms"}
{"t":"2026-09-26T07:28:42.364Z","type":"debug","text":"JSHandle@symbol JSHandle@symbol \"Setting the current frame to 1519\" handle was cleared after 1ms"}
{"t":"2026-09-26T07:28:42.394Z","type":"debug","text":"JSHandle@symbol JSHandle@symbol \"Setting the current frame to 1520\" handle was cleared after 1ms"}
{"t":"2026-09-26T07:28:42.427Z","type":"debug","text":"JSHandle@symbol JSHandle@symbol \"Setting the current frame to 1521\" handle was cleared after 0ms"}
{"t":"2026-09-26T07:28:42.461Z","type":"debug","text":"JSHandle@symbol JSHandle@symbol \"Setting the current frame to 1522\" handle was cleared after 1ms"}
{"t":"2026-09-26T07:28:42.493Z","type":"debug","text":"JSHandle@symbol JSHandle@symbol \"Setting the current frame to 1523\" handle was cleared after 0ms"}
{"t":"2026-09-26T07:28:42.528Z","type":"debug","text":"JSHandle@symbol JSHandle@symbol \"Setting the current frame to 1524\" handle was cleared after 1ms"}
{"t":"2026-09-26T07:28:42.564Z","type":"debug","text":"JSHandle@symbol JSHandle@symbol \"Setting the current frame to 1525\" handle was cleared after 1ms"}
{"t":"2026-09-26T07:28:42.600Z","type":"debug","text":"JSHandle@symbol JSHandle@symbol \"Setting the current frame to 1526\" handle was cleared after 1ms"}
{"t":"2026-09-26T07:28:42.629Z","type":"debug","text":"JSHandle@symbol JSHandle@symbol \"Setting the current frame to 1527\" handle was cleared after 1ms"}
{"t":"2026-09-26T07:28:42.663Z","type":"debug","text":"JSHandle@symbol JSHandle@symbol \"Setting the current frame to 1528\" handle was cleared after 0ms"}
{"t":"2026-09-26T07:28:42.695Z","type":"debug","text":"JSHandle@symbol JSHandle@symbol \"Setting the current frame to 1529\" handle was cleared after 1ms"}
{"t":"2026-09-26T07:28:42.734Z","type":"debug","text":"JSHandle@symbol JSHandle@symbol \"Setting the current frame to 1530\" handle was cleared after 1ms"}
{"t":"2026-09-26T07:28:42.759Z","type":"debug","text":"JSHandle@symbol JSHandle@symbol \"Setting the current frame to 1531\" handle was cleared after 1ms"}
{"t":"2026-09-26T07:28:42.802Z","type":"debug","text":"JSHandle@symbol JSHandle@symbol \"Setting the current frame to 1532\" handle was cleared after 7ms"}
{"t":"2026-09-26T07:28:42.829Z","type":"debug","text":"JSHandle@symbol JSHandle@symbol \"Setting the current frame to 1533\" handle was cleared after 1ms"}
{"t":"2026-09-26T07:28:42.869Z","type":"debug","text":"JSHandle@symbol JSHandle@symbol \"Setting the current frame to 1534\" handle was cleared after 6ms"}
{"t":"2026-09-26T07:28:42.893Z","type":"debug","text":"JSHandle@symbol JSHandle@symbol \"Setting the current frame to 1535\" handle was cleared after 1ms"}
{"t":"2026-09-26T07:28:42.936Z","type":"debug","text":"JSHandle@symbol JSHandle@symbol \"Setting the current frame to 1536\" handle was cleared after 11ms"}
{"t":"2026-09-26T07:28:42.961Z","type":"debug","text":"JSHandle@symbol JSHandle@symbol \"Setting the current frame to 1537\" handle was cleared after 0ms"}
{"t":"2026-09-26T07:28:43.002Z","type":"debug","text":"JSHandle@symbol JSHandle@symbol \"Setting the current frame to 1538\" handle was cleared after 11ms"}
{"t":"2026-09-26T07:28:43.029Z","type":"debug","text":"JSHandle@symbol JSHandle@symbol \"Setting the current frame to 1539\" handle was cleared after 0ms"}
{"t":"2026-09-26T07:28:43.068Z","type":"debug","text":"JSHandle@symbol JSHandle@symbol \"Setting the current frame to 1540\" handle was cleared after 9ms"}
{"t":"2026-09-26T07:28:43.092Z","type":"debug","text":"JSHandle@symbol JSHandle@symbol \"Setting the current frame to 1541\" handle was cleared after 1ms"}
{"t":"2026-09-26T07:28:43.135Z","type":"debug","text":"JSHandle@symbol JSHandle@symbol \"Setting the current frame to 1542\" handle was cleared after 8ms"}
{"t":"2026-09-26T07:28:43.166Z","type":"debug","text":"JSHandle@symbol JSHandle@symbol \"Setting the current frame to 1543\" handle was cleared after 0ms"}
{"t":"2026-09-26T07:28:43.201Z","type":"debug","text":"JSHandle@symbol JSHandle@symbol \"Setting the current frame to 1544\" handle was cleared after 7ms"}
{"t":"2026-09-26T07:28:43.226Z","type":"debug","text":"JSHandle@symbol JSHandle@symbol \"Setting the current frame to 1545\" handle was cleared after 1ms"}
{"t":"2026-09-26T07:28:43.268Z","type":"debug","text":"JSHandle@symbol JSHandle@symbol \"Setting the current frame to 1546\" handle was cleared after 8ms"}
{"t":"2026-09-26T07:28:43.293Z","type":"debug","text":"JSHandle@symbol JSHandle@symbol \"Setting the current frame to 1547\" handle was cleared after 1ms"}
{"t":"2026-09-26T07:28:43.336Z","type":"debug","text":"JSHandle@symbol JSHandle@symbol \"Setting the current frame to 1548\" handle was cleared after 8ms"}
{"t":"2026-09-26T07:28:43.362Z","type":"debug","text":"JSHandle@symbol JSHandle@symbol \"Setting the current frame to 1549\" handle was cleared after 1ms"}
{"t":"2026-09-26T07:28:43.402Z","type":"debug","text":"JSHandle@symbol JSHandle@symbol \"Setting the current frame to 1550\" handle was cleared after 9ms"}
{"t":"2026-09-26T07:28:43.428Z","type":"debug","text":"JSHandle@symbol JSHandle@symbol \"Setting the current frame to 1551\" handle was cleared after 0ms"}
{"t":"2026-09-26T07:28:43.464Z","type":"debug","text":"JSHandle@symbol JSHandle@symbol \"Setting the current frame to 1552\" handle was cleared after 1ms"}
{"t":"2026-09-26T07:28:43.494Z","type":"debug","text":"JSHandle@symbol JSHandle@symbol \"Setting the current frame to 1553\" handle was cleared after 1ms"}
{"t":"2026-09-26T07:28:43.527Z","type":"debug","text":"JSHandle@symbol JSHandle@symbol \"Setting the current frame to 1554\" handle was cleared after 1ms"}
{"t":"2026-09-26T07:28:43.560Z","type":"debug","text":"JSHandle@symbol JSHandle@symbol \"Setting the current frame to 1555\" handle was cleared after 1ms"}
{"t":"2026-09-26T07:28:43.595Z","type":"debug","text":"JSHandle@symbol JSHandle@symbol \"Setting the current frame to 1556\" handle was cleared after 0ms"}
{"t":"2026-09-26T07:28:43.627Z","type":"debug","text":"JSHandle@symbol JSHandle@symbol \"Setting the current frame to 1557\" handle was cleared after 0ms"}
{"t":"2026-09-26T07:28:43.659Z","type":"debug","text":"JSHandle@symbol JSHandle@symbol \"Setting the current frame to 1558\" handle was cleared after 1ms"}
{"t":"2026-09-26T07:28:43.696Z","type":"debug","text":"JSHandle@symbol JSHandle@symbol \"Setting the current frame to 1559\" handle was cleared after 1ms"}
{"t":"2026-09-26T07:28:43.729Z","type":"debug","text":"JSHandle@symbol JSHandle@symbol \"Setting the current frame to 1560\" handle was cleared after 1ms"}
{"t":"2026-09-26T07:28:43.779Z","type":"debug","text":"JSHandle@symbol JSHandle@symbol \"Setting the current frame to 1561\" handle was cleared after 5ms"}
{"t":"2026-09-26T07:28:43.798Z","type":"debug","text":"JSHandle@symbol JSHandle@symbol \"Setting the current frame to 1562\" handle was cleared after 1ms"}
{"t":"2026-09-26T07:28:43.843Z","type":"debug","text":"JSHandle@symbol JSHandle@symbol \"Setting the current frame to 1563\" handle was cleared after 3ms"}
{"t":"2026-09-26T07:28:43.860Z","type":"debug","text":"JSHandle@symbol JSHandle@symbol \"Setting the current frame to 1564\" handle was cleared after 1ms"}
{"t":"2026-09-26T07:28:43.909Z","type":"debug","text":"JSHandle@symbol JSHandle@symbol \"Setting the current frame to 1565\" handle was cleared after 3ms"}
{"t":"2026-09-26T07:28:43.926Z","type":"debug","text":"JSHandle@symbol JSHandle@symbol \"Setting the current frame to 1566\" handle was cleared after 0ms"}
{"t":"2026-09-26T07:28:43.974Z","type":"debug","text":"JSHandle@symbol JSHandle@symbol \"Setting the current frame to 1567\" handle was cleared after 3ms"}
{"t":"2026-09-26T07:28:43.992Z","type":"debug","text":"JSHandle@symbol JSHandle@symbol \"Setting the current frame to 1568\" handle was cleared after 0ms"}
{"t":"2026-09-26T07:28:44.044Z","type":"debug","text":"JSHandle@symbol JSHandle@symbol \"Setting the current frame to 1569\" handle was cleared after 3ms"}
{"t":"2026-09-26T07:28:44.061Z","type":"debug","text":"JSHandle@symbol JSHandle@symbol \"Setting the current frame to 1570\" handle was cleared after 0ms"}
{"t":"2026-09-26T07:28:44.109Z","type":"debug","text":"JSHandle@symbol JSHandle@symbol \"Setting the current frame to 1571\" handle was cleared after 3ms"}
{"t":"2026-09-26T07:28:44.125Z","type":"debug","text":"JSHandle@symbol JSHandle@symbol \"Setting the current frame to 1572\" handle was cleared after 1ms"}
{"t":"2026-09-26T07:28:44.176Z","type":"debug","text":"JSHandle@symbol JSHandle@symbol \"Setting the current frame to 1573\" handle was cleared after 3ms"}
{"t":"2026-09-26T07:28:44.193Z","type":"debug","text":"JSHandle@symbol JSHandle@symbol \"Setting the current frame to 1574\" handle was cleared after 0ms"}
{"t":"2026-09-26T07:28:44.242Z","type":"debug","text":"JSHandle@symbol JSHandle@symbol \"Setting the current frame to 1575\" handle was cleared after 3ms"}
{"t":"2026-09-26T07:28:44.259Z","type":"debug","text":"JSHandle@symbol JSHandle@symbol \"Setting the current frame to 1576\" handle was cleared after 0ms"}
{"t":"2026-09-26T07:28:44.309Z","type":"debug","text":"JSHandle@symbol JSHandle@symbol \"Setting the current frame to 1577\" handle was cleared after 3ms"}
{"t":"2026-09-26T07:28:44.328Z","type":"debug","text":"JSHandle@symbol JSHandle@symbol \"Setting the current frame to 1578\" handle was cleared after 0ms"}
{"t":"2026-09-26T07:28:44.376Z","type":"debug","text":"JSHandle@symbol JSHandle@symbol \"Setting the current frame to 1579\" handle was cleared after 3ms"}
{"t":"2026-09-26T07:28:44.393Z","type":"debug","text":"JSHandle@symbol JSHandle@symbol \"Setting the current frame to 1580\" handle was cleared after 0ms"}
{"t":"2026-09-26T07:28:44.442Z","type":"debug","text":"JSHandle@symbol JSHandle@symbol \"Setting the current frame to 1581\" handle was cleared after 2ms"}
{"t":"2026-09-26T07:28:44.459Z","type":"debug","text":"JSHandle@symbol JSHandle@symbol \"Setting the current frame to 1582\" handle was cleared after 0ms"}
{"t":"2026-09-26T07:28:44.514Z","type":"debug","text":"JSHandle@symbol JSHandle@symbol \"Setting the current frame to 1583\" handle was cleared after 3ms"}
{"t":"2026-09-26T07:28:44.532Z","type":"debug","text":"JSHandle@symbol JSHandle@symbol \"Setting the current frame to 1584\" handle was cleared after 1ms"}
{"t":"2026-09-26T07:28:44.578Z","type":"debug","text":"JSHandle@symbol JSHandle@symbol \"Setting the current frame to 1585\" handle was cleared after 3ms"}
{"t":"2026-09-26T07:28:44.596Z","type":"debug","text":"JSHandle@symbol JSHandle@symbol \"Setting the current frame to 1586\" handle was cleared after 1ms"}
{"t":"2026-09-26T07:28:44.646Z","type":"debug","text":"JSHandle@symbol JSHandle@symbol \"Setting the current frame to 1587\" handle was cleared after 3ms"}
{"t":"2026-09-26T07:28:44.664Z","type":"debug","text":"JSHandle@symbol JSHandle@symbol \"Setting the current frame to 1588\" handle was cleared after 1ms"}
{"t":"2026-09-26T07:28:44.714Z","type":"debug","text":"JSHandle@symbol JSHandle@symbol \"Setting the current frame to 1589\" handle was cleared after 3ms"}
{"t":"2026-09-26T07:28:44.733Z","type":"debug","text":"JSHandle@symbol JSHandle@symbol \"Setting the current frame to 1590\" handle was cleared after 1ms"}
{"t":"2026-09-26T07:28:44.777Z","type":"debug","text":"JSHandle@symbol JSHandle@symbol \"Setting the current frame to 1591\" handle was cleared after 2ms"}
{"t":"2026-09-26T07:28:44.796Z","type":"debug","text":"JSHandle@symbol JSHandle@symbol \"Setting the current frame to 1592\" handle was cleared after 1ms"}
{"t":"2026-09-26T07:28:44.845Z","type":"debug","text":"JSHandle@symbol JSHandle@symbol \"Setting the current frame to 1593\" handle was cleared after 3ms"}
{"t":"2026-09-26T07:28:44.867Z","type":"debug","text":"JSHandle@symbol JSHandle@symbol \"Setting the current frame to 1594\" handle was cleared after 0ms"}
{"t":"2026-09-26T07:28:44.917Z","type":"debug","text":"JSHandle@symbol JSHandle@symbol \"Setting the current frame to 1595\" handle was cleared after 0ms"}
{"t":"2026-09-26T07:28:44.934Z","type":"debug","text":"JSHandle@symbol JSHandle@symbol \"Setting the current frame to 1596\" handle was cleared after 2ms"}
{"t":"2026-09-26T07:28:44.985Z","type":"debug","text":"JSHandle@symbol JSHandle@symbol \"Setting the current frame to 1597\" handle was cleared after 7ms"}
{"t":"2026-09-26T07:28:45.001Z","type":"debug","text":"JSHandle@symbol JSHandle@symbol \"Setting the current frame to 1598\" handle was cleared after 1ms"}
{"t":"2026-09-26T07:28:45.061Z","type":"debug","text":"JSHandle@symbol JSHandle@symbol \"Setting the current frame to 1599\" handle was cleared after 10ms"}
{"t":"2026-09-26T07:28:45.068Z","type":"debug","text":"JSHandle@symbol JSHandle@symbol \"Setting the current frame to 1600\" handle was cleared after 4ms"}
{"t":"2026-09-26T07:28:45.131Z","type":"debug","text":"JSHandle@symbol JSHandle@symbol \"Setting the current frame to 1601\" handle was cleared after 10ms"}
{"t":"2026-09-26T07:28:45.134Z","type":"debug","text":"JSHandle@symbol JSHandle@symbol \"Setting the current frame to 1602\" handle was cleared after 2ms"}
{"t":"2026-09-26T07:28:45.200Z","type":"debug","text":"JSHandle@symbol JSHandle@symbol \"Setting the current frame to 1603\" handle was cleared after 8ms"}
{"t":"2026-09-26T07:28:45.203Z","type":"debug","text":"JSHandle@symbol JSHandle@symbol \"Setting the current frame to 1604\" handle was cleared after 1ms"}
{"t":"2026-09-26T07:28:45.263Z","type":"debug","text":"JSHandle@symbol JSHandle@symbol \"Setting the current frame to 1605\" handle was cleared after 11ms"}
{"t":"2026-09-26T07:28:45.269Z","type":"debug","text":"JSHandle@symbol JSHandle@symbol \"Setting the current frame to 1606\" handle was cleared after 3ms"}
{"t":"2026-09-26T07:28:45.325Z","type":"debug","text":"JSHandle@symbol JSHandle@symbol \"Setting the current frame to 1607\" handle was cleared after 14ms"}
{"t":"2026-09-26T07:28:45.336Z","type":"debug","text":"JSHandle@symbol JSHandle@symbol \"Setting the current frame to 1608\" handle was cleared after 8ms"}
{"t":"2026-09-26T07:28:45.394Z","type":"debug","text":"JSHandle@symbol JSHandle@symbol \"Setting the current frame to 1609\" handle was cleared after 10ms"}
{"t":"2026-09-26T07:28:45.401Z","type":"debug","text":"JSHandle@symbol JSHandle@symbol \"Setting the current frame to 1610\" handle was cleared after 5ms"}
{"t":"2026-09-26T07:28:45.461Z","type":"debug","text":"JSHandle@symbol JSHandle@symbol \"Setting the current frame to 1611\" handle was cleared after 12ms"}
{"t":"2026-09-26T07:28:45.468Z","type":"debug","text":"JSHandle@symbol JSHandle@symbol \"Setting the current frame to 1612\" handle was cleared after 6ms"}
{"t":"2026-09-26T07:28:45.524Z","type":"debug","text":"JSHandle@symbol JSHandle@symbol \"Setting the current frame to 1613\" handle was cleared after 12ms"}
{"t":"2026-09-26T07:28:45.535Z","type":"debug","text":"JSHandle@symbol JSHandle@symbol \"Setting the current frame to 1614\" handle was cleared after 4ms"}
{"t":"2026-09-26T07:28:45.597Z","type":"debug","text":"JSHandle@symbol JSHandle@symbol \"Setting the current frame to 1615\" handle was cleared after 6ms"}
{"t":"2026-09-26T07:28:45.601Z","type":"debug","text":"JSHandle@symbol JSHandle@symbol \"Setting the current frame to 1616\" handle was cleared after 2ms"}
{"t":"2026-09-26T07:28:45.663Z","type":"debug","text":"JSHandle@symbol JSHandle@symbol \"Setting the current frame to 1617\" handle was cleared after 8ms"}
{"t":"2026-09-26T07:28:45.669Z","type":"debug","text":"JSHandle@symbol JSHandle@symbol \"Setting the current frame to 1618\" handle was cleared after 4ms"}
{"t":"2026-09-26T07:28:45.726Z","type":"debug","text":"JSHandle@symbol JSHandle@symbol \"Setting the current frame to 1619\" handle was cleared after 12ms"}
{"t":"2026-09-26T07:28:45.736Z","type":"debug","text":"JSHandle@symbol JSHandle@symbol \"Setting the current frame to 1620\" handle was cleared after 8ms"}
{"t":"2026-09-26T07:28:45.793Z","type":"debug","text":"JSHandle@symbol JSHandle@symbol \"Setting the current frame to 1621\" handle was cleared after 11ms"}
{"t":"2026-09-26T07:28:45.803Z","type":"debug","text":"JSHandle@symbol JSHandle@symbol \"Setting the current frame to 1622\" handle was cleared after 8ms"}
{"t":"2026-09-26T07:28:45.862Z","type":"debug","text":"JSHandle@symbol JSHandle@symbol \"Setting the current frame to 1623\" handle was cleared after 10ms"}
{"t":"2026-09-26T07:28:45.868Z","type":"debug","text":"JSHandle@symbol JSHandle@symbol \"Setting the current frame to 1624\" handle was cleared after 4ms"}
{"t":"2026-09-26T07:28:45.920Z","type":"debug","text":"JSHandle@symbol JSHandle@symbol \"Setting the current frame to 1625\" handle was cleared after 9ms"}
{"t":"2026-09-26T07:28:45.947Z","type":"debug","text":"JSHandle@symbol JSHandle@symbol \"Setting the current frame to 1626\" handle was cleared after 0ms"}
{"t":"2026-09-26T07:28:45.985Z","type":"debug","text":"JSHandle@symbol JSHandle@symbol \"Setting the current frame to 1627\" handle was cleared after 3ms"}
{"t":"2026-09-26T07:28:46.010Z","type":"debug","text":"JSHandle@symbol JSHandle@symbol \"Setting the current frame to 1628\" handle was cleared after 1ms"}
{"t":"2026-09-26T07:28:46.052Z","type":"debug","text":"JSHandle@symbol JSHandle@symbol \"Setting the current frame to 1629\" handle was cleared after 8ms"}
{"t":"2026-09-26T07:28:46.075Z","type":"debug","text":"JSHandle@symbol JSHandle@symbol \"Setting the current frame to 1630\" handle was cleared after 0ms"}
{"t":"2026-09-26T07:28:46.118Z","type":"debug","text":"JSHandle@symbol JSHandle@symbol \"Setting the current frame to 1631\" handle was cleared after 10ms"}
{"t":"2026-09-26T07:28:46.146Z","type":"debug","text":"JSHandle@symbol JSHandle@symbol \"Setting the current frame to 1632\" handle was cleared after 1ms"}
{"t":"2026-09-26T07:28:46.186Z","type":"debug","text":"JSHandle@symbol JSHandle@symbol \"Setting the current frame to 1633\" handle was cleared after 11ms"}
{"t":"2026-09-26T07:28:46.209Z","type":"debug","text":"JSHandle@symbol JSHandle@symbol \"Setting the current frame to 1634\" handle was cleared after 1ms"}
{"t":"2026-09-26T07:28:46.252Z","type":"debug","text":"JSHandle@symbol JSHandle@symbol \"Setting the current frame to 1635\" handle was cleared after 10ms"}
{"t":"2026-09-26T07:28:46.276Z","type":"debug","text":"JSHandle@symbol JSHandle@symbol \"Setting the current frame to 1636\" handle was cleared after 0ms"}
{"t":"2026-09-26T07:28:46.318Z","type":"debug","text":"JSHandle@symbol JSHandle@symbol \"Setting the current frame to 1637\" handle was cleared after 11ms"}
{"t":"2026-09-26T07:28:46.340Z","type":"debug","text":"JSHandle@symbol JSHandle@symbol \"Setting the current frame to 1638\" handle was cleared after 1ms"}
{"t":"2026-09-26T07:28:46.385Z","type":"debug","text":"JSHandle@symbol JSHandle@symbol \"Setting the current frame to 1639\" handle was cleared after 12ms"}
{"t":"2026-09-26T07:28:46.407Z","type":"debug","text":"JSHandle@symbol JSHandle@symbol \"Setting the current frame to 1640\" handle was cleared after 1ms"}
{"t":"2026-09-26T07:28:46.451Z","type":"debug","text":"JSHandle@symbol JSHandle@symbol \"Setting the current frame to 1641\" handle was cleared after 10ms"}
{"t":"2026-09-26T07:28:46.475Z","type":"debug","text":"JSHandle@symbol JSHandle@symbol \"Setting the current frame to 1642\" handle was cleared after 1ms"}
{"t":"2026-09-26T07:28:46.520Z","type":"debug","text":"JSHandle@symbol JSHandle@symbol \"Setting the current frame to 1643\" handle was cleared after 13ms"}
{"t":"2026-09-26T07:28:46.543Z","type":"debug","text":"JSHandle@symbol JSHandle@symbol \"Setting the current frame to 1644\" handle was cleared after 1ms"}
{"t":"2026-09-26T07:28:46.586Z","type":"debug","text":"JSHandle@symbol JSHandle@symbol \"Setting the current frame to 1645\" handle was cleared after 8ms"}
{"t":"2026-09-26T07:28:46.614Z","type":"debug","text":"JSHandle@symbol JSHandle@symbol \"Setting the current frame to 1646\" handle was cleared after 1ms"}
{"t":"2026-09-26T07:28:46.652Z","type":"debug","text":"JSHandle@symbol JSHandle@symbol \"Setting the current frame to 1647\" handle was cleared after 9ms"}
{"t":"2026-09-26T07:28:46.677Z","type":"debug","text":"JSHandle@symbol JSHandle@symbol \"Setting the current frame to 1648\" handle was cleared after 1ms"}
{"t":"2026-09-26T07:28:46.718Z","type":"debug","text":"JSHandle@symbol JSHandle@symbol \"Setting the current frame to 1649\" handle was cleared after 11ms"}
{"t":"2026-09-26T07:28:46.742Z","type":"debug","text":"JSHandle@symbol JSHandle@symbol \"Setting the current frame to 1650\" handle was cleared after 1ms"}
{"t":"2026-09-26T07:28:46.785Z","type":"debug","text":"JSHandle@symbol JSHandle@symbol \"Setting the current frame to 1651\" handle was cleared after 11ms"}
{"t":"2026-09-26T07:28:46.808Z","type":"debug","text":"JSHandle@symbol JSHandle@symbol \"Setting the current frame to 1652\" handle was cleared after 1ms"}
{"t":"2026-09-26T07:28:46.851Z","type":"debug","text":"JSHandle@symbol JSHandle@symbol \"Setting the current frame to 1653\" handle was cleared after 11ms"}
{"t":"2026-09-26T07:28:46.875Z","type":"debug","text":"JSHandle@symbol JSHandle@symbol \"Setting the current frame to 1654\" handle was cleared after 0ms"}
{"t":"2026-09-26T07:28:46.918Z","type":"debug","text":"JSHandle@symbol JSHandle@symbol \"Setting the current frame to 1655\" handle was cleared after 12ms"}
{"t":"2026-09-26T07:28:46.941Z","type":"debug","text":"JSHandle@symbol JSHandle@symbol \"Setting the current frame to 1656\" handle was cleared after 1ms"}
{"t":"2026-09-26T07:28:46.986Z","type":"debug","text":"JSHandle@symbol JSHandle@symbol \"Setting the current frame to 1657\" handle was cleared after 13ms"}
{"t":"2026-09-26T07:28:47.010Z","type":"debug","text":"JSHandle@symbol JSHandle@symbol \"Setting the current frame to 1658\" handle was cleared after 1ms"}
{"t":"2026-09-26T07:28:47.052Z","type":"debug","text":"JSHandle@symbol JSHandle@symbol \"Setting the current frame to 1659\" handle was cleared after 9ms"}
{"t":"2026-09-26T07:28:47.075Z","type":"debug","text":"JSHandle@symbol JSHandle@symbol \"Setting the current frame to 1660\" handle was cleared after 0ms"}
{"t":"2026-09-26T07:28:47.118Z","type":"debug","text":"JSHandle@symbol JSHandle@symbol \"Setting the current frame to 1661\" handle was cleared after 12ms"}
{"t":"2026-09-26T07:28:47.140Z","type":"debug","text":"JSHandle@symbol JSHandle@symbol \"Setting the current frame to 1662\" handle was cleared after 1ms"}
{"t":"2026-09-26T07:28:47.185Z","type":"debug","text":"JSHandle@symbol JSHandle@symbol \"Setting the current frame to 1663\" handle was cleared after 12ms"}
{"t":"2026-09-26T07:28:47.208Z","type":"debug","text":"JSHandle@symbol JSHandle@symbol \"Setting the current frame to 1664\" handle was cleared after 1ms"}
{"t":"2026-09-26T07:28:47.252Z","type":"debug","text":"JSHandle@symbol JSHandle@symbol \"Setting the current frame to 1665\" handle was cleared after 11ms"}
{"t":"2026-09-26T07:28:47.276Z","type":"debug","text":"JSHandle@symbol JSHandle@symbol \"Setting the current frame to 1666\" handle was cleared after 0ms"}
{"t":"2026-09-26T07:28:47.318Z","type":"debug","text":"JSHandle@symbol JSHandle@symbol \"Setting the current frame to 1667\" handle was cleared after 12ms"}
{"t":"2026-09-26T07:28:47.340Z","type":"debug","text":"JSHandle@symbol JSHandle@symbol \"Setting the current frame to 1668\" handle was cleared after 1ms"}
{"t":"2026-09-26T07:28:47.386Z","type":"debug","text":"JSHandle@symbol JSHandle@symbol \"Setting the current frame to 1669\" handle was cleared after 11ms"}
{"t":"2026-09-26T07:28:47.407Z","type":"debug","text":"JSHandle@symbol JSHandle@symbol \"Setting the current frame to 1670\" handle was cleared after 1ms"}
{"t":"2026-09-26T07:28:47.452Z","type":"debug","text":"JSHandle@symbol JSHandle@symbol \"Setting the current frame to 1671\" handle was cleared after 11ms"}
{"t":"2026-09-26T07:28:47.475Z","type":"debug","text":"JSHandle@symbol JSHandle@symbol \"Setting the current frame to 1672\" handle was cleared after 0ms"}
{"t":"2026-09-26T07:28:47.518Z","type":"debug","text":"JSHandle@symbol JSHandle@symbol \"Setting the current frame to 1673\" handle was cleared after 10ms"}
{"t":"2026-09-26T07:28:47.541Z","type":"debug","text":"JSHandle@symbol JSHandle@symbol \"Setting the current frame to 1674\" handle was cleared after 0ms"}
{"t":"2026-09-26T07:28:47.585Z","type":"debug","text":"JSHandle@symbol JSHandle@symbol \"Setting the current frame to 1675\" handle was cleared after 12ms"}
{"t":"2026-09-26T07:28:47.609Z","type":"debug","text":"JSHandle@symbol JSHandle@symbol \"Setting the current frame to 1676\" handle was cleared after 1ms"}
{"t":"2026-09-26T07:28:47.652Z","type":"debug","text":"JSHandle@symbol JSHandle@symbol \"Setting the current frame to 1677\" handle was cleared after 9ms"}
{"t":"2026-09-26T07:28:47.675Z","type":"debug","text":"JSHandle@symbol JSHandle@symbol \"Setting the current frame to 1678\" handle was cleared after 1ms"}
{"t":"2026-09-26T07:28:47.719Z","type":"debug","text":"JSHandle@symbol JSHandle@symbol \"Setting the current frame to 1679\" handle was cleared after 7ms"}
{"t":"2026-09-26T07:28:47.744Z","type":"debug","text":"JSHandle@symbol JSHandle@symbol \"Setting the current frame to 1680\" handle was cleared after 1ms"}
{"t":"2026-09-26T07:28:47.785Z","type":"debug","text":"JSHandle@symbol JSHandle@symbol \"Setting the current frame to 1681\" handle was cleared after 7ms"}
{"t":"2026-09-26T07:28:47.809Z","type":"debug","text":"JSHandle@symbol JSHandle@symbol \"Setting the current frame to 1682\" handle was cleared after 0ms"}
{"t":"2026-09-26T07:28:47.853Z","type":"debug","text":"JSHandle@symbol JSHandle@symbol \"Setting the current frame to 1683\" handle was cleared after 11ms"}
{"t":"2026-09-26T07:28:47.876Z","type":"debug","text":"JSHandle@symbol JSHandle@symbol \"Setting the current frame to 1684\" handle was cleared after 1ms"}
{"t":"2026-09-26T07:28:47.920Z","type":"debug","text":"JSHandle@symbol JSHandle@symbol \"Setting the current frame to 1685\" handle was cleared after 10ms"}
{"t":"2026-09-26T07:28:47.943Z","type":"debug","text":"JSHandle@symbol JSHandle@symbol \"Setting the current frame to 1686\" handle was cleared after 1ms"}
{"t":"2026-09-26T07:28:47.986Z","type":"debug","text":"JSHandle@symbol JSHandle@symbol \"Setting the current frame to 1687\" handle was cleared after 9ms"}
{"t":"2026-09-26T07:28:48.010Z","type":"debug","text":"JSHandle@symbol JSHandle@symbol \"Setting the current frame to 1688\" handle was cleared after 0ms"}
{"t":"2026-09-26T07:28:48.052Z","type":"debug","text":"JSHandle@symbol JSHandle@symbol \"Setting the current frame to 1689\" handle was cleared after 10ms"}
{"t":"2026-09-26T07:28:48.075Z","type":"debug","text":"JSHandle@symbol JSHandle@symbol \"Setting the current frame to 1690\" handle was cleared after 1ms"}
{"t":"2026-09-26T07:28:48.119Z","type":"debug","text":"JSHandle@symbol JSHandle@symbol \"Setting the current frame to 1691\" handle was cleared after 9ms"}
{"t":"2026-09-26T07:28:48.143Z","type":"debug","text":"JSHandle@symbol JSHandle@symbol \"Setting the current frame to 1692\" handle was cleared after 1ms"}
{"t":"2026-09-26T07:28:48.187Z","type":"debug","text":"JSHandle@symbol JSHandle@symbol \"Setting the current frame to 1693\" handle was cleared after 7ms"}
{"t":"2026-09-26T07:28:48.214Z","type":"debug","text":"JSHandle@symbol JSHandle@symbol \"Setting the current frame to 1694\" handle was cleared after 0ms"}
{"t":"2026-09-26T07:28:48.252Z","type":"debug","text":"JSHandle@symbol JSHandle@symbol \"Setting the current frame to 1695\" handle was cleared after 4ms"}
{"t":"2026-09-26T07:28:48.282Z","type":"debug","text":"JSHandle@symbol JSHandle@symbol \"Setting the current frame to 1696\" handle was cleared after 1ms"}
{"t":"2026-09-26T07:28:48.318Z","type":"debug","text":"JSHandle@symbol JSHandle@symbol \"Setting the current frame to 1697\" handle was cleared after 4ms"}
{"t":"2026-09-26T07:28:48.348Z","type":"debug","text":"JSHandle@symbol JSHandle@symbol \"Setting the current frame to 1698\" handle was cleared after 1ms"}
{"t":"2026-09-26T07:28:48.396Z","type":"debug","text":"JSHandle@symbol JSHandle@symbol \"Setting the current frame to 1699\" handle was cleared after 5ms"}
{"t":"2026-09-26T07:28:48.419Z","type":"debug","text":"JSHandle@symbol JSHandle@symbol \"Setting the current frame to 1700\" handle was cleared after 1ms"}
{"t":"2026-09-26T07:28:48.492Z","type":"debug","text":"JSHandle@symbol JSHandle@symbol \"Setting the current frame to 1701\" handle was cleared after 1ms"}
{"t":"2026-09-26T07:28:48.497Z","type":"debug","text":"JSHandle@symbol JSHandle@symbol \"Setting the current frame to 1702\" handle was cleared after 1ms"}
{"t":"2026-09-26T07:28:48.535Z","type":"debug","text":"JSHandle@symbol JSHandle@symbol \"Setting the current frame to 1703\" handle was cleared after 1ms"}
{"t":"2026-09-26T07:28:48.562Z","type":"debug","text":"JSHandle@symbol JSHandle@symbol \"Setting the current frame to 1704\" handle was cleared after 1ms"}
{"t":"2026-09-26T07:28:48.603Z","type":"debug","text":"JSHandle@symbol JSHandle@symbol \"Setting the current frame to 1705\" handle was cleared after 4ms"}
{"t":"2026-09-26T07:28:48.627Z","type":"debug","text":"JSHandle@symbol JSHandle@symbol \"Setting the current frame to 1706\" handle was cleared after 1ms"}
{"t":"2026-09-26T07:28:48.670Z","type":"debug","text":"JSHandle@symbol JSHandle@symbol \"Setting the current frame to 1707\" handle was cleared after 10ms"}
{"t":"2026-09-26T07:28:48.695Z","type":"debug","text":"JSHandle@symbol JSHandle@symbol \"Setting the current frame to 1708\" handle was cleared after 1ms"}
{"t":"2026-09-26T07:28:48.727Z","type":"debug","text":"JSHandle@symbol JSHandle@symbol \"Setting the current frame to 1709\" handle was cleared after 1ms"}
{"t":"2026-09-26T07:28:48.758Z","type":"debug","text":"JSHandle@symbol JSHandle@symbol \"Setting the current frame to 1710\" handle was cleared after 1ms"}
{"t":"2026-09-26T07:28:48.796Z","type":"debug","text":"JSHandle@symbol JSHandle@symbol \"Setting the current frame to 1711\" handle was cleared after 1ms"}
{"t":"2026-09-26T07:28:48.825Z","type":"debug","text":"JSHandle@symbol JSHandle@symbol \"Setting the current frame to 1712\" handle was cleared after 1ms"}
{"t":"2026-09-26T07:28:48.859Z","type":"debug","text":"JSHandle@symbol JSHandle@symbol \"Setting the current frame to 1713\" handle was cleared after 1ms"}
{"t":"2026-09-26T07:28:48.892Z","type":"debug","text":"JSHandle@symbol JSHandle@symbol \"Setting the current frame to 1714\" handle was cleared after 0ms"}
{"t":"2026-09-26T07:28:48.925Z","type":"debug","text":"JSHandle@symbol JSHandle@symbol \"Setting the current frame to 1715\" handle was cleared after 0ms"}
{"t":"2026-09-26T07:28:48.957Z","type":"debug","text":"JSHandle@symbol JSHandle@symbol \"Setting the current frame to 1716\" handle was cleared after 1ms"}
{"t":"2026-09-26T07:28:48.991Z","type":"debug","text":"JSHandle@symbol JSHandle@symbol \"Setting the current frame to 1717\" handle was cleared after 1ms"}
{"t":"2026-09-26T07:28:49.026Z","type":"debug","text":"JSHandle@symbol JSHandle@symbol \"Setting the current frame to 1718\" handle was cleared after 0ms"}
{"t":"2026-09-26T07:28:49.058Z","type":"debug","text":"JSHandle@symbol JSHandle@symbol \"Setting the current frame to 1719\" handle was cleared after 1ms"}
{"t":"2026-09-26T07:28:49.091Z","type":"debug","text":"JSHandle@symbol JSHandle@symbol \"Setting the current frame to 1720\" handle was cleared after 1ms"}
{"t":"2026-09-26T07:28:49.125Z","type":"debug","text":"JSHandle@symbol JSHandle@symbol \"Setting the current frame to 1721\" handle was cleared after 0ms"}
{"t":"2026-09-26T07:28:49.158Z","type":"debug","text":"JSHandle@symbol JSHandle@symbol \"Setting the current frame to 1722\" handle was cleared after 1ms"}
{"t":"2026-09-26T07:28:49.194Z","type":"debug","text":"JSHandle@symbol JSHandle@symbol \"Setting the current frame to 1723\" handle was cleared after 1ms"}
{"t":"2026-09-26T07:28:49.228Z","type":"debug","text":"JSHandle@symbol JSHandle@symbol \"Setting the current frame to 1724\" handle was cleared after 0ms"}
{"t":"2026-09-26T07:28:49.261Z","type":"debug","text":"JSHandle@symbol JSHandle@symbol \"Setting the current frame to 1725\" handle was cleared after 1ms"}
{"t":"2026-09-26T07:28:49.293Z","type":"debug","text":"JSHandle@symbol JSHandle@symbol \"Setting the current frame to 1726\" handle was cleared after 0ms"}
{"t":"2026-09-26T07:28:49.327Z","type":"debug","text":"JSHandle@symbol JSHandle@symbol \"Setting the current frame to 1727\" handle was cleared after 0ms"}
{"t":"2026-09-26T07:28:49.362Z","type":"debug","text":"JSHandle@symbol JSHandle@symbol \"Setting the current frame to 1728\" handle was cleared after 1ms"}
{"t":"2026-09-26T07:28:49.394Z","type":"debug","text":"JSHandle@symbol JSHandle@symbol \"Setting the current frame to 1729\" handle was cleared after 1ms"}
{"t":"2026-09-26T07:28:49.427Z","type":"debug","text":"JSHandle@symbol JSHandle@symbol \"Setting the current frame to 1730\" handle was cleared after 1ms"}
{"t":"2026-09-26T07:28:49.461Z","type":"debug","text":"JSHandle@symbol JSHandle@symbol \"Setting the current frame to 1731\" handle was cleared after 1ms"}
{"t":"2026-09-26T07:28:49.493Z","type":"debug","text":"JSHandle@symbol JSHandle@symbol \"Setting the current frame to 1732\" handle was cleared after 1ms"}
{"t":"2026-09-26T07:28:49.530Z","type":"debug","text":"JSHandle@symbol JSHandle@symbol \"Setting the current frame to 1733\" handle was cleared after 0ms"}
{"t":"2026-09-26T07:28:49.565Z","type":"debug","text":"JSHandle@symbol JSHandle@symbol \"Setting the current frame to 1734\" handle was cleared after 1ms"}
{"t":"2026-09-26T07:28:49.594Z","type":"debug","text":"JSHandle@symbol JSHandle@symbol \"Setting the current frame to 1735\" handle was cleared after 0ms"}
{"t":"2026-09-26T07:28:49.626Z","type":"debug","text":"JSHandle@symbol JSHandle@symbol \"Setting the current frame to 1736\" handle was cleared after 1ms"}
{"t":"2026-09-26T07:28:49.658Z","type":"debug","text":"JSHandle@symbol JSHandle@symbol \"Setting the current frame to 1737\" handle was cleared after 1ms"}
{"t":"2026-09-26T07:28:49.691Z","type":"debug","text":"JSHandle@symbol JSHandle@symbol \"Setting the current frame to 1738\" handle was cleared after 0ms"}
{"t":"2026-09-26T07:28:49.727Z","type":"debug","text":"JSHandle@symbol JSHandle@symbol \"Setting the current frame to 1739\" handle was cleared after 1ms"}
{"t":"2026-09-26T07:28:49.757Z","type":"debug","text":"JSHandle@symbol JSHandle@symbol \"Setting the current frame to 1740\" handle was cleared after 0ms"}
{"t":"2026-09-26T07:28:49.791Z","type":"debug","text":"JSHandle@symbol JSHandle@symbol \"Setting the current frame to 1741\" handle was cleared after 1ms"}
{"t":"2026-09-26T07:28:49.823Z","type":"debug","text":"JSHandle@symbol JSHandle@symbol \"Setting the current frame to 1742\" handle was cleared after 0ms"}
{"t":"2026-09-26T07:28:49.858Z","type":"debug","text":"JSHandle@symbol JSHandle@symbol \"Setting the current frame to 1743\" handle was cleared after 1ms"}
{"t":"2026-09-26T07:28:49.893Z","type":"debug","text":"JSHandle@symbol JSHandle@symbol \"Setting the current frame to 1744\" handle was cleared after 1ms"}
{"t":"2026-09-26T07:28:49.930Z","type":"debug","text":"JSHandle@symbol JSHandle@symbol \"Setting the current frame to 1745\" handle was cleared after 0ms"}
{"t":"2026-09-26T07:28:49.960Z","type":"debug","text":"JSHandle@symbol JSHandle@symbol \"Setting the current frame to 1746\" handle was cleared after 1ms"}
{"t":"2026-09-26T07:28:49.994Z","type":"debug","text":"JSHandle@symbol JSHandle@symbol \"Setting the current frame to 1747\" handle was cleared after 1ms"}
{"t":"2026-09-26T07:28:50.029Z","type":"debug","text":"JSHandle@symbol JSHandle@symbol \"Setting the current frame to 1748\" handle was cleared after 1ms"}
{"t":"2026-09-26T07:28:50.057Z","type":"debug","text":"JSHandle@symbol JSHandle@symbol \"Setting the current frame to 1749\" handle was cleared after 0ms"}
{"t":"2026-09-26T07:28:50.094Z","type":"debug","text":"JSHandle@symbol JSHandle@symbol \"Setting the current frame to 1750\" handle was cleared after 0ms"}
{"t":"2026-09-26T07:28:50.126Z","type":"debug","text":"JSHandle@symbol JSHandle@symbol \"Setting the current frame to 1751\" handle was cleared after 1ms"}
{"t":"2026-09-26T07:28:50.158Z","type":"debug","text":"JSHandle@symbol JSHandle@symbol \"Setting the current frame to 1752\" handle was cleared after 1ms"}
{"t":"2026-09-26T07:28:50.194Z","type":"debug","text":"JSHandle@symbol JSHandle@symbol \"Setting the current frame to 1753\" handle was cleared after 1ms"}
{"t":"2026-09-26T07:28:50.229Z","type":"debug","text":"JSHandle@symbol JSHandle@symbol \"Setting the current frame to 1754\" handle was cleared after 1ms"}
{"t":"2026-09-26T07:28:50.259Z","type":"debug","text":"JSHandle@symbol JSHandle@symbol \"Setting the current frame to 1755\" handle was cleared after 1ms"}
{"t":"2026-09-26T07:28:50.294Z","type":"debug","text":"JSHandle@symbol JSHandle@symbol \"Setting the current frame to 1756\" handle was cleared after 0ms"}
{"t":"2026-09-26T07:28:50.329Z","type":"debug","text":"JSHandle@symbol JSHandle@symbol \"Setting the current frame to 1757\" handle was cleared after 0ms"}
{"t":"2026-09-26T07:28:50.364Z","type":"debug","text":"JSHandle@symbol JSHandle@symbol \"Setting the current frame to 1758\" handle was cleared after 1ms"}
{"t":"2026-09-26T07:28:50.396Z","type":"debug","text":"JSHandle@symbol JSHandle@symbol \"Setting the current frame to 1759\" handle was cleared after 1ms"}
{"t":"2026-09-26T07:28:50.431Z","type":"debug","text":"JSHandle@symbol JSHandle@symbol \"Setting the current frame to 1760\" handle was cleared after 1ms"}
{"t":"2026-09-26T07:28:50.463Z","type":"debug","text":"JSHandle@symbol JSHandle@symbol \"Setting the current frame to 1761\" handle was cleared after 0ms"}
{"t":"2026-09-26T07:28:50.494Z","type":"debug","text":"JSHandle@symbol JSHandle@symbol \"Setting the current frame to 1762\" handle was cleared after 1ms"}
{"t":"2026-09-26T07:28:50.528Z","type":"debug","text":"JSHandle@symbol JSHandle@symbol \"Setting the current frame to 1763\" handle was cleared after 0ms"}
{"t":"2026-09-26T07:28:50.561Z","type":"debug","text":"JSHandle@symbol JSHandle@symbol \"Setting the current frame to 1764\" handle was cleared after 1ms"}
{"t":"2026-09-26T07:28:50.593Z","type":"debug","text":"JSHandle@symbol JSHandle@symbol \"Setting the current frame to 1765\" handle was cleared after 1ms"}
{"t":"2026-09-26T07:28:50.627Z","type":"debug","text":"JSHandle@symbol JSHandle@symbol \"Setting the current frame to 1766\" handle was cleared after 1ms"}
{"t":"2026-09-26T07:28:50.661Z","type":"debug","text":"JSHandle@symbol JSHandle@symbol \"Setting the current frame to 1767\" handle was cleared after 1ms"}
{"t":"2026-09-26T07:28:50.693Z","type":"debug","text":"JSHandle@symbol JSHandle@symbol \"Setting the current frame to 1768\" handle was cleared after 1ms"}
{"t":"2026-09-26T07:28:50.726Z","type":"debug","text":"JSHandle@symbol JSHandle@symbol \"Setting the current frame to 1769\" handle was cleared after 0ms"}
{"t":"2026-09-26T07:28:50.763Z","type":"debug","text":"JSHandle@symbol JSHandle@symbol \"Setting the current frame to 1770\" handle was cleared after 0ms"}
{"t":"2026-09-26T07:28:50.797Z","type":"debug","text":"JSHandle@symbol JSHandle@symbol \"Setting the current frame to 1771\" handle was cleared after 1ms"}
{"t":"2026-09-26T07:28:50.827Z","type":"debug","text":"JSHandle@symbol JSHandle@symbol \"Setting the current frame to 1772\" handle was cleared after 1ms"}
{"t":"2026-09-26T07:28:50.860Z","type":"debug","text":"JSHandle@symbol JSHandle@symbol \"Setting the current frame to 1773\" handle was cleared after 1ms"}
{"t":"2026-09-26T07:28:50.894Z","type":"debug","text":"JSHandle@symbol JSHandle@symbol \"Setting the current frame to 1774\" handle was cleared after 1ms"}
{"t":"2026-09-26T07:28:50.927Z","type":"debug","text":"JSHandle@symbol JSHandle@symbol \"Setting the current frame to 1775\" handle was cleared after 1ms"}
{"t":"2026-09-26T07:28:50.958Z","type":"debug","text":"JSHandle@symbol JSHandle@symbol \"Setting the current frame to 1776\" handle was cleared after 0ms"}
{"t":"2026-09-26T07:28:50.993Z","type":"debug","text":"JSHandle@symbol JSHandle@symbol \"Setting the current frame to 1777\" handle was cleared after 1ms"}
{"t":"2026-09-26T07:28:51.035Z","type":"debug","text":"JSHandle@symbol JSHandle@symbol \"Setting the current frame to 1778\" handle was cleared after 1ms"}
{"t":"2026-09-26T07:28:51.078Z","type":"debug","text":"JSHandle@symbol JSHandle@symbol \"Setting the current frame to 1779\" handle was cleared after 5ms"}
{"t":"2026-09-26T07:28:51.114Z","type":"debug","text":"JSHandle@symbol JSHandle@symbol \"Setting the current frame to 1780\" handle was cleared after 8ms"}
{"t":"2026-09-26T07:28:51.139Z","type":"debug","text":"JSHandle@symbol JSHandle@symbol \"Setting the current frame to 1781\" handle was cleared after 1ms"}
{"t":"2026-09-26T07:28:51.216Z","type":"debug","text":"JSHandle@symbol JSHandle@symbol \"Setting the current frame to 1782\" handle was cleared after 9ms"}
{"t":"2026-09-26T07:28:51.225Z","type":"debug","text":"JSHandle@symbol JSHandle@symbol \"Setting the current frame to 1783\" handle was cleared after 1ms"}
{"t":"2026-09-26T07:28:51.268Z","type":"debug","text":"JSHandle@symbol JSHandle@symbol \"Setting the current frame to 1784\" handle was cleared after 6ms"}
{"t":"2026-09-26T07:28:51.287Z","type":"debug","text":"JSHandle@symbol JSHandle@symbol \"Setting the current frame to 1785\" handle was cleared after 1ms"}
{"t":"2026-09-26T07:28:51.348Z","type":"debug","text":"JSHandle@symbol JSHandle@symbol \"Setting the current frame to 1786\" handle was cleared after 8ms"}
{"t":"2026-09-26T07:28:51.351Z","type":"debug","text":"JSHandle@symbol JSHandle@symbol \"Setting the current frame to 1787\" handle was cleared after 1ms"}
{"t":"2026-09-26T07:28:51.417Z","type":"debug","text":"JSHandle@symbol JSHandle@symbol \"Setting the current frame to 1788\" handle was cleared after 9ms"}
{"t":"2026-09-26T07:28:51.419Z","type":"debug","text":"JSHandle@symbol JSHandle@symbol \"Setting the current frame to 1789\" handle was cleared after 1ms"}
{"t":"2026-09-26T07:28:51.479Z","type":"debug","text":"JSHandle@symbol JSHandle@symbol \"Setting the current frame to 1790\" handle was cleared after 7ms"}
{"t":"2026-09-26T07:28:51.485Z","type":"debug","text":"JSHandle@symbol JSHandle@symbol \"Setting the current frame to 1791\" handle was cleared after 2ms"}
{"t":"2026-09-26T07:28:51.546Z","type":"debug","text":"JSHandle@symbol JSHandle@symbol \"Setting the current frame to 1792\" handle was cleared after 9ms"}
{"t":"2026-09-26T07:28:51.552Z","type":"debug","text":"JSHandle@symbol JSHandle@symbol \"Setting the current frame to 1793\" handle was cleared after 4ms"}
{"t":"2026-09-26T07:28:51.612Z","type":"debug","text":"JSHandle@symbol JSHandle@symbol \"Setting the current frame to 1794\" handle was cleared after 9ms"}
{"t":"2026-09-26T07:28:51.619Z","type":"debug","text":"JSHandle@symbol JSHandle@symbol \"Setting the current frame to 1795\" handle was cleared after 3ms"}
{"t":"2026-09-26T07:28:51.678Z","type":"debug","text":"JSHandle@symbol JSHandle@symbol \"Setting the current frame to 1796\" handle was cleared after 11ms"}
{"t":"2026-09-26T07:28:51.686Z","type":"debug","text":"JSHandle@symbol JSHandle@symbol \"Setting the current frame to 1797\" handle was cleared after 6ms"}
{"t":"2026-09-26T07:28:51.745Z","type":"debug","text":"JSHandle@symbol JSHandle@symbol \"Setting the current frame to 1798\" handle was cleared after 10ms"}
{"t":"2026-09-26T07:28:51.751Z","type":"debug","text":"JSHandle@symbol JSHandle@symbol \"Setting the current frame to 1799\" handle was cleared after 3ms"}
{"t":"2026-09-26T07:28:51.810Z","type":"debug","text":"JSHandle@symbol JSHandle@symbol \"Setting the current frame to 1800\" handle was cleared after 11ms"}
{"t":"2026-09-26T07:28:51.819Z","type":"debug","text":"JSHandle@symbol JSHandle@symbol \"Setting the current frame to 1801\" handle was cleared after 6ms"}
{"t":"2026-09-26T07:28:51.878Z","type":"debug","text":"JSHandle@symbol JSHandle@symbol \"Setting the current frame to 1802\" handle was cleared after 10ms"}
{"t":"2026-09-26T07:28:51.886Z","type":"debug","text":"JSHandle@symbol JSHandle@symbol \"Setting the current frame to 1803\" handle was cleared after 5ms"}
{"t":"2026-09-26T07:28:51.943Z","type":"debug","text":"JSHandle@symbol JSHandle@symbol \"Setting the current frame to 1804\" handle was cleared after 11ms"}
{"t":"2026-09-26T07:28:51.953Z","type":"debug","text":"JSHandle@symbol JSHandle@symbol \"Setting the current frame to 1805\" handle was cleared after 8ms"}
{"t":"2026-09-26T07:28:52.012Z","type":"debug","text":"JSHandle@symbol JSHandle@symbol \"Setting the current frame to 1806\" handle was cleared after 10ms"}
{"t":"2026-09-26T07:28:52.020Z","type":"debug","text":"JSHandle@symbol JSHandle@symbol \"Setting the current frame to 1807\" handle was cleared after 7ms"}
{"t":"2026-09-26T07:28:52.080Z","type":"debug","text":"JSHandle@symbol JSHandle@symbol \"Setting the current frame to 1808\" handle was cleared after 13ms"}
{"t":"2026-09-26T07:28:52.085Z","type":"debug","text":"JSHandle@symbol JSHandle@symbol \"Setting the current frame to 1809\" handle was cleared after 4ms"}
{"t":"2026-09-26T07:28:52.146Z","type":"debug","text":"JSHandle@symbol JSHandle@symbol \"Setting the current frame to 1810\" handle was cleared after 12ms"}
{"t":"2026-09-26T07:28:52.153Z","type":"debug","text":"JSHandle@symbol JSHandle@symbol \"Setting the current frame to 1811\" handle was cleared after 5ms"}
{"t":"2026-09-26T07:28:52.212Z","type":"debug","text":"JSHandle@symbol JSHandle@symbol \"Setting the current frame to 1812\" handle was cleared after 13ms"}
{"t":"2026-09-26T07:28:52.219Z","type":"debug","text":"JSHandle@symbol JSHandle@symbol \"Setting the current frame to 1813\" handle was cleared after 5ms"}
{"t":"2026-09-26T07:28:52.276Z","type":"debug","text":"JSHandle@symbol JSHandle@symbol \"Setting the current frame to 1814\" handle was cleared after 11ms"}
{"t":"2026-09-26T07:28:52.285Z","type":"debug","text":"JSHandle@symbol JSHandle@symbol \"Setting the current frame to 1815\" handle was cleared after 6ms"}
{"t":"2026-09-26T07:28:52.345Z","type":"debug","text":"JSHandle@symbol JSHandle@symbol \"Setting the current frame to 1816\" handle was cleared after 10ms"}
{"t":"2026-09-26T07:28:52.353Z","type":"debug","text":"JSHandle@symbol JSHandle@symbol \"Setting the current frame to 1817\" handle was cleared after 6ms"}
{"t":"2026-09-26T07:28:52.404Z","type":"debug","text":"JSHandle@symbol JSHandle@symbol \"Setting the current frame to 1818\" handle was cleared after 4ms"}
{"t":"2026-09-26T07:28:52.424Z","type":"debug","text":"JSHandle@symbol JSHandle@symbol \"Setting the current frame to 1819\" handle was cleared after 1ms"}
{"t":"2026-09-26T07:28:52.468Z","type":"debug","text":"JSHandle@symbol JSHandle@symbol \"Setting the current frame to 1820\" handle was cleared after 5ms"}
{"t":"2026-09-26T07:28:52.493Z","type":"debug","text":"JSHandle@symbol JSHandle@symbol \"Setting the current frame to 1821\" handle was cleared after 1ms"}
{"t":"2026-09-26T07:28:52.535Z","type":"debug","text":"JSHandle@symbol JSHandle@symbol \"Setting the current frame to 1822\" handle was cleared after 10ms"}
{"t":"2026-09-26T07:28:52.560Z","type":"debug","text":"JSHandle@symbol JSHandle@symbol \"Setting the current frame to 1823\" handle was cleared after 1ms"}
{"t":"2026-09-26T07:28:52.601Z","type":"debug","text":"JSHandle@symbol JSHandle@symbol \"Setting the current frame to 1824\" handle was cleared after 10ms"}
{"t":"2026-09-26T07:28:52.625Z","type":"debug","text":"JSHandle@symbol JSHandle@symbol \"Setting the current frame to 1825\" handle was cleared after 1ms"}
{"t":"2026-09-26T07:28:52.668Z","type":"debug","text":"JSHandle@symbol JSHandle@symbol \"Setting the current frame to 1826\" handle was cleared after 10ms"}
{"t":"2026-09-26T07:28:52.691Z","type":"debug","text":"JSHandle@symbol JSHandle@symbol \"Setting the current frame to 1827\" handle was cleared after 1ms"}
{"t":"2026-09-26T07:28:52.735Z","type":"debug","text":"JSHandle@symbol JSHandle@symbol \"Setting the current frame to 1828\" handle was cleared after 11ms"}
{"t":"2026-09-26T07:28:52.757Z","type":"debug","text":"JSHandle@symbol JSHandle@symbol \"Setting the current frame to 1829\" handle was cleared after 0ms"}
{"t":"2026-09-26T07:28:52.802Z","type":"debug","text":"JSHandle@symbol JSHandle@symbol \"Setting the current frame to 1830\" handle was cleared after 10ms"}
{"t":"2026-09-26T07:28:52.829Z","type":"debug","text":"JSHandle@symbol JSHandle@symbol \"Setting the current frame to 1831\" handle was cleared after 0ms"}
{"t":"2026-09-26T07:28:52.869Z","type":"debug","text":"JSHandle@symbol JSHandle@symbol \"Setting the current frame to 1832\" handle was cleared after 10ms"}
{"t":"2026-09-26T07:28:52.892Z","type":"debug","text":"JSHandle@symbol JSHandle@symbol \"Setting the current frame to 1833\" handle was cleared after 1ms"}
{"t":"2026-09-26T07:28:52.935Z","type":"debug","text":"JSHandle@symbol JSHandle@symbol \"Setting the current frame to 1834\" handle was cleared after 10ms"}
{"t":"2026-09-26T07:28:52.959Z","type":"debug","text":"JSHandle@symbol JSHandle@symbol \"Setting the current frame to 1835\" handle was cleared after 1ms"}
{"t":"2026-09-26T07:28:53.002Z","type":"debug","text":"JSHandle@symbol JSHandle@symbol \"Setting the current frame to 1836\" handle was cleared after 9ms"}
{"t":"2026-09-26T07:28:53.028Z","type":"debug","text":"JSHandle@symbol JSHandle@symbol \"Setting the current frame to 1837\" handle was cleared after 0ms"}
{"t":"2026-09-26T07:28:53.068Z","type":"debug","text":"JSHandle@symbol JSHandle@symbol \"Setting the current frame to 1838\" handle was cleared after 8ms"}
{"t":"2026-09-26T07:28:53.092Z","type":"debug","text":"JSHandle@symbol JSHandle@symbol \"Setting the current frame to 1839\" handle was cleared after 1ms"}
{"t":"2026-09-26T07:28:53.136Z","type":"debug","text":"JSHandle@symbol JSHandle@symbol \"Setting the current frame to 1840\" handle was cleared after 10ms"}
{"t":"2026-09-26T07:28:53.159Z","type":"debug","text":"JSHandle@symbol JSHandle@symbol \"Setting the current frame to 1841\" handle was cleared after 1ms"}
{"t":"2026-09-26T07:28:53.202Z","type":"debug","text":"JSHandle@symbol JSHandle@symbol \"Setting the current frame to 1842\" handle was cleared after 4ms"}
{"t":"2026-09-26T07:28:53.229Z","type":"debug","text":"JSHandle@symbol JSHandle@symbol \"Setting the current frame to 1843\" handle was cleared after 1ms"}
{"t":"2026-09-26T07:28:53.268Z","type":"debug","text":"JSHandle@symbol JSHandle@symbol \"Setting the current frame to 1844\" handle was cleared after 9ms"}
{"t":"2026-09-26T07:28:53.291Z","type":"debug","text":"JSHandle@symbol JSHandle@symbol \"Setting the current frame to 1845\" handle was cleared after 1ms"}
{"t":"2026-09-26T07:28:53.336Z","type":"debug","text":"JSHandle@symbol JSHandle@symbol \"Setting the current frame to 1846\" handle was cleared after 12ms"}
{"t":"2026-09-26T07:28:53.358Z","type":"debug","text":"JSHandle@symbol JSHandle@symbol \"Setting the current frame to 1847\" handle was cleared after 1ms"}
{"t":"2026-09-26T07:28:53.401Z","type":"debug","text":"JSHandle@symbol JSHandle@symbol \"Setting the current frame to 1848\" handle was cleared after 11ms"}
{"t":"2026-09-26T07:28:53.425Z","type":"debug","text":"JSHandle@symbol JSHandle@symbol \"Setting the current frame to 1849\" handle was cleared after 1ms"}
{"t":"2026-09-26T07:28:53.469Z","type":"debug","text":"JSHandle@symbol JSHandle@symbol \"Setting the current frame to 1850\" handle was cleared after 9ms"}
{"t":"2026-09-26T07:28:53.497Z","type":"debug","text":"JSHandle@symbol JSHandle@symbol \"Setting the current frame to 1851\" handle was cleared after 0ms"}
{"t":"2026-09-26T07:28:53.536Z","type":"debug","text":"JSHandle@symbol JSHandle@symbol \"Setting the current frame to 1852\" handle was cleared after 9ms"}
{"t":"2026-09-26T07:28:53.560Z","type":"debug","text":"JSHandle@symbol JSHandle@symbol \"Setting the current frame to 1853\" handle was cleared after 1ms"}
{"t":"2026-09-26T07:28:53.602Z","type":"debug","text":"JSHandle@symbol JSHandle@symbol \"Setting the current frame to 1854\" handle was cleared after 11ms"}
{"t":"2026-09-26T07:28:53.626Z","type":"debug","text":"JSHandle@symbol JSHandle@symbol \"Setting the current frame to 1855\" handle was cleared after 1ms"}
{"t":"2026-09-26T07:28:53.669Z","type":"debug","text":"JSHandle@symbol JSHandle@symbol \"Setting the current frame to 1856\" handle was cleared after 9ms"}
{"t":"2026-09-26T07:28:53.692Z","type":"debug","text":"JSHandle@symbol JSHandle@symbol \"Setting the current frame to 1857\" handle was cleared after 1ms"}
{"t":"2026-09-26T07:28:53.735Z","type":"debug","text":"JSHandle@symbol JSHandle@symbol \"Setting the current frame to 1858\" handle was cleared after 8ms"}
{"t":"2026-09-26T07:28:53.758Z","type":"debug","text":"JSHandle@symbol JSHandle@symbol \"Setting the current frame to 1859\" handle was cleared after 1ms"}
{"t":"2026-09-26T07:28:53.802Z","type":"debug","text":"JSHandle@symbol JSHandle@symbol \"Setting the current frame to 1860\" handle was cleared after 9ms"}
{"t":"2026-09-26T07:28:53.825Z","type":"debug","text":"JSHandle@symbol JSHandle@symbol \"Setting the current frame to 1861\" handle was cleared after 1ms"}
{"t":"2026-09-26T07:28:53.869Z","type":"debug","text":"JSHandle@symbol JSHandle@symbol \"Setting the current frame to 1862\" handle was cleared after 12ms"}
{"t":"2026-09-26T07:28:53.893Z","type":"debug","text":"JSHandle@symbol JSHandle@symbol \"Setting the current frame to 1863\" handle was cleared after 1ms"}
{"t":"2026-09-26T07:28:53.936Z","type":"debug","text":"JSHandle@symbol JSHandle@symbol \"Setting the current frame to 1864\" handle was cleared after 10ms"}
{"t":"2026-09-26T07:28:53.959Z","type":"debug","text":"JSHandle@symbol JSHandle@symbol \"Setting the current frame to 1865\" handle was cleared after 0ms"}
{"t":"2026-09-26T07:28:54.002Z","type":"debug","text":"JSHandle@symbol JSHandle@symbol \"Setting the current frame to 1866\" handle was cleared after 11ms"}
{"t":"2026-09-26T07:28:54.027Z","type":"debug","text":"JSHandle@symbol JSHandle@symbol \"Setting the current frame to 1867\" handle was cleared after 1ms"}
{"t":"2026-09-26T07:28:54.069Z","type":"debug","text":"JSHandle@symbol JSHandle@symbol \"Setting the current frame to 1868\" handle was cleared after 11ms"}
{"t":"2026-09-26T07:28:54.092Z","type":"debug","text":"JSHandle@symbol JSHandle@symbol \"Setting the current frame to 1869\" handle was cleared after 1ms"}
{"t":"2026-09-26T07:28:54.136Z","type":"debug","text":"JSHandle@symbol JSHandle@symbol \"Setting the current frame to 1870\" handle was cleared after 11ms"}
{"t":"2026-09-26T07:28:54.160Z","type":"debug","text":"JSHandle@symbol JSHandle@symbol \"Setting the current frame to 1871\" handle was cleared after 1ms"}
{"t":"2026-09-26T07:28:54.202Z","type":"debug","text":"JSHandle@symbol JSHandle@symbol \"Setting the current frame to 1872\" handle was cleared after 12ms"}
{"t":"2026-09-26T07:28:54.224Z","type":"debug","text":"JSHandle@symbol JSHandle@symbol \"Setting the current frame to 1873\" handle was cleared after 0ms"}
{"t":"2026-09-26T07:28:54.268Z","type":"debug","text":"JSHandle@symbol JSHandle@symbol \"Setting the current frame to 1874\" handle was cleared after 10ms"}
{"t":"2026-09-26T07:28:54.291Z","type":"debug","text":"JSHandle@symbol JSHandle@symbol \"Setting the current frame to 1875\" handle was cleared after 1ms"}
{"t":"2026-09-26T07:28:54.335Z","type":"debug","text":"JSHandle@symbol JSHandle@symbol \"Setting the current frame to 1876\" handle was cleared after 9ms"}
{"t":"2026-09-26T07:28:54.358Z","type":"debug","text":"JSHandle@symbol JSHandle@symbol \"Setting the current frame to 1877\" handle was cleared after 0ms"}
{"t":"2026-09-26T07:28:54.402Z","type":"debug","text":"JSHandle@symbol JSHandle@symbol \"Setting the current frame to 1878\" handle was cleared after 11ms"}
{"t":"2026-09-26T07:28:54.425Z","type":"debug","text":"JSHandle@symbol JSHandle@symbol \"Setting the current frame to 1879\" handle was cleared after 0ms"}
{"t":"2026-09-26T07:28:54.470Z","type":"debug","text":"JSHandle@symbol JSHandle@symbol \"Setting the current frame to 1880\" handle was cleared after 11ms"}
{"t":"2026-09-26T07:28:54.492Z","type":"debug","text":"JSHandle@symbol JSHandle@symbol \"Setting the current frame to 1881\" handle was cleared after 0ms"}
{"t":"2026-09-26T07:28:54.536Z","type":"debug","text":"JSHandle@symbol JSHandle@symbol \"Setting the current frame to 1882\" handle was cleared after 10ms"}
{"t":"2026-09-26T07:28:54.559Z","type":"debug","text":"JSHandle@symbol JSHandle@symbol \"Setting the current frame to 1883\" handle was cleared after 1ms"}
{"t":"2026-09-26T07:28:54.603Z","type":"debug","text":"JSHandle@symbol JSHandle@symbol \"Setting the current frame to 1884\" handle was cleared after 10ms"}
{"t":"2026-09-26T07:28:54.626Z","type":"debug","text":"JSHandle@symbol JSHandle@symbol \"Setting the current frame to 1885\" handle was cleared after 1ms"}
{"t":"2026-09-26T07:28:54.670Z","type":"debug","text":"JSHandle@symbol JSHandle@symbol \"Setting the current frame to 1886\" handle was cleared after 12ms"}
{"t":"2026-09-26T07:28:54.694Z","type":"debug","text":"JSHandle@symbol JSHandle@symbol \"Setting the current frame to 1887\" handle was cleared after 0ms"}
{"t":"2026-09-26T07:28:54.735Z","type":"debug","text":"JSHandle@symbol JSHandle@symbol \"Setting the current frame to 1888\" handle was cleared after 8ms"}
{"t":"2026-09-26T07:28:54.758Z","type":"debug","text":"JSHandle@symbol JSHandle@symbol \"Setting the current frame to 1889\" handle was cleared after 0ms"}
{"t":"2026-09-26T07:28:54.803Z","type":"debug","text":"JSHandle@symbol JSHandle@symbol \"Setting the current frame to 1890\" handle was cleared after 12ms"}
{"t":"2026-09-26T07:28:54.828Z","type":"debug","text":"JSHandle@symbol JSHandle@symbol \"Setting the current frame to 1891\" handle was cleared after 0ms"}
{"t":"2026-09-26T07:28:54.868Z","type":"debug","text":"JSHandle@symbol JSHandle@symbol \"Setting the current frame to 1892\" handle was cleared after 11ms"}
{"t":"2026-09-26T07:28:54.891Z","type":"debug","text":"JSHandle@symbol JSHandle@symbol \"Setting the current frame to 1893\" handle was cleared after 0ms"}
{"t":"2026-09-26T07:28:54.936Z","type":"debug","text":"JSHandle@symbol JSHandle@symbol \"Setting the current frame to 1894\" handle was cleared after 11ms"}
{"t":"2026-09-26T07:28:54.958Z","type":"debug","text":"JSHandle@symbol JSHandle@symbol \"Setting the current frame to 1895\" handle was cleared after 0ms"}
{"t":"2026-09-26T07:28:55.003Z","type":"debug","text":"JSHandle@symbol JSHandle@symbol \"Setting the current frame to 1896\" handle was cleared after 13ms"}
{"t":"2026-09-26T07:28:55.026Z","type":"debug","text":"JSHandle@symbol JSHandle@symbol \"Setting the current frame to 1897\" handle was cleared after 1ms"}
{"t":"2026-09-26T07:28:55.069Z","type":"debug","text":"JSHandle@symbol JSHandle@symbol \"Setting the current frame to 1898\" handle was cleared after 11ms"}
{"t":"2026-09-26T07:28:55.091Z","type":"debug","text":"JSHandle@symbol JSHandle@symbol \"Setting the current frame to 1899\" handle was cleared after 0ms"}
{"t":"2026-09-26T07:28:55.135Z","type":"debug","text":"JSHandle@symbol JSHandle@symbol \"Setting the current frame to 1900\" handle was cleared after 10ms"}
{"t":"2026-09-26T07:28:55.159Z","type":"debug","text":"JSHandle@symbol JSHandle@symbol \"Setting the current frame to 1901\" handle was cleared after 1ms"}
{"t":"2026-09-26T07:28:55.202Z","type":"debug","text":"JSHandle@symbol JSHandle@symbol \"Setting the current frame to 1902\" handle was cleared after 10ms"}
{"t":"2026-09-26T07:28:55.228Z","type":"debug","text":"JSHandle@symbol JSHandle@symbol \"Setting the current frame to 1903\" handle was cleared after 0ms"}
{"t":"2026-09-26T07:28:55.269Z","type":"debug","text":"JSHandle@symbol JSHandle@symbol \"Setting the current frame to 1904\" handle was cleared after 8ms"}
{"t":"2026-09-26T07:28:55.297Z","type":"debug","text":"JSHandle@symbol JSHandle@symbol \"Setting the current frame to 1905\" handle was cleared after 1ms"}
{"t":"2026-09-26T07:28:55.336Z","type":"debug","text":"JSHandle@symbol JSHandle@symbol \"Setting the current frame to 1906\" handle was cleared after 10ms"}
{"t":"2026-09-26T07:28:55.361Z","type":"debug","text":"JSHandle@symbol JSHandle@symbol \"Setting the current frame to 1907\" handle was cleared after 1ms"}
{"t":"2026-09-26T07:28:55.402Z","type":"debug","text":"JSHandle@symbol JSHandle@symbol \"Setting the current frame to 1908\" handle was cleared after 10ms"}
{"t":"2026-09-26T07:28:55.425Z","type":"debug","text":"JSHandle@symbol JSHandle@symbol \"Setting the current frame to 1909\" handle was cleared after 0ms"}
{"t":"2026-09-26T07:28:55.468Z","type":"debug","text":"JSHandle@symbol JSHandle@symbol \"Setting the current frame to 1910\" handle was cleared after 11ms"}
{"t":"2026-09-26T07:28:55.490Z","type":"debug","text":"JSHandle@symbol JSHandle@symbol \"Setting the current frame to 1911\" handle was cleared after 1ms"}
{"t":"2026-09-26T07:28:55.536Z","type":"debug","text":"JSHandle@symbol JSHandle@symbol \"Setting the current frame to 1912\" handle was cleared after 11ms"}
{"t":"2026-09-26T07:28:55.558Z","type":"debug","text":"JSHandle@symbol JSHandle@symbol \"Setting the current frame to 1913\" handle was cleared after 1ms"}
{"t":"2026-09-26T07:28:55.602Z","type":"debug","text":"JSHandle@symbol JSHandle@symbol \"Setting the current frame to 1914\" handle was cleared after 11ms"}
{"t":"2026-09-26T07:28:55.624Z","type":"debug","text":"JSHandle@symbol JSHandle@symbol \"Setting the current frame to 1915\" handle was cleared after 0ms"}
{"t":"2026-09-26T07:28:55.668Z","type":"debug","text":"JSHandle@symbol JSHandle@symbol \"Setting the current frame to 1916\" handle was cleared after 12ms"}
{"t":"2026-09-26T07:28:55.690Z","type":"debug","text":"JSHandle@symbol JSHandle@symbol \"Setting the current frame to 1917\" handle was cleared after 0ms"}
{"t":"2026-09-26T07:28:55.737Z","type":"debug","text":"JSHandle@symbol JSHandle@symbol \"Setting the current frame to 1918\" handle was cleared after 12ms"}
{"t":"2026-09-26T07:28:55.759Z","type":"debug","text":"JSHandle@symbol JSHandle@symbol \"Setting the current frame to 1919\" handle was cleared after 1ms"}
{"t":"2026-09-26T07:28:55.802Z","type":"debug","text":"JSHandle@symbol JSHandle@symbol \"Setting the current frame to 1920\" handle was cleared after 12ms"}
{"t":"2026-09-26T07:28:55.825Z","type":"debug","text":"JSHandle@symbol JSHandle@symbol \"Setting the current frame to 1921\" handle was cleared after 1ms"}
{"t":"2026-09-26T07:28:55.869Z","type":"debug","text":"JSHandle@symbol JSHandle@symbol \"Setting the current frame to 1922\" handle was cleared after 10ms"}
{"t":"2026-09-26T07:28:55.893Z","type":"debug","text":"JSHandle@symbol JSHandle@symbol \"Setting the current frame to 1923\" handle was cleared after 1ms"}
{"t":"2026-09-26T07:28:55.935Z","type":"debug","text":"JSHandle@symbol JSHandle@symbol \"Setting the current frame to 1924\" handle was cleared after 10ms"}
{"t":"2026-09-26T07:28:55.958Z","type":"debug","text":"JSHandle@symbol JSHandle@symbol \"Setting the current frame to 1925\" handle was cleared after 1ms"}
{"t":"2026-09-26T07:28:56.002Z","type":"debug","text":"JSHandle@symbol JSHandle@symbol \"Setting the current frame to 1926\" handle was cleared after 10ms"}
{"t":"2026-09-26T07:28:56.024Z","type":"debug","text":"JSHandle@symbol JSHandle@symbol \"Setting the current frame to 1927\" handle was cleared after 0ms"}
{"t":"2026-09-26T07:28:56.068Z","type":"debug","text":"JSHandle@symbol JSHandle@symbol \"Setting the current frame to 1928\" handle was cleared after 10ms"}
{"t":"2026-09-26T07:28:56.091Z","type":"debug","text":"JSHandle@symbol JSHandle@symbol \"Setting the current frame to 1929\" handle was cleared after 1ms"}
{"t":"2026-09-26T07:28:56.135Z","type":"debug","text":"JSHandle@symbol JSHandle@symbol \"Setting the current frame to 1930\" handle was cleared after 11ms"}
{"t":"2026-09-26T07:28:56.158Z","type":"debug","text":"JSHandle@symbol JSHandle@symbol \"Setting the current frame to 1931\" handle was cleared after 1ms"}
{"t":"2026-09-26T07:28:56.203Z","type":"debug","text":"JSHandle@symbol JSHandle@symbol \"Setting the current frame to 1932\" handle was cleared after 11ms"}
{"t":"2026-09-26T07:28:56.226Z","type":"debug","text":"JSHandle@symbol JSHandle@symbol \"Setting the current frame to 1933\" handle was cleared after 1ms"}
{"t":"2026-09-26T07:28:56.269Z","type":"debug","text":"JSHandle@symbol JSHandle@symbol \"Setting the current frame to 1934\" handle was cleared after 7ms"}
{"t":"2026-09-26T07:28:56.294Z","type":"debug","text":"JSHandle@symbol JSHandle@symbol \"Setting the current frame to 1935\" handle was cleared after 1ms"}
{"t":"2026-09-26T07:28:56.335Z","type":"debug","text":"JSHandle@symbol JSHandle@symbol \"Setting the current frame to 1936\" handle was cleared after 9ms"}
{"t":"2026-09-26T07:28:56.359Z","type":"debug","text":"JSHandle@symbol JSHandle@symbol \"Setting the current frame to 1937\" handle was cleared after 1ms"}
{"t":"2026-09-26T07:28:56.402Z","type":"debug","text":"JSHandle@symbol JSHandle@symbol \"Setting the current frame to 1938\" handle was cleared after 9ms"}
{"t":"2026-09-26T07:28:56.426Z","type":"debug","text":"JSHandle@symbol JSHandle@symbol \"Setting the current frame to 1939\" handle was cleared after 0ms"}
{"t":"2026-09-26T07:28:56.469Z","type":"debug","text":"JSHandle@symbol JSHandle@symbol \"Setting the current frame to 1940\" handle was cleared after 10ms"}
{"t":"2026-09-26T07:28:56.494Z","type":"debug","text":"JSHandle@symbol JSHandle@symbol \"Setting the current frame to 1941\" handle was cleared after 0ms"}
{"t":"2026-09-26T07:28:56.535Z","type":"debug","text":"JSHandle@symbol JSHandle@symbol \"Setting the current frame to 1942\" handle was cleared after 10ms"}
{"t":"2026-09-26T07:28:56.561Z","type":"debug","text":"JSHandle@symbol JSHandle@symbol \"Setting the current frame to 1943\" handle was cleared after 1ms"}
{"t":"2026-09-26T07:28:56.601Z","type":"debug","text":"JSHandle@symbol JSHandle@symbol \"Setting the current frame to 1944\" handle was cleared after 8ms"}
{"t":"2026-09-26T07:28:56.625Z","type":"debug","text":"JSHandle@symbol JSHandle@symbol \"Setting the current frame to 1945\" handle was cleared after 0ms"}
{"t":"2026-09-26T07:28:56.668Z","type":"debug","text":"JSHandle@symbol JSHandle@symbol \"Setting the current frame to 1946\" handle was cleared after 9ms"}
{"t":"2026-09-26T07:28:56.691Z","type":"debug","text":"JSHandle@symbol JSHandle@symbol \"Setting the current frame to 1947\" handle was cleared after 0ms"}
{"t":"2026-09-26T07:28:56.735Z","type":"debug","text":"JSHandle@symbol JSHandle@symbol \"Setting the current frame to 1948\" handle was cleared after 8ms"}
{"t":"2026-09-26T07:28:56.759Z","type":"debug","text":"JSHandle@symbol JSHandle@symbol \"Setting the current frame to 1949\" handle was cleared after 0ms"}
{"t":"2026-09-26T07:28:56.801Z","type":"debug","text":"JSHandle@symbol JSHandle@symbol \"Setting the current frame to 1950\" handle was cleared after 9ms"}
{"t":"2026-09-26T07:28:56.824Z","type":"debug","text":"JSHandle@symbol JSHandle@symbol \"Setting the current frame to 1951\" handle was cleared after 0ms"}
{"t":"2026-09-26T07:28:56.870Z","type":"debug","text":"JSHandle@symbol JSHandle@symbol \"Setting the current frame to 1952\" handle was cleared after 10ms"}
{"t":"2026-09-26T07:28:56.893Z","type":"debug","text":"JSHandle@symbol JSHandle@symbol \"Setting the current frame to 1953\" handle was cleared after 0ms"}
{"t":"2026-09-26T07:28:56.935Z","type":"debug","text":"JSHandle@symbol JSHandle@symbol \"Setting the current frame to 1954\" handle was cleared after 11ms"}
{"t":"2026-09-26T07:28:56.959Z","type":"debug","text":"JSHandle@symbol JSHandle@symbol \"Setting the current frame to 1955\" handle was cleared after 0ms"}
{"t":"2026-09-26T07:28:57.003Z","type":"debug","text":"JSHandle@symbol JSHandle@symbol \"Setting the current frame to 1956\" handle was cleared after 13ms"}
{"t":"2026-09-26T07:28:57.030Z","type":"debug","text":"JSHandle@symbol JSHandle@symbol \"Setting the current frame to 1957\" handle was cleared after 0ms"}
{"t":"2026-09-26T07:28:57.068Z","type":"debug","text":"JSHandle@symbol JSHandle@symbol \"Setting the current frame to 1958\" handle was cleared after 9ms"}
{"t":"2026-09-26T07:28:57.092Z","type":"debug","text":"JSHandle@symbol JSHandle@symbol \"Setting the current frame to 1959\" handle was cleared after 1ms"}
